{
    "status": 1,
    "data": [
        {
            "author": "宾路易师母",
            "user_img": "http://www.tingdao.org/Public/Images/Admin/Upload/15566424925cc87abc5ccac.jpg",
            "number": "6",
            "zjl": "44030",
            "lxid": "1"
        }
    ],
    "list": [
        {
            "img_url": "https://www.tingdao.org/Public/Images/Admin/Upload/602e1779cd4b8.jpg",
            "title": "默想约伯记-生命的成熟（宾路易师母）",
            "add_time": "2021-02-18 15:27:35",
            "zjid": "1465",
            "number": "5",
            "zjl": "8765",
            "is_down": 0
        },
        {
            "img_url": "https://www.tingdao.org/Public/Images/Admin/Upload/5f428b2868b1b.jpg",
            "title": "十字架：信心的试金石（宾路易师母）",
            "add_time": "2020-08-23 23:28:22",
            "zjid": "1293",
            "number": "6",
            "zjl": "7137",
            "is_down": 0
        },
        {
            "img_url": "https://www.tingdao.org/Public/Images/Admin/Upload/15956784715f1c1f07d512b.jpg",
            "title": "隐藏的泉源（宾路易师母）",
            "add_time": "2020-07-25 19:59:55",
            "zjid": "1271",
            "number": "24",
            "zjl": "4861",
            "is_down": 0
        },
        {
            "img_url": "https://www.tingdao.org/Public/Images/Admin/Upload/60a1391f9e14b.jpg",
            "title": "各各他的十字架（宾路易师母）",
            "add_time": "2020-05-04 04:28:57",
            "zjid": "1224",
            "number": "14",
            "zjl": "7284",
            "is_down": 0
        },
        {
            "img_url": "http://www.tingdao.org/Public/Images/Admin/Upload/15566615205cc8c510050b6.jpg",
            "title": "众圣徒的争战（宾路易师母）",
            "add_time": "2019-05-01 00:33:16",
            "zjid": "771",
            "number": "16",
            "zjl": "8719",
            "is_down": 0
        },
        {
            "img_url": "http://www.tingdao.org/Public/Images/Admin/Upload/15567194655cc9a76911d4c.jpg",
            "title": "魂与灵（宾路易师母）",
            "add_time": "2019-05-01 21:55:02",
            "zjid": "780",
            "number": "10",
            "zjl": "7264",
            "is_down": 0
        }
    ],
    "dyzt": 0,
    "authortime": [
        {
            "add_time": "2019"
        },
        {
            "add_time": "2020"
        },
        {
            "add_time": "2021"
        }
    ],
    "tags": []
}