{
    "status": 1,
    "data": [
        {
            "author": "吴浩",
            "user_img": "http://www.tingdao.org/Public/Images/Admin/Upload/15469532315c34a20fef0b7.jpg",
            "number": "7",
            "zjl": "26404",
            "lxid": "1"
        }
    ],
    "list": [
        {
            "img_url": "http://www.tingdao.org/Public/Images/Admin/Upload/15638303895d362875d4319.jpg",
            "title": "2019年07月 事奉交通-神的家中如何行（吴浩）",
            "add_time": "2019-07-23 05:12:47",
            "zjid": "940",
            "number": "14",
            "zjl": "5906",
            "is_down": 0
        },
        {
            "img_url": "http://www.tingdao.org/Public/Images/Admin/Upload/15559681765cbe30b0283d7.jpg",
            "title": "2018年10月 天路历程-从六卷看生命历程（吴浩）",
            "add_time": "2018-10-01 00:00:00",
            "zjid": "743",
            "number": "10",
            "zjl": "3921",
            "is_down": 0
        },
        {
            "img_url": "http://www.tingdao.org/Public/Images/Admin/Upload/15536414285c9aafd4d4419.jpg",
            "title": "2019年3月15-17日 生命的道路（吴浩）",
            "add_time": "2019-03-15 07:02:37",
            "zjid": "627",
            "number": "11",
            "zjl": "6705",
            "is_down": 0
        },
        {
            "img_url": "http://www.tingdao.org/Public/Images/Admin/Upload/15756438785dea6ae6c0d16.jpg",
            "title": "2017年10月：倪柝声诗歌专场",
            "add_time": "2017-10-01 00:00:00",
            "zjid": "517",
            "number": "5",
            "zjl": "2456",
            "is_down": 0
        },
        {
            "img_url": "http://www.tingdao.org/Public/Images/Admin/Upload/15756439155dea6b0b01da3.jpg",
            "title": "2019年1月 抛锚于无限--和受恩诗歌专场",
            "add_time": "2019-02-16 22:16:12",
            "zjid": "500",
            "number": "5",
            "zjl": "1606",
            "is_down": 0
        },
        {
            "img_url": "http://www.tingdao.org/Public/Images/Admin/Upload/15505964675c6c39733520c.jpg",
            "title": "2019年01月27日 门徒信息（吴浩）",
            "add_time": "2019-01-27 00:00:00",
            "zjid": "499",
            "number": "4",
            "zjl": "2706",
            "is_down": 0
        },
        {
            "img_url": "http://www.tingdao.org/Public/Images/Admin/Upload/15469532935c34a24d3fd4b.jpg",
            "title": "2018年12月 歌罗西书-超越的基督（吴浩）",
            "add_time": "2018-12-30 00:00:00",
            "zjid": "491",
            "number": "3",
            "zjl": "3104",
            "is_down": 0
        }
    ],
    "dyzt": 0,
    "authortime": [
        {
            "add_time": "2018"
        },
        {
            "add_time": "2019"
        },
        {
            "add_time": "2017"
        }
    ],
    "tags": [
        {
            "title": "圣经经卷详解",
            "id": "5"
        }
    ]
}