{
    "status": 1,
    "data": [
        {
            "author": "提姆·凯乐",
            "user_img": "https://www.tingdao.org/Public/Images/Admin/Upload/60a88c1bb7406.jpg",
            "number": "8",
            "zjl": "30155",
            "lxid": "1"
        }
    ],
    "list": [
        {
            "img_url": "https://www.tingdao.org/Public/Images/Admin/Upload/6178fb43e1b04.jpg",
            "title": "2014年 恩典城市大会：福音的国度，恩典的城市（提姆·凯乐）",
            "add_time": "2021-10-27 15:09:33",
            "zjid": "1631",
            "number": "6",
            "zjl": "2773",
            "is_down": 0
        },
        {
            "img_url": "https://www.tingdao.org/Public/Images/Admin/Upload/6178d04d5af1d.jpg",
            "title": "被钉十架的王（提姆·凯乐）",
            "add_time": "2021-10-27 12:03:39",
            "zjid": "1630",
            "number": "21",
            "zjl": "4036",
            "is_down": 0
        },
        {
            "img_url": "https://www.tingdao.org/Public/Images/Admin/Upload/60cc328960e58.jpg",
            "title": "工作的意义（提姆·凯乐）",
            "add_time": "2021-06-18 13:42:59",
            "zjid": "1541",
            "number": "46",
            "zjl": "3674",
            "is_down": 0
        },
        {
            "img_url": "https://www.tingdao.org/Public/Images/Admin/Upload/60cc253ae015f.jpg",
            "title": "忘我的自由（提姆·凯乐）",
            "add_time": "2021-06-18 12:44:55",
            "zjid": "1540",
            "number": "7",
            "zjl": "2874",
            "is_down": 0
        },
        {
            "img_url": "https://www.tingdao.org/Public/Images/Admin/Upload/60cc21b1b9b4f.jpg",
            "title": "婚姻的意义（提姆·凯乐）",
            "add_time": "2021-06-18 12:31:05",
            "zjid": "1539",
            "number": "60",
            "zjl": "7264",
            "is_down": 0
        },
        {
            "img_url": "https://www.tingdao.org/Public/Images/Admin/Upload/60a89beb423ef.jpg",
            "title": "为何是祂？（提姆·凯乐）",
            "add_time": "2021-05-22 13:50:10",
            "zjid": "1511",
            "number": "49",
            "zjl": "2930",
            "is_down": 0
        },
        {
            "img_url": "https://www.tingdao.org/Public/Images/Admin/Upload/60a88cbcc7a3d.jpg",
            "title": "一掷千金的上帝（ 提姆·凯乐）",
            "add_time": "2021-05-22 12:45:55",
            "zjid": "1510",
            "number": "8",
            "zjl": "2729",
            "is_down": 0
        },
        {
            "img_url": "https://www.tingdao.org/Public/Images/Admin/Upload/60a88c2e23e38.jpg",
            "title": "诸神的面具（ 提姆·凯乐）",
            "add_time": "2021-05-22 12:42:11",
            "zjid": "1509",
            "number": "16",
            "zjl": "3875",
            "is_down": 0
        }
    ],
    "dyzt": 0,
    "authortime": [
        {
            "add_time": "2021"
        }
    ],
    "tags": []
}