{
    "status": 1,
    "data": [
        {
            "author": "林道亮",
            "user_img": "http://www.tingdao.org/Public/Images/Admin/Upload/15584785885ce47efc1c204.jpg",
            "number": "40",
            "zjl": "59466",
            "lxid": "1"
        }
    ],
    "list": [
        {
            "img_url": "http://www.tingdao.org/Public/Images/Admin/Upload/15664020285d5d65ecd4055.jpg",
            "title": "认识主（林道亮)",
            "add_time": "2019-08-21 23:39:50",
            "zjid": "968",
            "number": "3",
            "zjl": "1564",
            "is_down": 0
        },
        {
            "img_url": "http://www.tingdao.org/Public/Images/Admin/Upload/15664014605d5d63b425255.jpg",
            "title": "基督徒的盼望和争战（林道亮）",
            "add_time": "2019-08-21 23:30:21",
            "zjid": "967",
            "number": "2",
            "zjl": "2168",
            "is_down": 0
        },
        {
            "img_url": "http://www.tingdao.org/Public/Images/Admin/Upload/15664009955d5d61e3a8dd3.jpg",
            "title": "国度（林道亮）",
            "add_time": "2019-08-21 23:22:44",
            "zjid": "966",
            "number": "2",
            "zjl": "2736",
            "is_down": 0
        },
        {
            "img_url": "http://www.tingdao.org/Public/Images/Admin/Upload/15663975185d5d544e08ee3.jpg",
            "title": "我们是谁？（林道亮）",
            "add_time": "2019-08-21 22:24:23",
            "zjid": "965",
            "number": "2",
            "zjl": "701",
            "is_down": 0
        },
        {
            "img_url": "http://www.tingdao.org/Public/Images/Admin/Upload/15663368855d5c6775d2dc8.jpg",
            "title": "国度与事奉（林道亮）",
            "add_time": "2019-08-21 05:33:05",
            "zjid": "964",
            "number": "8",
            "zjl": "721",
            "is_down": 0
        },
        {
            "img_url": "http://www.tingdao.org/Public/Images/Admin/Upload/15663357945d5c6332c2876.jpg",
            "title": "祷告（林道亮）",
            "add_time": "2019-08-21 05:15:07",
            "zjid": "963",
            "number": "3",
            "zjl": "1067",
            "is_down": 0
        },
        {
            "img_url": "http://www.tingdao.org/Public/Images/Admin/Upload/15663344235d5c5dd72388c.jpg",
            "title": "解经法（林道亮）",
            "add_time": "2019-08-21 04:52:21",
            "zjid": "962",
            "number": "7",
            "zjl": "746",
            "is_down": 0
        },
        {
            "img_url": "http://www.tingdao.org/Public/Images/Admin/Upload/15663340825d5c5c8234bae.jpg",
            "title": "解经要诀（林道亮）",
            "add_time": "2019-08-21 04:47:08",
            "zjid": "961",
            "number": "3",
            "zjl": "562",
            "is_down": 0
        },
        {
            "img_url": "http://www.tingdao.org/Public/Images/Admin/Upload/15663337495d5c5b35c1156.jpg",
            "title": "属灵的争战（林道亮）",
            "add_time": "2019-08-21 04:41:12",
            "zjid": "960",
            "number": "5",
            "zjl": "782",
            "is_down": 0
        },
        {
            "img_url": "http://www.tingdao.org/Public/Images/Admin/Upload/15663102465d5bff66502ab.jpg",
            "title": "从灵洗到满有圣灵（林道亮）",
            "add_time": "2019-08-20 22:06:47",
            "zjid": "959",
            "number": "4",
            "zjl": "648",
            "is_down": 0
        },
        {
            "img_url": "http://www.tingdao.org/Public/Images/Admin/Upload/15662481575d5b0cdd7cdcc.jpg",
            "title": "神国降临（林道亮）",
            "add_time": "2019-08-20 04:55:01",
            "zjid": "958",
            "number": "3",
            "zjl": "1356",
            "is_down": 0
        },
        {
            "img_url": "http://www.tingdao.org/Public/Images/Admin/Upload/15661645885d59c66c31043.jpg",
            "title": "得救的真理 II（林道亮)",
            "add_time": "2019-08-19 05:42:34",
            "zjid": "956",
            "number": "5",
            "zjl": "933",
            "is_down": 0
        },
        {
            "img_url": "http://www.tingdao.org/Public/Images/Admin/Upload/15661638185d59c36aacb69.jpg",
            "title": "儆醒等候（林道亮）",
            "add_time": "2019-08-19 05:27:33",
            "zjid": "955",
            "number": "2",
            "zjl": "384",
            "is_down": 0
        },
        {
            "img_url": "http://www.tingdao.org/Public/Images/Admin/Upload/15604445795d027ea34eaf6.jpg",
            "title": "灵命进深（林道亮）",
            "add_time": "2019-06-06 00:48:05",
            "zjid": "860",
            "number": "9",
            "zjl": "662",
            "is_down": 0
        },
        {
            "img_url": "http://www.tingdao.org/Public/Images/Admin/Upload/15604444735d027e39281cf.jpg",
            "title": "灵修生活（林道亮）",
            "add_time": "2019-06-06 00:47:09",
            "zjid": "859",
            "number": "2",
            "zjl": "1038",
            "is_down": 0
        },
        {
            "img_url": "http://www.tingdao.org/Public/Images/Admin/Upload/15604443955d027debb4fae.jpg",
            "title": "圣经神学（林道亮）",
            "add_time": "2019-06-06 00:45:30",
            "zjid": "858",
            "number": "2",
            "zjl": "371",
            "is_down": 0
        },
        {
            "img_url": "http://www.tingdao.org/Public/Images/Admin/Upload/15604442805d027d7836eb6.jpg",
            "title": "为什么要信耶稣（林道亮）",
            "add_time": "2019-06-06 00:43:13",
            "zjid": "857",
            "number": "2",
            "zjl": "2974",
            "is_down": 0
        },
        {
            "img_url": "http://www.tingdao.org/Public/Images/Admin/Upload/15604441745d027d0eb3281.jpg",
            "title": "读经示范（林道亮）",
            "add_time": "2019-06-06 00:40:03",
            "zjid": "856",
            "number": "2",
            "zjl": "587",
            "is_down": 0
        },
        {
            "img_url": "http://www.tingdao.org/Public/Images/Admin/Upload/15599450845cfadf7c37098.jpg",
            "title": "心窍的功用（林道亮）",
            "add_time": "2019-06-05 06:03:19",
            "zjid": "854",
            "number": "2",
            "zjl": "387",
            "is_down": 0
        },
        {
            "img_url": "http://www.tingdao.org/Public/Images/Admin/Upload/15599427265cfad64667879.jpg",
            "title": "如何读旧约（林道亮）",
            "add_time": "2019-05-27 00:00:00",
            "zjid": "852",
            "number": "5",
            "zjl": "514",
            "is_down": 0
        },
        {
            "img_url": "http://www.tingdao.org/Public/Images/Admin/Upload/15599262355cfa95db46b18.jpg",
            "title": "国度系列讲道（林道亮）",
            "add_time": "2019-05-28 00:00:00",
            "zjid": "851",
            "number": "8",
            "zjl": "1317",
            "is_down": 0
        },
        {
            "img_url": "http://www.tingdao.org/Public/Images/Admin/Upload/15599256975cfa93c1e0dcb.jpg",
            "title": "释经学（林道亮）",
            "add_time": "2019-05-28 00:00:00",
            "zjid": "850",
            "number": "15",
            "zjl": "382",
            "is_down": 0
        },
        {
            "img_url": "http://www.tingdao.org/Public/Images/Admin/Upload/15599252925cfa922c48565.jpg",
            "title": "怎样为主发光（林道亮）",
            "add_time": "2019-05-28 00:00:00",
            "zjid": "849",
            "number": "8",
            "zjl": "336",
            "is_down": 0
        },
        {
            "img_url": "http://www.tingdao.org/Public/Images/Admin/Upload/15599248235cfa9057b7909.jpg",
            "title": "教会增长秘诀（林道亮）",
            "add_time": "2019-05-28 00:00:00",
            "zjid": "848",
            "number": "2",
            "zjl": "284",
            "is_down": 0
        },
        {
            "img_url": "http://www.tingdao.org/Public/Images/Admin/Upload/15599247015cfa8fddc4478.jpg",
            "title": "大学之道（林道亮）",
            "add_time": "2019-05-28 00:00:00",
            "zjid": "847",
            "number": "3",
            "zjl": "258",
            "is_down": 0
        },
        {
            "img_url": "http://www.tingdao.org/Public/Images/Admin/Upload/15587285895ce84f8db1b9d.jpg",
            "title": "信徒的条件（林道亮）",
            "add_time": "2019-05-25 04:08:51",
            "zjid": "844",
            "number": "2",
            "zjl": "300",
            "is_down": 0
        },
        {
            "img_url": "http://www.tingdao.org/Public/Images/Admin/Upload/15587283755ce84eb7b3c9b.jpg",
            "title": "要良善要忠心（林道亮）",
            "add_time": "2019-05-25 04:05:41",
            "zjid": "843",
            "number": "1",
            "zjl": "798",
            "is_down": 0
        },
        {
            "img_url": "http://www.tingdao.org/Public/Images/Admin/Upload/15587281705ce84deaee328.jpg",
            "title": "认识真神（林道亮）",
            "add_time": "2019-05-25 04:01:32",
            "zjid": "842",
            "number": "2",
            "zjl": "961",
            "is_down": 0
        },
        {
            "img_url": "http://www.tingdao.org/Public/Images/Admin/Upload/15587278615ce84cb531f8e.jpg",
            "title": "罪的本质（林道亮）",
            "add_time": "2019-05-25 03:57:11",
            "zjid": "841",
            "number": "2",
            "zjl": "1078",
            "is_down": 0
        },
        {
            "img_url": "http://www.tingdao.org/Public/Images/Admin/Upload/15587275345ce84b6eea5ea.jpg",
            "title": "培灵（林道亮）",
            "add_time": "2019-05-25 03:51:52",
            "zjid": "840",
            "number": "3",
            "zjl": "360",
            "is_down": 0
        },
        {
            "img_url": "http://www.tingdao.org/Public/Images/Admin/Upload/15586493355ce719f768744.jpg",
            "title": "教会怎样成长（林道亮）",
            "add_time": "2019-05-24 06:07:12",
            "zjid": "839",
            "number": "2",
            "zjl": "298",
            "is_down": 0
        },
        {
            "img_url": "http://www.tingdao.org/Public/Images/Admin/Upload/15586285815ce6c8e55685e.jpg",
            "title": "得救的真理（林道亮）",
            "add_time": "2019-05-24 00:22:33",
            "zjid": "832",
            "number": "10",
            "zjl": "1335",
            "is_down": 0
        },
        {
            "img_url": "http://www.tingdao.org/Public/Images/Admin/Upload/15586482175ce715997cb83.jpg",
            "title": "要逃掉这些事（林道亮）",
            "add_time": "2019-05-24 05:48:07",
            "zjid": "837",
            "number": "1",
            "zjl": "465",
            "is_down": 0
        },
        {
            "img_url": "http://www.tingdao.org/Public/Images/Admin/Upload/15586479895ce714b5c0f9c.jpg",
            "title": "我们如何与主同行（林道亮）",
            "add_time": "2019-05-24 05:44:54",
            "zjid": "836",
            "number": "1",
            "zjl": "299",
            "is_down": 0
        },
        {
            "img_url": "http://www.tingdao.org/Public/Images/Admin/Upload/15586477735ce713dd541b2.jpg",
            "title": "进窄门，走小路，承受永生（林道亮）",
            "add_time": "2019-05-24 05:40:49",
            "zjid": "835",
            "number": "2",
            "zjl": "420",
            "is_down": 0
        },
        {
            "img_url": "http://www.tingdao.org/Public/Images/Admin/Upload/15586474265ce71282bfc20.jpg",
            "title": "医治疾病（林道亮）",
            "add_time": "2019-05-24 05:35:05",
            "zjid": "834",
            "number": "1",
            "zjl": "391",
            "is_down": 0
        },
        {
            "img_url": "http://www.tingdao.org/Public/Images/Admin/Upload/15586311815ce6d30d7ce53.jpg",
            "title": "国度与操练（林道亮）",
            "add_time": "2019-08-19 00:00:00",
            "zjid": "833",
            "number": "8",
            "zjl": "1013",
            "is_down": 0
        },
        {
            "img_url": "http://www.tingdao.org/Public/Images/Admin/Upload/15586487185ce7178ea6e78.jpg",
            "title": "得救，得胜，得赏（林道亮）",
            "add_time": "2019-05-24 05:57:00",
            "zjid": "838",
            "number": "6",
            "zjl": "540",
            "is_down": 0
        },
        {
            "img_url": "http://www.tingdao.org/Public/Images/Admin/Upload/15586281575ce6c73d73c2d.jpg",
            "title": "问题解答（林道亮）",
            "add_time": "2019-05-24 00:15:27",
            "zjid": "831",
            "number": "2",
            "zjl": "4077",
            "is_down": 0
        },
        {
            "img_url": "https://www.tingdao.org/Public/Images/Admin/Upload/6122edb2a139a.jpg",
            "title": "林道亮弟兄单独一堂讲道集",
            "add_time": "2019-06-06 18:54:24",
            "zjid": "830",
            "number": "35",
            "zjl": "23653",
            "is_down": 0
        }
    ],
    "dyzt": 0,
    "authortime": [
        {
            "add_time": "2019"
        }
    ],
    "tags": [
        {
            "title": "单独一堂讲道系列",
            "id": "6"
        },
        {
            "title": "教会的道路",
            "id": "11"
        }
    ]
}