{
    "status": 1,
    "data": [
        {
            "author": "派罗",
            "user_img": "https://www.tingdao.org/Public/Images/Admin/Upload/60fa42043f1ff.jpg",
            "number": "7",
            "zjl": "9871",
            "lxid": "1"
        }
    ],
    "list": [
        {
            "img_url": "https://www.tingdao.org/Public/Images/Admin/Upload/60fa89b7e8216.jpg",
            "title": "忠心（派罗）",
            "add_time": "2021-07-23 17:19:02",
            "zjid": "1564",
            "number": "7",
            "zjl": "2227",
            "is_down": 0
        },
        {
            "img_url": "https://www.tingdao.org/Public/Images/Admin/Upload/60fa87fd2d978.jpg",
            "title": "操控 — 如何回应别人的掌控",
            "add_time": "2021-07-23 17:11:17",
            "zjid": "1563",
            "number": "5",
            "zjl": "1512",
            "is_down": 0
        },
        {
            "img_url": "https://www.tingdao.org/Public/Images/Admin/Upload/60fa8560c4050.jpg",
            "title": "苦毒-污染之源（派罗）",
            "add_time": "2021-07-23 16:59:56",
            "zjid": "1562",
            "number": "16",
            "zjl": "1504",
            "is_down": 0
        },
        {
            "img_url": "https://www.tingdao.org/Public/Images/Admin/Upload/60fa4870ec179.jpg",
            "title": "评断（派罗）",
            "add_time": "2021-07-23 12:40:03",
            "zjid": "1561",
            "number": "7",
            "zjl": "546",
            "is_down": 0
        },
        {
            "img_url": "https://www.tingdao.org/Public/Images/Admin/Upload/60fa4649f02c8.jpg",
            "title": "自私-从爱自己到爱邻舍（派罗）",
            "add_time": "2021-07-23 12:31:02",
            "zjid": "1560",
            "number": "8",
            "zjl": "939",
            "is_down": 0
        },
        {
            "img_url": "https://www.tingdao.org/Public/Images/Admin/Upload/60fa4489153e5.jpg",
            "title": "欺骗-弃绝说谎（派罗）",
            "add_time": "2021-07-23 12:24:03",
            "zjid": "1559",
            "number": "7",
            "zjl": "702",
            "is_down": 0
        },
        {
            "img_url": "https://www.tingdao.org/Public/Images/Admin/Upload/60fa420dd4103.jpg",
            "title": "离婚：在你「下决定」之前（派罗）",
            "add_time": "2021-07-23 12:13:02",
            "zjid": "1558",
            "number": "11",
            "zjl": "2441",
            "is_down": 0
        }
    ],
    "dyzt": 0,
    "authortime": [
        {
            "add_time": "2021"
        }
    ],
    "tags": []
}