{
    "status": 1,
    "data": [
        {
            "author": "江守道",
            "user_img": "http://www.tingdao.org/Public/Images/Admin/Upload/15322016795b538acf31784.jpg",
            "number": "104",
            "zjl": "356253",
            "lxid": "1"
        }
    ],
    "list": [
        {
            "img_url": "https://www.tingdao.org/Public/Images/Admin/Upload/657dfdacbfe3d.jpg",
            "title": "生命成长的蓝图（江守道）",
            "add_time": "2023-12-17 03:41:41",
            "zjid": "1921",
            "number": "17",
            "zjl": "10912",
            "is_down": 0
        },
        {
            "img_url": "https://www.tingdao.org/Public/Images/Admin/Upload/64d3b8dc93d63.jpg",
            "title": "末后世代的预言（江守道）",
            "add_time": "2023-08-09 23:53:59",
            "zjid": "1894",
            "number": "3",
            "zjl": "9265",
            "is_down": 0
        },
        {
            "img_url": "https://www.tingdao.org/Public/Images/Admin/Upload/627f990d8ab62.jpg",
            "title": "恢复先知的话（江守道）",
            "add_time": "2022-05-14 19:55:25",
            "zjid": "1742",
            "number": "3",
            "zjl": "8557",
            "is_down": 0
        },
        {
            "img_url": "https://www.tingdao.org/Public/Images/Admin/Upload/627c2a96252d7.jpg",
            "title": "等候并催促神的日子来到（江守道）",
            "add_time": "2022-05-12 05:26:28",
            "zjid": "1740",
            "number": "1",
            "zjl": "9459",
            "is_down": 0
        },
        {
            "img_url": "https://www.tingdao.org/Public/Images/Admin/Upload/623da459316fe.jpg",
            "title": "2022年03月25日 悉尼基督徒聚会处姐妹聚会：江守道师母分享与问题解答",
            "add_time": "2022-03-25 19:12:20",
            "zjid": "1720",
            "number": "1",
            "zjl": "10444",
            "is_down": 0
        },
        {
            "img_url": "https://www.tingdao.org/Public/Images/Admin/Upload/6239efba581b6.jpg",
            "title": "1983年12月 第一届远东区基督徒事奉特会：达到属灵领袖的路（江守道）",
            "add_time": "2022-03-22 23:30:13",
            "zjid": "1718",
            "number": "6",
            "zjl": "4173",
            "is_down": 0
        },
        {
            "img_url": "https://www.tingdao.org/Public/Images/Admin/Upload/60e1db77c02fb.jpg",
            "title": "主啊，教我们祷告（江守道）",
            "add_time": "2021-07-05 00:00:10",
            "zjid": "1549",
            "number": "41",
            "zjl": "36580",
            "is_down": 0
        },
        {
            "img_url": "https://www.tingdao.org/Public/Images/Admin/Upload/60bdce9d61bbf.jpg",
            "title": "事奉神的人、敬拜神的人（江守道）",
            "add_time": "2021-06-07 15:45:09",
            "zjid": "1523",
            "number": "2",
            "zjl": "7531",
            "is_down": 0
        },
        {
            "img_url": "https://www.tingdao.org/Public/Images/Admin/Upload/60bdbe9bd3414.jpg",
            "title": "1991年02月16-22日 第五届远东区基督徒事奉聚会：敬拜，祷告，话语职事（江守道）",
            "add_time": "2021-06-07 14:34:00",
            "zjid": "1522",
            "number": "3",
            "zjl": "10984",
            "is_down": 0
        },
        {
            "img_url": "https://www.tingdao.org/Public/Images/Admin/Upload/5f5749032fbeb.jpeg",
            "title": "1996年02月22-27日 第八届远东基督徒事奉聚会：灵交与得胜（江守道）",
            "add_time": "1996-02-22 00:00:00",
            "zjid": "1309",
            "number": "5",
            "zjl": "4700",
            "is_down": 0
        },
        {
            "img_url": "https://www.tingdao.org/Public/Images/Admin/Upload/15949039565f104d944ca41.jpg",
            "title": "神荣耀的显现-离开.回来（江守道）",
            "add_time": "2020-07-16 20:50:31",
            "zjid": "1267",
            "number": "3",
            "zjl": "3854",
            "is_down": 0
        },
        {
            "img_url": "https://www.tingdao.org/Public/Images/Admin/Upload/15915311745edcd6a624418.jpg",
            "title": "江守道弟兄对台北弟兄们的交通",
            "add_time": "2020-06-07 19:59:02",
            "zjid": "1243",
            "number": "1",
            "zjl": "3833",
            "is_down": 0
        },
        {
            "img_url": "https://www.tingdao.org/Public/Images/Admin/Upload/15912940905ed9388a5e474.jpg",
            "title": "2016年10月 加拿大多伦多基督徒之家信息（江守道）",
            "add_time": "2016-10-16 00:00:00",
            "zjid": "1239",
            "number": "2",
            "zjl": "2128",
            "is_down": 0
        },
        {
            "img_url": "https://www.tingdao.org/Public/Images/Admin/Upload/15878216055ea43c25ceafa.jpg",
            "title": "2014年 温哥华教会：信望爱（江守道）",
            "add_time": "2020-04-25 21:29:05",
            "zjid": "1215",
            "number": "4",
            "zjl": "2810",
            "is_down": 0
        },
        {
            "img_url": "https://www.tingdao.org/Public/Images/Admin/Upload/15856480575e8311b9b87d1.jpg",
            "title": "会幕的生活（江守道）",
            "add_time": "2020-03-31 17:47:21",
            "zjid": "1192",
            "number": "3",
            "zjl": "3705",
            "is_down": 0
        },
        {
            "img_url": "https://www.tingdao.org/Public/Images/Admin/Upload/15849083585e77c846255b8.jpg",
            "title": "话语职事（江守道）",
            "add_time": "2020-03-23 04:17:42",
            "zjid": "1185",
            "number": "4",
            "zjl": "3054",
            "is_down": 0
        },
        {
            "img_url": "https://www.tingdao.org/Public/Images/Admin/Upload/15848147485e765a9c58b03.jpg",
            "title": "耶路撒冷教会与安提阿教会（江守道）",
            "add_time": "2020-03-22 02:17:19",
            "zjid": "1183",
            "number": "2",
            "zjl": "1802",
            "is_down": 0
        },
        {
            "img_url": "https://www.tingdao.org/Public/Images/Admin/Upload/15847151785e74d5aaeef41.jpg",
            "title": "神奥秘事的管家（江守道）",
            "add_time": "2020-03-20 22:38:47",
            "zjid": "1182",
            "number": "6",
            "zjl": "3379",
            "is_down": 0
        },
        {
            "img_url": "https://www.tingdao.org/Public/Images/Admin/Upload/15794588005e24a0f07607c.jpg",
            "title": "往下扎根，向上结果（江守道）",
            "add_time": "2020-01-20 02:32:16",
            "zjid": "1147",
            "number": "4",
            "zjl": "5160",
            "is_down": 0
        },
        {
            "img_url": "https://www.tingdao.org/Public/Images/Admin/Upload/15789517035e1ce41710332.jpg",
            "title": "改变之能（江守道）",
            "add_time": "2020-01-14 05:41:09",
            "zjid": "1144",
            "number": "3",
            "zjl": "2950",
            "is_down": 0
        },
        {
            "img_url": "https://www.tingdao.org/Public/Images/Admin/Upload/15789532825e1cea429a952.jpg",
            "title": "合用器皿（江守道）",
            "add_time": "2020-01-14 06:07:07",
            "zjid": "1145",
            "number": "4",
            "zjl": "4328",
            "is_down": 0
        },
        {
            "img_url": "http://www.tingdao.org/Public/Images/Admin/Upload/15738600275dcf32bb55fb5.jpg",
            "title": "2019年10月11-14日 CTM特会：Christ Our Glory（英语）",
            "add_time": "2019-11-16 07:18:08",
            "zjid": "1099",
            "number": "11",
            "zjl": "1432",
            "is_down": 0
        },
        {
            "img_url": "http://www.tingdao.org/Public/Images/Admin/Upload/15683255225d7abf92158fa.jpg",
            "title": "2008年01月12-13日 香港特别聚会（江守道）",
            "add_time": "2008-01-12 00:00:00",
            "zjid": "1035",
            "number": "2",
            "zjl": "2211",
            "is_down": 0
        },
        {
            "img_url": "http://www.tingdao.org/Public/Images/Admin/Upload/15672576605d6a743c70212.jpg",
            "title": "2011年02月 洛杉矶基督徒之家：作门徒（江守道）",
            "add_time": "2011-02-01 00:00:00",
            "zjid": "1025",
            "number": "4",
            "zjl": "1493",
            "is_down": 0
        },
        {
            "img_url": "http://www.tingdao.org/Public/Images/Admin/Upload/15657833715d53f54b550dc.jpg",
            "title": "新约的生命与执事（江守道）",
            "add_time": "2019-08-14 19:48:27",
            "zjid": "950",
            "number": "4",
            "zjl": "2257",
            "is_down": 0
        },
        {
            "img_url": "http://www.tingdao.org/Public/Images/Admin/Upload/15638263935d3618d990e20.jpg",
            "title": "基督徒事奉的基本原则（江守道）",
            "add_time": "2019-07-23 04:12:55",
            "zjid": "939",
            "number": "4",
            "zjl": "4081",
            "is_down": 0
        },
        {
            "img_url": "http://www.tingdao.org/Public/Images/Admin/Upload/15638248305d3612be63ef3.jpg",
            "title": "基督的奥秘（江守道）",
            "add_time": "2019-07-23 03:46:28",
            "zjid": "938",
            "number": "6",
            "zjl": "2356",
            "is_down": 0
        },
        {
            "img_url": "http://www.tingdao.org/Public/Images/Admin/Upload/15638228025d360ad21f677.jpg",
            "title": "弟兄相爱（江守道）",
            "add_time": "2019-07-23 03:12:59",
            "zjid": "937",
            "number": "4",
            "zjl": "1750",
            "is_down": 0
        },
        {
            "img_url": "http://www.tingdao.org/Public/Images/Admin/Upload/15638222115d3608835c641.jpg",
            "title": "一个在基督里的人（江守道）",
            "add_time": "2019-07-23 03:02:39",
            "zjid": "936",
            "number": "8",
            "zjl": "2870",
            "is_down": 0
        },
        {
            "img_url": "http://www.tingdao.org/Public/Images/Admin/Upload/15638218245d360700473d7.jpg",
            "title": "山上的样式（江守道）",
            "add_time": "2019-07-23 02:55:08",
            "zjid": "935",
            "number": "5",
            "zjl": "2087",
            "is_down": 0
        },
        {
            "img_url": "http://www.tingdao.org/Public/Images/Admin/Upload/15638216335d36064137e6f.jpg",
            "title": "约翰恢复的职事（江守道）",
            "add_time": "2019-07-23 02:53:10",
            "zjid": "934",
            "number": "3",
            "zjl": "856",
            "is_down": 0
        },
        {
            "img_url": "http://www.tingdao.org/Public/Images/Admin/Upload/15638210825d36041a84975.jpg",
            "title": "主啊，我当做什么？（江守道）",
            "add_time": "2019-07-23 02:43:56",
            "zjid": "933",
            "number": "7",
            "zjl": "3135",
            "is_down": 0
        },
        {
            "img_url": "http://www.tingdao.org/Public/Images/Admin/Upload/15638200175d35fff1b422c.jpg",
            "title": "属灵恢复的原则（江守道）",
            "add_time": "2019-07-23 02:26:22",
            "zjid": "932",
            "number": "5",
            "zjl": "1674",
            "is_down": 0
        },
        {
            "img_url": "http://www.tingdao.org/Public/Images/Admin/Upload/15638197365d35fed83440f.jpg",
            "title": "属灵的领袖（江守道）",
            "add_time": "2019-07-23 02:21:33",
            "zjid": "931",
            "number": "8",
            "zjl": "1223",
            "is_down": 0
        },
        {
            "img_url": "http://www.tingdao.org/Public/Images/Admin/Upload/15638195695d35fe313030b.jpg",
            "title": "约柜与神的子民（江守道）",
            "add_time": "2019-07-23 02:17:30",
            "zjid": "930",
            "number": "4",
            "zjl": "1013",
            "is_down": 0
        },
        {
            "img_url": "http://www.tingdao.org/Public/Images/Admin/Upload/15636575385d33854250211.jpg",
            "title": "哈该书（江守道）",
            "add_time": "2019-07-21 05:18:03",
            "zjid": "929",
            "number": "4",
            "zjl": "6723",
            "is_down": 0
        },
        {
            "img_url": "http://www.tingdao.org/Public/Images/Admin/Upload/15636570605d338364353e3.jpg",
            "title": "希伯来书中劝勉的话（江守道）",
            "add_time": "2019-07-21 05:09:39",
            "zjid": "928",
            "number": "4",
            "zjl": "1551",
            "is_down": 0
        },
        {
            "img_url": "http://www.tingdao.org/Public/Images/Admin/Upload/15636568295d33827dbcb22.jpg",
            "title": "属灵生活的三大要素（江守道）",
            "add_time": "2019-07-21 05:06:41",
            "zjid": "927",
            "number": "4",
            "zjl": "1994",
            "is_down": 0
        },
        {
            "img_url": "http://www.tingdao.org/Public/Images/Admin/Upload/15636562855d33805debe48.jpg",
            "title": "彼得保罗约翰（江守道）",
            "add_time": "2019-07-21 04:56:58",
            "zjid": "926",
            "number": "3",
            "zjl": "986",
            "is_down": 0
        },
        {
            "img_url": "http://www.tingdao.org/Public/Images/Admin/Upload/15636331865d332622798e9.jpg",
            "title": "恩典信心圣灵（江守道）",
            "add_time": "2019-07-20 22:32:35",
            "zjid": "925",
            "number": "5",
            "zjl": "6535",
            "is_down": 0
        },
        {
            "img_url": "http://www.tingdao.org/Public/Images/Admin/Upload/15636275585d331026ab072.jpg",
            "title": "祷告（江守道）",
            "add_time": "2019-07-20 20:58:51",
            "zjid": "924",
            "number": "3",
            "zjl": "2688",
            "is_down": 0
        },
        {
            "img_url": "http://www.tingdao.org/Public/Images/Admin/Upload/15636274385d330fae42a79.jpg",
            "title": "生命与服事（江守道）",
            "add_time": "2019-07-20 20:56:57",
            "zjid": "923",
            "number": "6",
            "zjl": "1443",
            "is_down": 0
        },
        {
            "img_url": "http://www.tingdao.org/Public/Images/Admin/Upload/15636261355d330a9766399.jpg",
            "title": "神人摩西的祷告（江守道）",
            "add_time": "2019-07-20 20:34:38",
            "zjid": "922",
            "number": "2",
            "zjl": "934",
            "is_down": 0
        },
        {
            "img_url": "http://www.tingdao.org/Public/Images/Admin/Upload/15636258475d3309776741e.jpg",
            "title": "等候并催促神的日子（江守道）",
            "add_time": "2019-07-20 20:30:01",
            "zjid": "921",
            "number": "4",
            "zjl": "1049",
            "is_down": 0
        },
        {
            "img_url": "http://www.tingdao.org/Public/Images/Admin/Upload/15636146765d32ddd4c35bc.jpg",
            "title": "更美长存的基业（江守道）",
            "add_time": "2019-07-20 17:22:50",
            "zjid": "920",
            "number": "4",
            "zjl": "764",
            "is_down": 0
        },
        {
            "img_url": "http://www.tingdao.org/Public/Images/Admin/Upload/15636112085d32d0488dd68.jpg",
            "title": "道路真理生命（江守道）",
            "add_time": "2019-07-20 16:25:57",
            "zjid": "919",
            "number": "4",
            "zjl": "986",
            "is_down": 0
        },
        {
            "img_url": "http://www.tingdao.org/Public/Images/Admin/Upload/15636107515d32ce7fdf9f8.jpg",
            "title": "重生-灵的复活（江守道）",
            "add_time": "2019-07-20 16:18:48",
            "zjid": "918",
            "number": "2",
            "zjl": "908",
            "is_down": 0
        },
        {
            "img_url": "http://www.tingdao.org/Public/Images/Admin/Upload/15636100615d32cbcd08296.jpg",
            "title": "神的荣耀显现离开回来（江守道）",
            "add_time": "2019-07-20 16:05:12",
            "zjid": "917",
            "number": "4",
            "zjl": "510",
            "is_down": 0
        },
        {
            "img_url": "http://www.tingdao.org/Public/Images/Admin/Upload/15636098555d32caff0737f.jpg",
            "title": "神的爱（江守道）",
            "add_time": "2019-07-20 16:03:26",
            "zjid": "916",
            "number": "3",
            "zjl": "750",
            "is_down": 0
        },
        {
            "img_url": "http://www.tingdao.org/Public/Images/Admin/Upload/15636069865d32bfca13050.jpg",
            "title": "神向人那完全的旨意（江守道）",
            "add_time": "2019-07-20 15:14:51",
            "zjid": "915",
            "number": "2",
            "zjl": "778",
            "is_down": 0
        },
        {
            "img_url": "http://www.tingdao.org/Public/Images/Admin/Upload/15636029995d32b03711e03.jpg",
            "title": "神的器皿（江守道）",
            "add_time": "2019-07-20 14:08:18",
            "zjid": "914",
            "number": "4",
            "zjl": "659",
            "is_down": 0
        },
        {
            "img_url": "http://www.tingdao.org/Public/Images/Admin/Upload/15636028655d32afb12a75d.jpg",
            "title": "耶稣基督的见证（II）（江守道）",
            "add_time": "2019-07-20 14:06:59",
            "zjid": "913",
            "number": "3",
            "zjl": "526",
            "is_down": 0
        },
        {
            "img_url": "http://www.tingdao.org/Public/Images/Admin/Upload/15636027555d32af436df89.jpg",
            "title": "耶稣基督的见证（I）（江守道）",
            "add_time": "2019-07-20 14:04:32",
            "zjid": "912",
            "number": "4",
            "zjl": "598",
            "is_down": 0
        },
        {
            "img_url": "http://www.tingdao.org/Public/Images/Admin/Upload/15636019975d32ac4d9a7d6.jpg",
            "title": "认识主（江守道）",
            "add_time": "2019-07-20 13:52:49",
            "zjid": "911",
            "number": "3",
            "zjl": "994",
            "is_down": 0
        },
        {
            "img_url": "http://www.tingdao.org/Public/Images/Admin/Upload/15635671505d32242e274ec.jpg",
            "title": "新妇预备好了（江守道）",
            "add_time": "2019-07-20 04:11:30",
            "zjid": "910",
            "number": "5",
            "zjl": "1012",
            "is_down": 0
        },
        {
            "img_url": "http://www.tingdao.org/Public/Images/Admin/Upload/15635669425d32235e6e7dd.jpg",
            "title": "如何事奉主（江守道）",
            "add_time": "2019-07-20 04:07:37",
            "zjid": "909",
            "number": "2",
            "zjl": "812",
            "is_down": 0
        },
        {
            "img_url": "http://www.tingdao.org/Public/Images/Admin/Upload/15635665015d3221a5ba156.jpg",
            "title": "属灵的团体生活（江守道）",
            "add_time": "2019-07-20 04:00:46",
            "zjid": "908",
            "number": "3",
            "zjl": "643",
            "is_down": 0
        },
        {
            "img_url": "http://www.tingdao.org/Public/Images/Admin/Upload/15635646315d321a57e4d20.jpg",
            "title": "见证与见证人（江守道）",
            "add_time": "2019-07-20 03:29:29",
            "zjid": "907",
            "number": "6",
            "zjl": "495",
            "is_down": 0
        },
        {
            "img_url": "http://www.tingdao.org/Public/Images/Admin/Upload/15635642975d32190907239.jpg",
            "title": "神所耕种的田地（江守道）",
            "add_time": "2019-07-20 03:24:21",
            "zjid": "906",
            "number": "6",
            "zjl": "627",
            "is_down": 0
        },
        {
            "img_url": "http://www.tingdao.org/Public/Images/Admin/Upload/15635641155d3218532b7a8.jpg",
            "title": "基督十架与教会（江守道）",
            "add_time": "2019-07-20 03:21:32",
            "zjid": "905",
            "number": "3",
            "zjl": "682",
            "is_down": 0
        },
        {
            "img_url": "http://www.tingdao.org/Public/Images/Admin/Upload/15629670865d28fc2e14b01.jpg",
            "title": "神的旨意（江守道）",
            "add_time": "2019-07-13 05:30:09",
            "zjid": "878",
            "number": "2",
            "zjl": "1033",
            "is_down": 0
        },
        {
            "img_url": "http://www.tingdao.org/Public/Images/Admin/Upload/15627553345d25c1061e48d.jpg",
            "title": "2019年06月30日-07月05日：东岸家庭聚会（英语）",
            "add_time": "2019-06-30 00:00:00",
            "zjid": "873",
            "number": "9",
            "zjl": "587",
            "is_down": 0
        },
        {
            "img_url": "http://www.tingdao.org/Public/Images/Admin/Upload/15578491395cdae4331a432.jpg",
            "title": "2013年08月31日-09月02日 温哥华基督教会特会信息：保罗得胜的宣告（江守道）",
            "add_time": "2013-08-31 00:00:00",
            "zjid": "800",
            "number": "3",
            "zjl": "585",
            "is_down": 0
        },
        {
            "img_url": "http://www.tingdao.org/Public/Images/Admin/Upload/15577863345cd9eedec2dc7.jpg",
            "title": "2011年07月16-24日 温哥华基督教会特会信息：基督与我们的关系（江守道）",
            "add_time": "2011-07-16 00:00:00",
            "zjid": "799",
            "number": "4",
            "zjl": "533",
            "is_down": 0
        },
        {
            "img_url": "http://www.tingdao.org/Public/Images/Admin/Upload/15559238375cbd837dd6e5d.jpg",
            "title": "人算什么（江守道）",
            "add_time": "1970-01-01 08:00:00",
            "zjid": "741",
            "number": "4",
            "zjl": "8589",
            "is_down": 0
        },
        {
            "img_url": "http://www.tingdao.org/Public/Images/Admin/Upload/15555974295cb88875e7375.jpg",
            "title": "2010年04月24-25日 魂的救恩（江守道）",
            "add_time": "2010-04-24 00:00:00",
            "zjid": "732",
            "number": "4",
            "zjl": "25464",
            "is_down": 0
        },
        {
            "img_url": "http://www.tingdao.org/Public/Images/Admin/Upload/15555957365cb881d8b7733.jpg",
            "title": "2010年04月26日 属灵的操练（江守道）",
            "add_time": "2010-04-26 00:00:00",
            "zjid": "731",
            "number": "2",
            "zjl": "1558",
            "is_down": 0
        },
        {
            "img_url": "http://www.tingdao.org/Public/Images/Admin/Upload/15552782475cb3a9a79a5e5.jpg",
            "title": "2005年12月24-26日 双城基督徒聚会特会：神永远的旨意（江守道，王国显，陈希曾，李慕圣，陈恩",
            "add_time": "2005-12-23 00:00:00",
            "zjid": "725",
            "number": "14",
            "zjl": "7543",
            "is_down": 0
        },
        {
            "img_url": "http://www.tingdao.org/Public/Images/Admin/Upload/15534596415c97e9b9cabba.jpg",
            "title": "2002年11月28日-12月01日 纽瓦克基督徒聚会 感恩节特会：达到丰盛生命的途径，伟大的神（江",
            "add_time": "2002-11-28 00:00:00",
            "zjid": "608",
            "number": "8",
            "zjl": "718",
            "is_down": 0
        },
        {
            "img_url": "http://www.tingdao.org/Public/Images/Admin/Upload/15534574975c97e15906518.jpg",
            "title": "2013年01月 天国的福音（江守道）",
            "add_time": "2013-01-16 00:00:00",
            "zjid": "606",
            "number": "4",
            "zjl": "6774",
            "is_down": 0
        },
        {
            "img_url": "http://www.tingdao.org/Public/Images/Admin/Upload/15534519475c97cbabd7a40.jpg",
            "title": "2003年11月20-22日 香港特别聚会：神荣耀的异象（以西结书）（江守道）",
            "add_time": "2003-11-20 00:00:00",
            "zjid": "605",
            "number": "3",
            "zjl": "3070",
            "is_down": 0
        },
        {
            "img_url": "http://www.tingdao.org/Public/Images/Admin/Upload/15518137945c7ecca298f00.jpg",
            "title": "2013年01月25-27日 香港合家信息特别聚会：新约的事奉（江守道）",
            "add_time": "2013-01-25 00:00:00",
            "zjid": "555",
            "number": "3",
            "zjl": "2330",
            "is_down": 0
        },
        {
            "img_url": "http://www.tingdao.org/Public/Images/Admin/Upload/15518136975c7ecc41bcb9c.jpg",
            "title": "2013年02月01-03日 香港合家信息特别聚会：天国的福音（江守道）",
            "add_time": "2013-02-01 00:00:00",
            "zjid": "554",
            "number": "3",
            "zjl": "5264",
            "is_down": 0
        },
        {
            "img_url": "http://www.tingdao.org/Public/Images/Admin/Upload/15517132275c7d43cbdb438.jpg",
            "title": "2015年01月16-18日 香港特别聚会（江守道）",
            "add_time": "2015-01-16 00:00:00",
            "zjid": "553",
            "number": "3",
            "zjl": "2155",
            "is_down": 0
        },
        {
            "img_url": "http://www.tingdao.org/Public/Images/Admin/Upload/15418027935be60b2912951.jpg",
            "title": "2013年02月23-24日 三藩市神的家：启示录中的两个教会（江守道）",
            "add_time": "2013-02-23 00:00:00",
            "zjid": "418",
            "number": "2",
            "zjl": "4291",
            "is_down": 0
        },
        {
            "img_url": "http://www.tingdao.org/Public/Images/Admin/Upload/15418020625be6084e7da58.jpg",
            "title": "2015年02月21-22日 三藩市神的家：怎样事奉主（江守道）",
            "add_time": "2015-02-21 00:00:00",
            "zjid": "417",
            "number": "2",
            "zjl": "641",
            "is_down": 0
        },
        {
            "img_url": "http://www.tingdao.org/Public/Images/Admin/Upload/15416859315be442abcc839.jpg",
            "title": "2008年-2011年：属灵的操练（江守道）",
            "add_time": "2008-12-06 00:00:00",
            "zjid": "416",
            "number": "27",
            "zjl": "24593",
            "is_down": 0
        },
        {
            "img_url": "http://www.tingdao.org/Public/Images/Admin/Upload/15398532695bc84bd541bdc.jpg",
            "title": "2012年01月06-08日 香港特别聚会：从以斯拉记和尼希米记来看见证的恢复（江守道）",
            "add_time": "2012-01-06 00:00:00",
            "zjid": "385",
            "number": "3",
            "zjl": "1827",
            "is_down": 0
        },
        {
            "img_url": "http://www.tingdao.org/Public/Images/Admin/Upload/15397850495bc74159aab76.jpg",
            "title": "2014年01月 香港基督徒聚会所特别聚会：从三个人去看神作事的法则（江守道）",
            "add_time": "2014-01-05 00:00:00",
            "zjid": "382",
            "number": "5",
            "zjl": "2443",
            "is_down": 0
        },
        {
            "img_url": "http://www.tingdao.org/Public/Images/Admin/Upload/15391051505bbce17e528b0.jpg",
            "title": "2014年12月26-28日 悉尼基督徒聚会处家庭特会（江守道）",
            "add_time": "2014-12-26 00:00:00",
            "zjid": "359",
            "number": "4",
            "zjl": "434",
            "is_down": 0
        },
        {
            "img_url": "http://www.tingdao.org/Public/Images/Admin/Upload/15371243705b9ea812eb2e0.jpg",
            "title": "交托那有忠心的人（江守道）",
            "add_time": "2018-09-17 02:58:51",
            "zjid": "308",
            "number": "4",
            "zjl": "593",
            "is_down": 0
        },
        {
            "img_url": "http://www.tingdao.org/Public/Images/Admin/Upload/15371221545b9e9f6a96fc2.jpg",
            "title": "1999年01月18日 新约（江守道）",
            "add_time": "1999-01-18 00:00:00",
            "zjid": "307",
            "number": "3",
            "zjl": "567",
            "is_down": 0
        },
        {
            "img_url": "http://www.tingdao.org/Public/Images/Admin/Upload/15366854035b97f55b54f2d.jpg",
            "title": "2011年沙田教会会堂：在敬虔上操练自己 新约的生活（江守道）",
            "add_time": "2011-09-01 00:00:00",
            "zjid": "287",
            "number": "3",
            "zjl": "590",
            "is_down": 0
        },
        {
            "img_url": "http://www.tingdao.org/Public/Images/Admin/Upload/15366851035b97f42f8a461.jpg",
            "title": "2001年05月25-28日：摩西的异象（江守道）",
            "add_time": "2001-05-25 00:00:00",
            "zjid": "286",
            "number": "4",
            "zjl": "456",
            "is_down": 0
        },
        {
            "img_url": "http://www.tingdao.org/Public/Images/Admin/Upload/15366845835b97f2272c731.jpg",
            "title": "2000年04月15日：希伯来书要义（江守道）",
            "add_time": "2000-04-15 00:00:00",
            "zjid": "285",
            "number": "3",
            "zjl": "962",
            "is_down": 0
        },
        {
            "img_url": "http://www.tingdao.org/Public/Images/Admin/Upload/15366840975b97f041d3c40.jpg",
            "title": "1997年03月15日：神的福音（江守道）",
            "add_time": "1997-03-15 00:00:00",
            "zjid": "284",
            "number": "7",
            "zjl": "1209",
            "is_down": 0
        },
        {
            "img_url": "http://www.tingdao.org/Public/Images/Admin/Upload/15366838495b97ef4947b8f.jpg",
            "title": "完全（江守道）",
            "add_time": "2018-09-12 00:36:11",
            "zjid": "283",
            "number": "2",
            "zjl": "3464",
            "is_down": 0
        },
        {
            "img_url": "http://www.tingdao.org/Public/Images/Admin/Upload/15366836135b97ee5d91ff5.jpg",
            "title": "2014年 沙田教会会堂：属灵的经历（江守道）",
            "add_time": "2014-09-01 00:00:00",
            "zjid": "282",
            "number": "3",
            "zjl": "701",
            "is_down": 0
        },
        {
            "img_url": "http://www.tingdao.org/Public/Images/Admin/Upload/15366832965b97ed20bc799.jpg",
            "title": "2013年 长沙湾基督徒聚会所：非拉铁非与老底嘉的教会（江守道）",
            "add_time": "2018-09-12 00:27:25",
            "zjid": "281",
            "number": "2",
            "zjl": "492",
            "is_down": 0
        },
        {
            "img_url": "http://www.tingdao.org/Public/Images/Admin/Upload/15366831355b97ec7fac4e7.jpg",
            "title": "葵芳基督徒聚会所：魂的救恩（江守道）",
            "add_time": "1970-01-01 08:00:00",
            "zjid": "280",
            "number": "2",
            "zjl": "3022",
            "is_down": 0
        },
        {
            "img_url": "http://www.tingdao.org/Public/Images/Admin/Upload/15366827095b97ead56d5a5.jpg",
            "title": "2011年尖沙咀基督徒聚会所：悔改转向主（江守道）",
            "add_time": "2011-09-01 00:00:00",
            "zjid": "279",
            "number": "3",
            "zjl": "521",
            "is_down": 0
        },
        {
            "img_url": "http://www.tingdao.org/Public/Images/Admin/Upload/15366716375b97bf95323b2.jpg",
            "title": "交托那有忠心的人（江守道）",
            "add_time": "2018-09-11 21:13:12",
            "zjid": "278",
            "number": "3",
            "zjl": "423",
            "is_down": 0
        },
        {
            "img_url": "http://www.tingdao.org/Public/Images/Admin/Upload/15347186385b79f2ae8d679.jpg",
            "title": "江守道弟兄单独一堂讲道集",
            "add_time": "2021-07-19 00:00:00",
            "zjid": "191",
            "number": "40",
            "zjl": "2914",
            "is_down": 0
        },
        {
            "img_url": "http://www.tingdao.org/Public/Images/Admin/Upload/15347176835b79eef3e918d.jpg",
            "title": "生命爱的见证（江守道）",
            "add_time": "2018-08-20 06:27:19",
            "zjid": "190",
            "number": "3",
            "zjl": "583",
            "is_down": 0
        },
        {
            "img_url": "http://www.tingdao.org/Public/Images/Admin/Upload/15347170935b79eca52d0ad.jpg",
            "title": "2017年02月24-27日 装备整齐-保罗，彼得，约翰（江守道)",
            "add_time": "2017-02-24 00:00:00",
            "zjid": "189",
            "number": "3",
            "zjl": "523",
            "is_down": 0
        },
        {
            "img_url": "http://www.tingdao.org/Public/Images/Admin/Upload/15347166495b79eae94937e.jpg",
            "title": "2017年02月 全教会特別聚会 神的仆人摩西（江守道）",
            "add_time": "2017-02-01 00:00:00",
            "zjid": "188",
            "number": "3",
            "zjl": "1941",
            "is_down": 0
        },
        {
            "img_url": "http://www.tingdao.org/Public/Images/Admin/Upload/15347011465b79ae5a809fa.jpg",
            "title": "2017年02月 全教会特別聚会 彼得与魂的救恩（江守道）",
            "add_time": "2016-02-01 00:00:00",
            "zjid": "187",
            "number": "3",
            "zjl": "2283",
            "is_down": 0
        },
        {
            "img_url": "http://www.tingdao.org/Public/Images/Admin/Upload/15346810815b795ff92481e.jpg",
            "title": "2015年1月27-28日 全教会特别聚会：耶稣基督的见证（江守道）",
            "add_time": "2015-01-27 00:00:00",
            "zjid": "186",
            "number": "2",
            "zjl": "1412",
            "is_down": 0
        },
        {
            "img_url": "http://www.tingdao.org/Public/Images/Admin/Upload/15346809425b795f6e39711.jpg",
            "title": "2016年1月19-20日 全教会特别聚会：从启示录看得胜者（江守道）",
            "add_time": "2016-01-19 00:00:00",
            "zjid": "185",
            "number": "2",
            "zjl": "6625",
            "is_down": 0
        },
        {
            "img_url": "http://www.tingdao.org/Public/Images/Admin/Upload/15346313845b789dd8e6a95.jpg",
            "title": "2015年05月30-31日 约书亚的故事（江守道）",
            "add_time": "2015-05-30 00:00:00",
            "zjid": "184",
            "number": "2",
            "zjl": "671",
            "is_down": 0
        },
        {
            "img_url": "http://www.tingdao.org/Public/Images/Admin/Upload/15346309915b789c4f7b537.jpg",
            "title": "2014年 新加坡特会（江守道）",
            "add_time": "2014-08-01 00:00:00",
            "zjid": "183",
            "number": "3",
            "zjl": "1987",
            "is_down": 0
        },
        {
            "img_url": "http://www.tingdao.org/Public/Images/Admin/Upload/15342641855b730379c37c9.jpg",
            "title": "2018年08月11-12日：基督徒的品格（江守道）",
            "add_time": "2018-08-15 00:29:24",
            "zjid": "113",
            "number": "2",
            "zjl": "1214",
            "is_down": 0
        },
        {
            "img_url": "http://www.tingdao.org/Public/Images/Admin/Upload/15339183185b6dbc6ecd726.jpg",
            "title": "2016年讲道：传递神见证的火把（江守道）",
            "add_time": "2018-08-11 00:24:40",
            "zjid": "87",
            "number": "3",
            "zjl": "667",
            "is_down": 0
        },
        {
            "img_url": "http://www.tingdao.org/Public/Images/Admin/Upload/15322017735b538b2dba75e.jpg",
            "title": "圣经中的婚姻（江守道）",
            "add_time": "2017-07-01 00:00:00",
            "zjid": "24",
            "number": "2",
            "zjl": "8308",
            "is_down": 0
        }
    ],
    "dyzt": 0,
    "authortime": [
        {
            "add_time": "2017"
        },
        {
            "add_time": "2018"
        },
        {
            "add_time": "2014"
        },
        {
            "add_time": "2015"
        },
        {
            "add_time": "2016"
        },
        {
            "add_time": "2021"
        },
        {
            "add_time": "2011"
        },
        {
            "add_time": "1970"
        },
        {
            "add_time": "1997"
        },
        {
            "add_time": "2000"
        },
        {
            "add_time": "2001"
        },
        {
            "add_time": "1999"
        },
        {
            "add_time": "2012"
        },
        {
            "add_time": "2008"
        },
        {
            "add_time": "2013"
        },
        {
            "add_time": "2003"
        },
        {
            "add_time": "2002"
        },
        {
            "add_time": "2005"
        },
        {
            "add_time": "2010"
        },
        {
            "add_time": "2019"
        },
        {
            "add_time": "2020"
        },
        {
            "add_time": "1996"
        },
        {
            "add_time": "2022"
        },
        {
            "add_time": "2023"
        }
    ],
    "tags": [
        {
            "title": "圣经经卷详解",
            "id": "5"
        },
        {
            "title": "单独一堂讲道系列",
            "id": "6"
        },
        {
            "title": "基督学房",
            "id": "10"
        },
        {
            "title": "教会的道路",
            "id": "11"
        },
        {
            "title": "工人的装备",
            "id": "12"
        },
        {
            "title": "英语信息(ENGLISH MESSAGE)",
            "id": "13"
        }
    ]
}