{
    "status": 1,
    "data": [
        {
            "author": "乔治·慕勒",
            "user_img": "https://www.tingdao.org/Public/Images/Admin/Upload/61224abdd184c.jpg",
            "number": "3",
            "zjl": "39205",
            "lxid": "1"
        }
    ],
    "list": [
        {
            "img_url": "https://www.tingdao.org/Public/Images/Admin/Upload/635e3a6e91d94.jpg",
            "title": "慕勒讲道选编",
            "add_time": "2022-11-05 00:00:00",
            "zjid": "1807",
            "number": "2",
            "zjl": "6593",
            "is_down": 0
        },
        {
            "img_url": "https://www.tingdao.org/Public/Images/Admin/Upload/6235c2b44cd7e.jpg",
            "title": "慕勒传（罗杰·斯蒂尔）",
            "add_time": "2022-03-19 19:46:06",
            "zjid": "1715",
            "number": "26",
            "zjl": "26212",
            "is_down": 0
        },
        {
            "img_url": "https://www.tingdao.org/Public/Images/Admin/Upload/61224ac8c656f.jpg",
            "title": "慕勒传（罗杰·斯蒂尔）姐妹朗读版",
            "add_time": "2021-08-22 20:58:59",
            "zjid": "1582",
            "number": "26",
            "zjl": "6400",
            "is_down": 0
        }
    ],
    "dyzt": 0,
    "authortime": [
        {
            "add_time": "2021"
        },
        {
            "add_time": "2022"
        }
    ],
    "tags": []
}