{
    "status": 1,
    "data": [
        {
            "author": "蓝培德",
            "user_img": "http://www.tingdao.org/Public/Images/Admin/Upload/15666493765d612c203d564.jpg",
            "number": "11",
            "zjl": "15294",
            "lxid": "1"
        }
    ],
    "list": [
        {
            "img_url": "https://www.tingdao.org/Public/Images/Admin/Upload/63ca97664dd79.jpg",
            "title": "遮盖（蓝培德）",
            "add_time": "2023-01-31 21:28:30",
            "zjid": "1848",
            "number": "31",
            "zjl": "4374",
            "is_down": 0
        },
        {
            "img_url": "https://www.tingdao.org/Public/Images/Admin/Upload/15888518505eb3f48a31d45.jpg",
            "title": "2011年11月20-22日 多伦多教会信息（蓝培德）",
            "add_time": "2011-11-20 00:00:00",
            "zjid": "1225",
            "number": "3",
            "zjl": "946",
            "is_down": 0
        },
        {
            "img_url": "https://www.tingdao.org/Public/Images/Admin/Upload/15842822875e6e3aafc6bc8.jpg",
            "title": "2007年 纽约灵命进深会：基督的复活（蓝培德）",
            "add_time": "2007-03-01 00:00:00",
            "zjid": "1175",
            "number": "4",
            "zjl": "1169",
            "is_down": 0
        },
        {
            "img_url": "https://www.tingdao.org/Public/Images/Admin/Upload/15842821135e6e3a010de1f.jpg",
            "title": "2006年 纽约灵命进深会：十字架的超越性与中心性（蓝培德）",
            "add_time": "2006-03-01 00:00:00",
            "zjid": "1174",
            "number": "4",
            "zjl": "814",
            "is_down": 0
        },
        {
            "img_url": "https://www.tingdao.org/Public/Images/Admin/Upload/15836185095e6419cd291de.jpg",
            "title": "团体祷告的学校（蓝培德）",
            "add_time": "2020-03-08 05:48:13",
            "zjid": "1163",
            "number": "28",
            "zjl": "2789",
            "is_down": 0
        },
        {
            "img_url": "https://www.tingdao.org/Public/Images/Admin/Upload/15805105505e34ad56d54cc.jpg",
            "title": "基督的中心性及普及性（蓝培德）",
            "add_time": "2020-02-01 06:40:46",
            "zjid": "1154",
            "number": "4",
            "zjl": "666",
            "is_down": 0
        },
        {
            "img_url": "http://www.tingdao.org/Public/Images/Admin/Upload/15705673755d9cf4cf75b92.jpg",
            "title": "蓝培德弟兄祷告的经历",
            "add_time": "2019-10-09 04:41:39",
            "zjid": "1069",
            "number": "2",
            "zjl": "1837",
            "is_down": 0
        },
        {
            "img_url": "http://www.tingdao.org/Public/Images/Admin/Upload/15666527325d61393c854e7.jpg",
            "title": "2010年11月14-16日 多伦多基督徒之家：一起被建造成为神属灵的居所（蓝培德）",
            "add_time": "2010-11-14 00:00:00",
            "zjid": "995",
            "number": "3",
            "zjl": "422",
            "is_down": 0
        },
        {
            "img_url": "http://www.tingdao.org/Public/Images/Admin/Upload/15666521085d6136cc5b8a9.jpg",
            "title": "2012年11月23-26日 多伦多基督徒之家：活泼的信心，因信以至于信（蓝培德）",
            "add_time": "2012-11-23 00:00:00",
            "zjid": "994",
            "number": "4",
            "zjl": "616",
            "is_down": 0
        },
        {
            "img_url": "http://www.tingdao.org/Public/Images/Admin/Upload/15666499975d612e8d0220e.jpg",
            "title": "2013年11月16-17日 CBM教会信息（蓝培德）",
            "add_time": "2013-11-16 00:00:00",
            "zjid": "993",
            "number": "3",
            "zjl": "525",
            "is_down": 0
        },
        {
            "img_url": "http://www.tingdao.org/Public/Images/Admin/Upload/15666493885d612c2cc17b2.jpg",
            "title": "蓝培德弟兄单独一堂讲道集",
            "add_time": "2019-08-24 20:22:13",
            "zjid": "992",
            "number": "2",
            "zjl": "1136",
            "is_down": 0
        }
    ],
    "dyzt": 0,
    "authortime": [
        {
            "add_time": "2019"
        },
        {
            "add_time": "2013"
        },
        {
            "add_time": "2012"
        },
        {
            "add_time": "2010"
        },
        {
            "add_time": "2020"
        },
        {
            "add_time": "2006"
        },
        {
            "add_time": "2007"
        },
        {
            "add_time": "2011"
        },
        {
            "add_time": "2023"
        }
    ],
    "tags": [
        {
            "title": "单独一堂讲道系列",
            "id": "6"
        },
        {
            "title": "教会的道路",
            "id": "11"
        }
    ]
}