{
    "status": 1,
    "data": [
        {
            "author": "沈保罗",
            "user_img": "http://www.tingdao.org/Public/Images/Admin/Upload/15737491945dcd81ca33638.jpg",
            "number": "12",
            "zjl": "12822",
            "lxid": "1"
        }
    ],
    "list": [
        {
            "img_url": "http://www.tingdao.org/Public/Images/Admin/Upload/15740112655dd18181dc38c.jpg",
            "title": "沈保罗弟兄单独一堂讲道集",
            "add_time": "2019-11-18 01:20:39",
            "zjid": "1106",
            "number": "8",
            "zjl": "2143",
            "is_down": 0
        },
        {
            "img_url": "http://www.tingdao.org/Public/Images/Admin/Upload/15740108045dd17fb40dcfc.jpg",
            "title": "奇迹（沈保罗）",
            "add_time": "2019-11-18 01:12:48",
            "zjid": "1105",
            "number": "4",
            "zjl": "1047",
            "is_down": 0
        },
        {
            "img_url": "http://www.tingdao.org/Public/Images/Admin/Upload/15740106695dd17f2d6cc79.jpg",
            "title": "摩西蒙召（沈保罗）",
            "add_time": "2019-11-18 01:10:18",
            "zjid": "1104",
            "number": "4",
            "zjl": "655",
            "is_down": 0
        },
        {
            "img_url": "http://www.tingdao.org/Public/Images/Admin/Upload/15740100875dd17ce752e52.jpg",
            "title": "神最大的旨意（沈保罗）",
            "add_time": "2019-11-18 01:01:06",
            "zjid": "1103",
            "number": "8",
            "zjl": "857",
            "is_down": 0
        },
        {
            "img_url": "http://www.tingdao.org/Public/Images/Admin/Upload/15740100285dd17cac3cf72.jpg",
            "title": "团体问与答（沈保罗）",
            "add_time": "2019-11-18 00:59:44",
            "zjid": "1102",
            "number": "3",
            "zjl": "3886",
            "is_down": 0
        },
        {
            "img_url": "http://www.tingdao.org/Public/Images/Admin/Upload/15740097685dd17ba837b12.jpg",
            "title": "称义之后的灵程（沈保罗）",
            "add_time": "2019-11-18 00:55:33",
            "zjid": "1101",
            "number": "8",
            "zjl": "712",
            "is_down": 0
        },
        {
            "img_url": "http://www.tingdao.org/Public/Images/Admin/Upload/15740096035dd17b03e3b3d.jpg",
            "title": "寻求神的旨意（沈保罗）",
            "add_time": "2019-11-18 00:52:53",
            "zjid": "1100",
            "number": "3",
            "zjl": "572",
            "is_down": 0
        },
        {
            "img_url": "http://www.tingdao.org/Public/Images/Admin/Upload/15737718925dcdda74d686d.jpg",
            "title": "模成耶稣基督的样式（沈保罗）",
            "add_time": "2019-11-15 06:50:59",
            "zjid": "1098",
            "number": "4",
            "zjl": "581",
            "is_down": 0
        },
        {
            "img_url": "http://www.tingdao.org/Public/Images/Admin/Upload/15737501755dcd859f6aaf9.jpg",
            "title": "建在磐石上（沈保罗）",
            "add_time": "2019-11-15 00:46:29",
            "zjid": "1097",
            "number": "4",
            "zjl": "477",
            "is_down": 0
        },
        {
            "img_url": "http://www.tingdao.org/Public/Images/Admin/Upload/15737499455dcd84b939dc2.jpg",
            "title": "时代的需要与挑战（沈保罗)",
            "add_time": "2019-11-15 00:44:51",
            "zjid": "1096",
            "number": "3",
            "zjl": "502",
            "is_down": 0
        },
        {
            "img_url": "http://www.tingdao.org/Public/Images/Admin/Upload/15737497135dcd83d16016e.jpg",
            "title": "释经讲道（沈保罗）",
            "add_time": "2019-11-15 00:39:48",
            "zjid": "1095",
            "number": "2",
            "zjl": "812",
            "is_down": 0
        },
        {
            "img_url": "http://www.tingdao.org/Public/Images/Admin/Upload/15737492295dcd81ed9f7c9.jpg",
            "title": "奇异升华（沈保罗）",
            "add_time": "2019-11-15 00:31:05",
            "zjid": "1094",
            "number": "5",
            "zjl": "578",
            "is_down": 0
        }
    ],
    "dyzt": 0,
    "authortime": [
        {
            "add_time": "2019"
        }
    ],
    "tags": [
        {
            "title": "单独一堂讲道系列",
            "id": "6"
        }
    ]
}