{
    "status": 1,
    "data": [
        {
            "author": "约翰·欧文",
            "user_img": "https://www.tingdao.org/Public/Images/Admin/Upload/5f6a6ab7f33ec.jpg",
            "number": "3",
            "zjl": "7128",
            "lxid": "1"
        }
    ],
    "list": [
        {
            "img_url": "https://www.tingdao.org/Public/Images/Admin/Upload/60c97c260a731.jpg",
            "title": "圣灵论（约翰·欧文）",
            "add_time": "2021-06-16 12:18:22",
            "zjid": "1532",
            "number": "26",
            "zjl": "2528",
            "is_down": 0
        },
        {
            "img_url": "https://www.tingdao.org/Public/Images/Admin/Upload/5f6a82d34b0cd.jpg",
            "title": "治死罪（约翰·欧文）",
            "add_time": "2020-09-23 07:02:48",
            "zjid": "1346",
            "number": "14",
            "zjl": "2888",
            "is_down": 0
        },
        {
            "img_url": "https://www.tingdao.org/Public/Images/Admin/Upload/5f6a6e0e49c78.jpg",
            "title": "基督的荣耀（约翰·欧文）",
            "add_time": "2020-09-23 05:19:55",
            "zjid": "1345",
            "number": "48",
            "zjl": "1712",
            "is_down": 0
        }
    ],
    "dyzt": 0,
    "authortime": [
        {
            "add_time": "2020"
        },
        {
            "add_time": "2021"
        }
    ],
    "tags": []
}