{
    "status": 1,
    "data": [
        {
            "author": "黄汉先",
            "user_img": "http://www.tingdao.org/Public/Images/Admin/Upload/15687537705d81486ab0075.jpg",
            "number": "10",
            "zjl": "21469",
            "lxid": "1"
        }
    ],
    "list": [
        {
            "img_url": "https://www.tingdao.org/Public/Images/Admin/Upload/65d1ef9f59a78.jpg",
            "title": "2024年01月21日 台北满庭芳教会：约拿的生平（黄汉先）",
            "add_time": "2024-02-18 19:51:33",
            "zjid": "1942",
            "number": "1",
            "zjl": "3324",
            "is_down": 0
        },
        {
            "img_url": "https://www.tingdao.org/Public/Images/Admin/Upload/657df9a1bcc41.jpg",
            "title": "2023年12月10日 温哥华基督教会：帖撒罗尼迦的教会（黄汉先）",
            "add_time": "2023-12-17 03:22:29",
            "zjid": "1920",
            "number": "1",
            "zjl": "1142",
            "is_down": 0
        },
        {
            "img_url": "https://www.tingdao.org/Public/Images/Admin/Upload/657901cf0a7cc.jpg",
            "title": "2023年12月10日 南素里基督教会：拉结的鉴戒（黄汉先）",
            "add_time": "2023-12-13 08:58:14",
            "zjid": "1919",
            "number": "1",
            "zjl": "1825",
            "is_down": 0
        },
        {
            "img_url": "https://www.tingdao.org/Public/Images/Admin/Upload/6161098789346.jpg",
            "title": "2021年10月04-05日 在密云饥荒的日子-重思以利亚与以利沙的生命与事奉（吴淼垚，黄汉先）",
            "add_time": "2021-10-09 11:15:38",
            "zjid": "1610",
            "number": "4",
            "zjl": "9353",
            "is_down": 0
        },
        {
            "img_url": "https://www.tingdao.org/Public/Images/Admin/Upload/61066d1159336.jpg",
            "title": "2021年07月28日-08月03日 列治文平安福音堂夏令会：神家的建造、生活（黄汉先）",
            "add_time": "2021-08-01 17:32:54",
            "zjid": "1576",
            "number": "8",
            "zjl": "852",
            "is_down": 0
        },
        {
            "img_url": "https://www.tingdao.org/Public/Images/Admin/Upload/60869bbb63339.jpg",
            "title": "2018年06月01-03日 德国特别聚会（黄汉先）",
            "add_time": "2021-04-26 18:52:16",
            "zjid": "1499",
            "number": "3",
            "zjl": "877",
            "is_down": 0
        },
        {
            "img_url": "https://www.tingdao.org/Public/Images/Admin/Upload/606be4a5841a4.jpg",
            "title": "2021年04月02-04日 ECTC特别聚会：信心中的持守（黄汉先）",
            "add_time": "2021-04-06 12:31:14",
            "zjid": "1493",
            "number": "2",
            "zjl": "900",
            "is_down": 0
        },
        {
            "img_url": "https://www.tingdao.org/Public/Images/Admin/Upload/5f6ef0ed196f1.jpg",
            "title": "2020年09月25-26日 圣布鲁诺教会特别聚会：末期与天国的福音（黄汉先）",
            "add_time": "2020-09-26 15:39:19",
            "zjid": "1376",
            "number": "2",
            "zjl": "829",
            "is_down": 0
        },
        {
            "img_url": "https://www.tingdao.org/Public/Images/Admin/Upload/15925666195eeca35ba8e59.jpg",
            "title": "2013年02月17日 腓利门书（黄汉先）",
            "add_time": "2020-06-19 19:35:26",
            "zjid": "1250",
            "number": "1",
            "zjl": "484",
            "is_down": 0
        },
        {
            "img_url": "http://www.tingdao.org/Public/Images/Admin/Upload/15687535635d81479b096ac.jpg",
            "title": "2018年05月18-21日 德国纽伦堡福音造就营：路得记（黄汉先）",
            "add_time": "2018-05-18 00:00:00",
            "zjid": "1046",
            "number": "9",
            "zjl": "1883",
            "is_down": 0
        }
    ],
    "dyzt": 0,
    "authortime": [
        {
            "add_time": "2018"
        },
        {
            "add_time": "2020"
        },
        {
            "add_time": "2021"
        },
        {
            "add_time": "2023"
        },
        {
            "add_time": "2024"
        }
    ],
    "tags": [
        {
            "title": "圣经经卷详解",
            "id": "5"
        }
    ]
}