{
    "status": 1,
    "data": [
        {
            "author": "杨腓力",
            "user_img": "https://www.tingdao.org/Public/Images/Admin/Upload/622725adb09be.jpg",
            "number": "8",
            "zjl": "44585",
            "lxid": "1"
        }
    ],
    "list": [
        {
            "img_url": "https://www.tingdao.org/Public/Images/Admin/Upload/6420008d66f08.jpg",
            "title": "寻便寻见（杨腓力）",
            "add_time": "2023-03-26 16:18:32",
            "zjid": "1867",
            "number": "43",
            "zjl": "2376",
            "is_down": 0
        },
        {
            "img_url": "https://www.tingdao.org/Public/Images/Admin/Upload/624575f83c4a4.jpg",
            "title": "上帝的情书（杨腓力）经典朗读版",
            "add_time": "2022-03-31 17:33:21",
            "zjid": "1721",
            "number": "15",
            "zjl": "2321",
            "is_down": 0
        },
        {
            "img_url": "https://www.tingdao.org/Public/Images/Admin/Upload/622783d5cb8ad.jpg",
            "title": "灵魂幸存者（杨腓力）",
            "add_time": "2022-03-09 00:26:00",
            "zjid": "1710",
            "number": "33",
            "zjl": "1477",
            "is_down": 0
        },
        {
            "img_url": "https://www.tingdao.org/Public/Images/Admin/Upload/61e2b06f0dc5f.jpg",
            "title": "有话问苍天（杨腓力）",
            "add_time": "2022-01-15 19:30:27",
            "zjid": "1675",
            "number": "24",
            "zjl": "2011",
            "is_down": 0
        },
        {
            "img_url": "https://www.tingdao.org/Public/Images/Admin/Upload/60cd6d083bdac.jpg",
            "title": "上帝的情书（杨腓力）",
            "add_time": "2021-06-19 12:03:42",
            "zjid": "1542",
            "number": "41",
            "zjl": "2024",
            "is_down": 0
        },
        {
            "img_url": "https://www.tingdao.org/Public/Images/Admin/Upload/60a5e6237ec52.jpg",
            "title": "耶稣真貌（ 杨腓力）",
            "add_time": "2021-05-20 12:31:10",
            "zjid": "1505",
            "number": "30",
            "zjl": "2847",
            "is_down": 0
        },
        {
            "img_url": "https://www.tingdao.org/Public/Images/Admin/Upload/5f5b9df1c528b.jpg",
            "title": "无语问上帝（杨腓力）",
            "add_time": "2020-09-11 23:54:50",
            "zjid": "1314",
            "number": "31",
            "zjl": "22106",
            "is_down": 0
        },
        {
            "img_url": "https://www.tingdao.org/Public/Images/Admin/Upload/621f368c81f8b.jpg",
            "title": "恩典多奇异（杨腓力）",
            "add_time": "2022-03-02 17:18:34",
            "zjid": "1700",
            "number": "35",
            "zjl": "9423",
            "is_down": 0
        }
    ],
    "dyzt": 0,
    "authortime": [
        {
            "add_time": "2020"
        },
        {
            "add_time": "2021"
        },
        {
            "add_time": "2022"
        },
        {
            "add_time": "2023"
        }
    ],
    "tags": []
}