{
    "status": 1,
    "data": [
        {
            "author": "查尔斯·司布真",
            "user_img": "https://www.tingdao.org/Public/Images/Admin/Upload/5f69da3b7f6a0.jpg",
            "number": "15",
            "zjl": "98373",
            "lxid": "1"
        }
    ],
    "list": [
        {
            "img_url": "https://www.tingdao.org/Public/Images/Admin/Upload/64688daa20398.jpg",
            "title": "司布真讲道选集",
            "add_time": "2023-05-20 00:00:00",
            "zjid": "1870",
            "number": "9",
            "zjl": "12508",
            "is_down": 0
        },
        {
            "img_url": "https://www.tingdao.org/Public/Images/Admin/Upload/60aa1a0cc4a9e.jpg",
            "title": "窄门附近的徘徊（查尔斯·司布真）",
            "add_time": "2021-05-23 17:01:00",
            "zjid": "1516",
            "number": "16",
            "zjl": "16169",
            "is_down": 0
        },
        {
            "img_url": "https://www.tingdao.org/Public/Images/Admin/Upload/5f6c09b818762.jpg",
            "title": "众弟子啊，你们当来-书念妇人的儿子（查尔斯·司布真）",
            "add_time": "2020-09-24 10:48:30",
            "zjid": "1360",
            "number": "2",
            "zjl": "7198",
            "is_down": 0
        },
        {
            "img_url": "https://www.tingdao.org/Public/Images/Admin/Upload/5f6c067992053.jpg",
            "title": "信心及其特权（查尔斯·司布真）",
            "add_time": "2020-09-24 10:35:59",
            "zjid": "1359",
            "number": "6",
            "zjl": "6012",
            "is_down": 0
        },
        {
            "img_url": "https://www.tingdao.org/Public/Images/Admin/Upload/5f6c046ba66b0.jpg",
            "title": "一切出乎神的恩典（查尔斯·司布真）",
            "add_time": "2020-09-24 10:27:48",
            "zjid": "1358",
            "number": "5",
            "zjl": "6155",
            "is_down": 0
        },
        {
            "img_url": "https://www.tingdao.org/Public/Images/Admin/Upload/5f6bf6f40817e.jpg",
            "title": "1857年证道：重生（查尔斯·司布真）",
            "add_time": "2020-09-24 09:22:18",
            "zjid": "1357",
            "number": "3",
            "zjl": "5324",
            "is_down": 0
        },
        {
            "img_url": "https://www.tingdao.org/Public/Images/Admin/Upload/5f6bf36206e7d.jpg",
            "title": "1885年证道：数不尽的爱（查尔斯·司布真）",
            "add_time": "2020-09-24 09:10:54",
            "zjid": "1356",
            "number": "6",
            "zjl": "3626",
            "is_down": 0
        },
        {
            "img_url": "https://www.tingdao.org/Public/Images/Admin/Upload/5f6bef688adf0.jpg",
            "title": "1865年证道：向伟大的救主敞开心扉（查尔斯·司布真）",
            "add_time": "2020-09-24 08:54:42",
            "zjid": "1355",
            "number": "4",
            "zjl": "2976",
            "is_down": 0
        },
        {
            "img_url": "https://www.tingdao.org/Public/Images/Admin/Upload/5f6becf2db4fb.jpg",
            "title": "1882年证道：信心从何而来（查尔斯·司布真）",
            "add_time": "2020-09-24 08:46:33",
            "zjid": "1354",
            "number": "3",
            "zjl": "4243",
            "is_down": 0
        },
        {
            "img_url": "https://www.tingdao.org/Public/Images/Admin/Upload/5f6bd20ec6b8b.jpeg",
            "title": "1869年证道：神怜悯的心肠（查尔斯·司布真）",
            "add_time": "2020-09-24 06:45:25",
            "zjid": "1353",
            "number": "5",
            "zjl": "2130",
            "is_down": 0
        },
        {
            "img_url": "https://www.tingdao.org/Public/Images/Admin/Upload/5f6bc77d39afb.jpg",
            "title": "1891年证道：十弦琴（查尔斯·司布真）",
            "add_time": "2020-09-24 06:07:34",
            "zjid": "1352",
            "number": "7",
            "zjl": "1737",
            "is_down": 0
        },
        {
            "img_url": "https://www.tingdao.org/Public/Images/Admin/Upload/5f6b2910b12a1.jpg",
            "title": "1890年证道：救恩的简单与崇高（查尔斯·司布真）",
            "add_time": "2020-09-23 18:50:44",
            "zjid": "1351",
            "number": "3",
            "zjl": "1927",
            "is_down": 0
        },
        {
            "img_url": "https://www.tingdao.org/Public/Images/Admin/Upload/5f6b265936cf4.jpg",
            "title": "1890年证道：耶稣开始行神迹（查尔斯·司布真）",
            "add_time": "2020-09-23 18:39:07",
            "zjid": "1350",
            "number": "4",
            "zjl": "2004",
            "is_down": 0
        },
        {
            "img_url": "https://www.tingdao.org/Public/Images/Admin/Upload/5f6aeae397792.jpg",
            "title": "1856年证道：得与失（查尔斯·司布真）",
            "add_time": "2020-09-23 14:22:01",
            "zjid": "1349",
            "number": "6",
            "zjl": "4063",
            "is_down": 0
        },
        {
            "img_url": "https://www.tingdao.org/Public/Images/Admin/Upload/5f69da4469672.jpg",
            "title": "都是恩典（查尔斯·司布真）",
            "add_time": "2020-09-22 19:02:41",
            "zjid": "1343",
            "number": "30",
            "zjl": "22301",
            "is_down": 0
        }
    ],
    "dyzt": 0,
    "authortime": [
        {
            "add_time": "2020"
        },
        {
            "add_time": "2021"
        },
        {
            "add_time": "2023"
        }
    ],
    "tags": []
}