{
    "status": 1,
    "data": [
        {
            "author": "圣经",
            "user_img": "http://www.tingdao.org/Public/Images/Admin/Upload/15712494865da75d4e2c05c.jpg",
            "number": "2",
            "zjl": "498736",
            "lxid": "1"
        }
    ],
    "list": [
        {
            "img_url": "http://www.tingdao.org/Public/Images/Admin/Upload/15712497165da75e344a860.jpg",
            "title": "【有聲聖經】中文和合本聖經100週年紀念(1919-2019)",
            "add_time": "2019-10-17 02:03:53",
            "zjid": "1083",
            "number": "68",
            "zjl": "414887",
            "is_down": 0
        },
        {
            "img_url": "http://www.tingdao.org/Public/Images/Admin/Upload/15713355585da8ad868b522.jpg",
            "title": "圣经-和合本（磐石版）",
            "add_time": "2019-10-18 02:01:57",
            "zjid": "1084",
            "number": "66",
            "zjl": "83849",
            "is_down": 0
        }
    ],
    "dyzt": 0,
    "authortime": [
        {
            "add_time": "2019"
        }
    ],
    "tags": []
}