{
    "status": 1,
    "data": [
        {
            "author": "迈尔",
            "user_img": "https://www.tingdao.org/Public/Images/Admin/Upload/602b484776ac1.jpg",
            "number": "14",
            "zjl": "31340",
            "lxid": "1"
        }
    ],
    "list": [
        {
            "img_url": "https://www.tingdao.org/Public/Images/Admin/Upload/6093f7d97956f.jpg",
            "title": "有声书：神引导的秘诀（迈尔）",
            "add_time": "2021-05-06 22:05:59",
            "zjid": "1501",
            "number": "7",
            "zjl": "7550",
            "is_down": 0
        },
        {
            "img_url": "https://www.tingdao.org/Public/Images/Admin/Upload/6046e5c512061.jpg",
            "title": "圣经人物传-撒母耳（迈尔）",
            "add_time": "2021-03-09 11:02:25",
            "zjid": "1486",
            "number": "25",
            "zjl": "5013",
            "is_down": 0
        },
        {
            "img_url": "https://www.tingdao.org/Public/Images/Admin/Upload/6043551383a5f.jpg",
            "title": "圣经人物传-撒迦利亚（迈尔）",
            "add_time": "2021-03-06 18:10:03",
            "zjid": "1484",
            "number": "15",
            "zjl": "1748",
            "is_down": 0
        },
        {
            "img_url": "https://www.tingdao.org/Public/Images/Admin/Upload/604346ccd3cbc.jpg",
            "title": "圣经人物传-约瑟（迈尔）",
            "add_time": "2021-03-06 17:07:39",
            "zjid": "1483",
            "number": "16",
            "zjl": "2118",
            "is_down": 0
        },
        {
            "img_url": "https://www.tingdao.org/Public/Images/Admin/Upload/60433157d9413.jpg",
            "title": "圣经人物传-约书亚（迈尔）",
            "add_time": "2021-03-06 15:36:03",
            "zjid": "1482",
            "number": "22",
            "zjl": "1650",
            "is_down": 0
        },
        {
            "img_url": "https://www.tingdao.org/Public/Images/Admin/Upload/6042ef731a05c.jpg",
            "title": "圣经人物传-保罗（迈尔）",
            "add_time": "2021-03-06 10:55:00",
            "zjid": "1481",
            "number": "21",
            "zjl": "1915",
            "is_down": 0
        },
        {
            "img_url": "https://www.tingdao.org/Public/Images/Admin/Upload/60424c71c4bae.jpg",
            "title": "圣经人物传-施洗约翰（迈尔）",
            "add_time": "2021-03-05 23:16:32",
            "zjid": "1480",
            "number": "17",
            "zjl": "810",
            "is_down": 0
        },
        {
            "img_url": "https://www.tingdao.org/Public/Images/Admin/Upload/6040615659115.jpg",
            "title": "圣经人物传-彼得（迈尔）",
            "add_time": "2021-03-04 12:25:21",
            "zjid": "1479",
            "number": "25",
            "zjl": "1499",
            "is_down": 0
        },
        {
            "img_url": "https://www.tingdao.org/Public/Images/Admin/Upload/603e4a753b5e3.jpg",
            "title": "圣经人物传-耶利米（迈尔）",
            "add_time": "2021-03-02 22:21:26",
            "zjid": "1478",
            "number": "20",
            "zjl": "1155",
            "is_down": 0
        },
        {
            "img_url": "https://www.tingdao.org/Public/Images/Admin/Upload/6030cf083d736.jpg",
            "title": "圣经人物传-大卫（迈尔）",
            "add_time": "2021-02-20 16:55:40",
            "zjid": "1466",
            "number": "27",
            "zjl": "1493",
            "is_down": 0
        },
        {
            "img_url": "https://www.tingdao.org/Public/Images/Admin/Upload/602bc295d3d59.jpg",
            "title": "圣经人物传-以利亚（迈尔）",
            "add_time": "2021-02-16 20:57:51",
            "zjid": "1461",
            "number": "20",
            "zjl": "1352",
            "is_down": 0
        },
        {
            "img_url": "https://www.tingdao.org/Public/Images/Admin/Upload/602b7b3c994aa.jpg",
            "title": "圣经人物传-亚伯拉罕（迈尔）",
            "add_time": "2021-02-16 15:55:46",
            "zjid": "1460",
            "number": "24",
            "zjl": "1613",
            "is_down": 0
        },
        {
            "img_url": "https://www.tingdao.org/Public/Images/Admin/Upload/602b5c1214540.jpg",
            "title": "圣经人物传-摩西（迈尔）",
            "add_time": "2021-02-16 13:39:49",
            "zjid": "1459",
            "number": "28",
            "zjl": "1526",
            "is_down": 0
        },
        {
            "img_url": "https://www.tingdao.org/Public/Images/Admin/Upload/602b4850c3186.jpg",
            "title": "圣经人物传-雅各（迈尔）",
            "add_time": "2021-02-16 12:20:54",
            "zjid": "1458",
            "number": "16",
            "zjl": "1898",
            "is_down": 0
        }
    ],
    "dyzt": 0,
    "authortime": [
        {
            "add_time": "2021"
        }
    ],
    "tags": []
}