{
    "status": 1,
    "data": [
        {
            "author": "俞成华",
            "user_img": "http://www.tingdao.org/Public/Images/Admin/Upload/15566505745cc89a4e8509b.jpg",
            "number": "1",
            "zjl": "11644",
            "lxid": "1"
        }
    ],
    "list": [
        {
            "img_url": "http://www.tingdao.org/Public/Images/Admin/Upload/15566505865cc89a5a153f9.jpg",
            "title": "进入神生命的道路（俞成华）",
            "add_time": "2019-05-01 02:53:19",
            "zjid": "773",
            "number": "10",
            "zjl": "11644",
            "is_down": 0
        }
    ],
    "dyzt": 0,
    "authortime": [
        {
            "add_time": "2019"
        }
    ],
    "tags": []
}