{
    "status": 1,
    "data": [
        {
            "author": "马太·亨利",
            "user_img": "https://www.tingdao.org/Public/Images/Admin/Upload/60f908d7392a2.jpg",
            "number": "1",
            "zjl": "16420",
            "lxid": "1"
        }
    ],
    "list": [
        {
            "img_url": "https://www.tingdao.org/Public/Images/Admin/Upload/60f908dfa7eb9.jpg",
            "title": "祷告的方法（马太·亨利）",
            "add_time": "2021-09-08 00:00:00",
            "zjid": "1554",
            "number": "66",
            "zjl": "16420",
            "is_down": 0
        }
    ],
    "dyzt": 0,
    "authortime": [
        {
            "add_time": "2021"
        }
    ],
    "tags": []
}