[
    {
        "author": "圣经",
        "user_img": "http://www.tingdao.org/Public/Images/Admin/Upload/15712494865da75d4e2c05c.jpg",
        "number": "2",
        "lxid": "1"
    },
    {
        "author": "书籍推荐",
        "user_img": "https://www.tingdao.org/Public/Images/Admin/Upload/15921375075ee617231a63e.jpg",
        "number": "98",
        "lxid": "1"
    },
    {
        "author": "儿童专栏",
        "user_img": "http://www.tingdao.org/Public/Images/Admin/Upload/15511380795c747d1f1b528.jpg",
        "number": "17",
        "lxid": "1"
    },
    {
        "author": "陈希曾",
        "user_img": "http://www.tingdao.org/Public/Images/Admin/Upload/15321119005b522c1cb54bf.jpg",
        "number": "271",
        "lxid": "1"
    },
    {
        "author": "江守道",
        "user_img": "http://www.tingdao.org/Public/Images/Admin/Upload/15322016795b538acf31784.jpg",
        "number": "104",
        "lxid": "1"
    },
    {
        "author": "刘志雄",
        "user_img": "http://www.tingdao.org/Public/Images/Admin/Upload/15677138165d716a18a3167.jpg",
        "number": "372",
        "lxid": "1"
    },
    {
        "author": "查尔斯·司布真",
        "user_img": "https://www.tingdao.org/Public/Images/Admin/Upload/5f69da3b7f6a0.jpg",
        "number": "15",
        "lxid": "1"
    },
    {
        "author": "吴勇",
        "user_img": "http://www.tingdao.org/Public/Images/Admin/Upload/15377970085ba8eb90b993e.jpg",
        "number": "51",
        "lxid": "1"
    },
    {
        "author": "王国显",
        "user_img": "http://www.tingdao.org/Public/Images/Admin/Upload/15699623545d93b97222160.jpg",
        "number": "51",
        "lxid": "1"
    },
    {
        "author": "提姆·凯乐",
        "user_img": "https://www.tingdao.org/Public/Images/Admin/Upload/60a88c1bb7406.jpg",
        "number": "8",
        "lxid": "1"
    },
    {
        "author": "D·A·卡森",
        "user_img": "https://www.tingdao.org/Public/Images/Admin/Upload/61013a17c5627.jpg",
        "number": "5",
        "lxid": "1"
    },
    {
        "author": "约翰·派博",
        "user_img": "https://www.tingdao.org/Public/Images/Admin/Upload/60ba26628e390.jpg",
        "number": "6",
        "lxid": "1"
    },
    {
        "author": "马太·亨利",
        "user_img": "https://www.tingdao.org/Public/Images/Admin/Upload/60f908d7392a2.jpg",
        "number": "1",
        "lxid": "1"
    },
    {
        "author": "派罗",
        "user_img": "https://www.tingdao.org/Public/Images/Admin/Upload/60fa42043f1ff.jpg",
        "number": "7",
        "lxid": "1"
    },
    {
        "author": "亚当斯",
        "user_img": "https://www.tingdao.org/Public/Images/Admin/Upload/60fa8cdfb8141.jpg",
        "number": "2",
        "lxid": "1"
    },
    {
        "author": "周毕克",
        "user_img": "https://www.tingdao.org/Public/Images/Admin/Upload/60fd2148f02f3.jpg",
        "number": "3",
        "lxid": "1"
    },
    {
        "author": "迈尔",
        "user_img": "https://www.tingdao.org/Public/Images/Admin/Upload/602b484776ac1.jpg",
        "number": "14",
        "lxid": "1"
    },
    {
        "author": "宣信",
        "user_img": "https://www.tingdao.org/Public/Images/Admin/Upload/61188bc01ee04.jpg",
        "number": "10",
        "lxid": "1"
    },
    {
        "author": "乔治·慕勒",
        "user_img": "https://www.tingdao.org/Public/Images/Admin/Upload/61224abdd184c.jpg",
        "number": "3",
        "lxid": "1"
    },
    {
        "author": "考门夫人",
        "user_img": "https://www.tingdao.org/Public/Images/Admin/Upload/613c38066736b.jpg",
        "number": "24",
        "lxid": "1"
    },
    {
        "author": "边云波",
        "user_img": "https://www.tingdao.org/Public/Images/Admin/Upload/61c878f87256b.jpg",
        "number": "3",
        "lxid": "1"
    },
    {
        "author": "杨腓力",
        "user_img": "https://www.tingdao.org/Public/Images/Admin/Upload/622725adb09be.jpg",
        "number": "8",
        "lxid": "1"
    },
    {
        "author": "坎伯·摩根",
        "user_img": "https://www.tingdao.org/Public/Images/Admin/Upload/623261ab14b0d.jpg",
        "number": "1",
        "lxid": "1"
    },
    {
        "author": "辛克莱·傅格森",
        "user_img": "https://www.tingdao.org/Public/Images/Admin/Upload/63223ccf0f129.jpg",
        "number": "6",
        "lxid": "1"
    },
    {
        "author": "查理·马金多",
        "user_img": "https://www.tingdao.org/Public/Images/Admin/Upload/602275709c2a2.jpg",
        "number": "2",
        "lxid": "1"
    },
    {
        "author": "丁燕婴",
        "user_img": "https://www.tingdao.org/Public/Images/Admin/Upload/621ddb5081e35.jpg",
        "number": "31",
        "lxid": "1"
    },
    {
        "author": "奥斯瓦尔德·章伯斯",
        "user_img": "https://www.tingdao.org/Public/Images/Admin/Upload/5f6640fcd379c.jpg",
        "number": "12",
        "lxid": "1"
    },
    {
        "author": "于宏洁",
        "user_img": "http://www.tingdao.org/Public/Images/Admin/Upload/15321979245b537c24c58eb.jpg",
        "number": "79",
        "lxid": "1"
    },
    {
        "author": "焦源濂",
        "user_img": "http://www.tingdao.org/Public/Images/Admin/Upload/15584769815ce478b5bd320.jpg",
        "number": "25",
        "lxid": "1"
    },
    {
        "author": "林道亮",
        "user_img": "http://www.tingdao.org/Public/Images/Admin/Upload/15584785885ce47efc1c204.jpg",
        "number": "40",
        "lxid": "1"
    },
    {
        "author": "史百克",
        "user_img": "http://www.tingdao.org/Public/Images/Admin/Upload/15540393365ca0c2286f1e8.jpg",
        "number": "15",
        "lxid": "1"
    },
    {
        "author": "倪柝声",
        "user_img": "http://www.tingdao.org/Public/Images/Admin/Upload/15539401615c9f3ec1897e5.jpg",
        "number": "45",
        "lxid": "1"
    },
    {
        "author": "唐崇荣",
        "user_img": "http://www.tingdao.org/Public/Images/Admin/Upload/15321942755b536de36a839.jpg",
        "number": "15",
        "lxid": "1"
    },
    {
        "author": "彭动平",
        "user_img": "http://www.tingdao.org/Public/Images/Admin/Upload/15763324605df4ecac13e24.jpg",
        "number": "60",
        "lxid": "1"
    },
    {
        "author": "宾路易师母",
        "user_img": "http://www.tingdao.org/Public/Images/Admin/Upload/15566424925cc87abc5ccac.jpg",
        "number": "6",
        "lxid": "1"
    },
    {
        "author": "宋尚节",
        "user_img": "http://www.tingdao.org/Public/Images/Admin/Upload/15583893135ce32241bfd8a.jpg",
        "number": "3",
        "lxid": "1"
    },
    {
        "author": "徐华",
        "user_img": "http://www.tingdao.org/Public/Images/Admin/Upload/15536336185c9a915217a8f.jpg",
        "number": "7",
        "lxid": "1"
    },
    {
        "author": "王明道",
        "user_img": "http://www.tingdao.org/Public/Images/Admin/Upload/15629613985d28e5f64318c.jpg",
        "number": "13",
        "lxid": "1"
    },
    {
        "author": "约翰·加尔文",
        "user_img": "https://www.tingdao.org/Public/Images/Admin/Upload/5f60880b79af9.jpg",
        "number": "4",
        "lxid": "1"
    },
    {
        "author": "慕安德烈",
        "user_img": "http://www.tingdao.org/Public/Images/Admin/Upload/15539844485c9febc0166cd.jpg",
        "number": "16",
        "lxid": "1"
    },
    {
        "author": "盖恩夫人",
        "user_img": "http://www.tingdao.org/Public/Images/Admin/Upload/15566597015cc8bdf559971.jpg",
        "number": "5",
        "lxid": "1"
    },
    {
        "author": "于力工",
        "user_img": "http://www.tingdao.org/Public/Images/Admin/Upload/15685738715d7e89af6db4a.jpg",
        "number": "13",
        "lxid": "1"
    },
    {
        "author": "R·C·史普罗",
        "user_img": "https://www.tingdao.org/Public/Images/Admin/Upload/60d6f9483954a.jpg",
        "number": "19",
        "lxid": "1"
    },
    {
        "author": "郭定强",
        "user_img": "http://www.tingdao.org/Public/Images/Admin/Upload/15785145875e16389b7d8c8.jpg",
        "number": "15",
        "lxid": "1"
    },
    {
        "author": "蓝培德",
        "user_img": "http://www.tingdao.org/Public/Images/Admin/Upload/15666493765d612c203d564.jpg",
        "number": "11",
        "lxid": "1"
    },
    {
        "author": "陶恕",
        "user_img": "https://www.tingdao.org/Public/Images/Admin/Upload/63465b573daa6.jpg",
        "number": "2",
        "lxid": "1"
    },
    {
        "author": "王守仁",
        "user_img": "http://www.tingdao.org/Public/Images/Admin/Upload/15710582895da472710c37d.jpg",
        "number": "23",
        "lxid": "1"
    },
    {
        "author": "孙国铎",
        "user_img": "http://www.tingdao.org/Public/Images/Admin/Upload/15331279655b61ad1d49043.jpg",
        "number": "52",
        "lxid": "1"
    },
    {
        "author": "李渊如",
        "user_img": "http://www.tingdao.org/Public/Images/Admin/Upload/15629652415d28f4f9bb08f.jpg",
        "number": "2",
        "lxid": "1"
    },
    {
        "author": "托马斯·厄·肯培",
        "user_img": "http://www.tingdao.org/Public/Images/Admin/Upload/15644395065d3f73d2b200f.jpg",
        "number": "5",
        "lxid": "1"
    },
    {
        "author": "黄汉先",
        "user_img": "http://www.tingdao.org/Public/Images/Admin/Upload/15687537705d81486ab0075.jpg",
        "number": "10",
        "lxid": "1"
    },
    {
        "author": "康来昌",
        "user_img": "http://www.tingdao.org/Public/Images/Admin/Upload/15698654235d923ecf884ec.jpg",
        "number": "7",
        "lxid": "1"
    },
    {
        "author": "沈保罗",
        "user_img": "http://www.tingdao.org/Public/Images/Admin/Upload/15737491945dcd81ca33638.jpg",
        "number": "12",
        "lxid": "1"
    },
    {
        "author": "柏盛享",
        "user_img": "http://www.tingdao.org/Public/Images/Admin/Upload/15523959075c87ae83bd86b.jpg",
        "number": "39",
        "lxid": "1"
    },
    {
        "author": "吴浩",
        "user_img": "http://www.tingdao.org/Public/Images/Admin/Upload/15469532315c34a20fef0b7.jpg",
        "number": "7",
        "lxid": "1"
    },
    {
        "author": "钟马田",
        "user_img": "http://www.tingdao.org/Public/Images/Admin/Upload/15732502325dc5e4b81a6e4.jpg",
        "number": "12",
        "lxid": "1"
    },
    {
        "author": "彭广纯",
        "user_img": "https://www.tingdao.org/Public/Images/Admin/Upload/15928436815ef0dda1e3dfa.jpg",
        "number": "9",
        "lxid": "1"
    },
    {
        "author": "刘王爱君",
        "user_img": "http://www.tingdao.org/Public/Images/Admin/Upload/15336665885b69e51c955fd.jpg",
        "number": "14",
        "lxid": "1"
    },
    {
        "author": "俞成华",
        "user_img": "http://www.tingdao.org/Public/Images/Admin/Upload/15566505745cc89a4e8509b.jpg",
        "number": "1",
        "lxid": "1"
    },
    {
        "author": "喻马可",
        "user_img": "http://www.tingdao.org/Public/Images/Admin/Upload/15709845555da3526b55d27.jpg",
        "number": "16",
        "lxid": "1"
    },
    {
        "author": "康登",
        "user_img": "http://www.tingdao.org/Public/Images/Admin/Upload/15391248695bbd2e85e8d27.jpg",
        "number": "4",
        "lxid": "1"
    },
    {
        "author": "莱尔",
        "user_img": "https://www.tingdao.org/Public/Images/Admin/Upload/5f62d64a06569.jpg",
        "number": "10",
        "lxid": "1"
    },
    {
        "author": "约翰·达秘",
        "user_img": "http://www.tingdao.org/Public/Images/Admin/Upload/15784784225e15ab5667310.jpg",
        "number": "1",
        "lxid": "1"
    },
    {
        "author": "詹姆斯·因内尔·巴刻",
        "user_img": "https://www.tingdao.org/Public/Images/Admin/Upload/5f67d1cfd8127.jpg",
        "number": "6",
        "lxid": "1"
    },
    {
        "author": "魏建章",
        "user_img": "http://www.tingdao.org/Public/Images/Admin/Upload/15567302335cc9d179d8563.jpg",
        "number": "1",
        "lxid": "1"
    },
    {
        "author": "约翰·欧文",
        "user_img": "https://www.tingdao.org/Public/Images/Admin/Upload/5f6a6ab7f33ec.jpg",
        "number": "3",
        "lxid": "1"
    },
    {
        "author": "约拿单·爱德华兹",
        "user_img": "https://www.tingdao.org/Public/Images/Admin/Upload/5f6adb0fe815c.jpg",
        "number": "5",
        "lxid": "1"
    },
    {
        "author": "黄子嘉",
        "user_img": "https://www.tingdao.org/Public/Images/Admin/Upload/15897263885ec14cb495342.jpg",
        "number": "5",
        "lxid": "1"
    },
    {
        "author": "C·S·路易斯",
        "user_img": "https://www.tingdao.org/Public/Images/Admin/Upload/5f740dd431437.jpg",
        "number": "7",
        "lxid": "1"
    }
]