{
    "status": 1,
    "data": [
        {
            "author": "约翰·达秘",
            "user_img": "http://www.tingdao.org/Public/Images/Admin/Upload/15784784225e15ab5667310.jpg",
            "number": "1",
            "zjl": "9674",
            "lxid": "1"
        }
    ],
    "list": [
        {
            "img_url": "http://www.tingdao.org/Public/Images/Admin/Upload/15784783735e15ab2553c78.jpg",
            "title": "基督是我们的满足（约翰·达秘）",
            "add_time": "2020-01-07 00:00:00",
            "zjid": "777",
            "number": "52",
            "zjl": "9674",
            "is_down": 0
        }
    ],
    "dyzt": 0,
    "authortime": [
        {
            "add_time": "2020"
        }
    ],
    "tags": []
}