{
    "status": 1,
    "data": [
        {
            "author": "儿童专栏",
            "user_img": "http://www.tingdao.org/Public/Images/Admin/Upload/15511380795c747d1f1b528.jpg",
            "number": "15",
            "zjl": "216677",
            "lxid": "1"
        }
    ],
    "list": [
        {
            "img_url": "https://www.tingdao.org/Public/Images/Admin/Upload/65c55a9b22ff4.jpg",
            "title": "故事人生：电气科学创始人-迈克尔·法拉第",
            "add_time": "2024-02-09 06:49:38",
            "zjid": "1939",
            "number": "3",
            "zjl": "4928",
            "is_down": 0
        },
        {
            "img_url": "https://www.tingdao.org/Public/Images/Admin/Upload/657e3bfc96f67.jpg",
            "title": "我爱吕西安（帕特里夏·圣约翰）",
            "add_time": "2023-12-17 08:08:07",
            "zjid": "1922",
            "number": "27",
            "zjl": "5337",
            "is_down": 0
        },
        {
            "img_url": "https://www.tingdao.org/Public/Images/Admin/Upload/646a2b6950d67.jpg",
            "title": "金钥匙（乔治·麦克唐纳）",
            "add_time": "2023-05-21 22:31:50",
            "zjid": "1878",
            "number": "10",
            "zjl": "7792",
            "is_down": 0
        },
        {
            "img_url": "https://www.tingdao.org/Public/Images/Admin/Upload/6404a1d83ba9f.jpg",
            "title": "轻轻公主（乔治·麦克唐纳）",
            "add_time": "2023-03-05 22:04:44",
            "zjid": "1864",
            "number": "16",
            "zjl": "10131",
            "is_down": 0
        },
        {
            "img_url": "https://www.tingdao.org/Public/Images/Admin/Upload/63cfcb7f3d2d3.jpg",
            "title": "儿童圣经故事（夏凡哥哥）",
            "add_time": "2023-01-24 20:11:02",
            "zjid": "1851",
            "number": "399",
            "zjl": "27504",
            "is_down": 0
        },
        {
            "img_url": "https://www.tingdao.org/Public/Images/Admin/Upload/63ca444e2a480.jpg",
            "title": "橡果中的橡树（The Oak inside the Acorn）（陆可铎）",
            "add_time": "2023-01-20 15:35:07",
            "zjid": "1847",
            "number": "1",
            "zjl": "4717",
            "is_down": 0
        },
        {
            "img_url": "https://www.tingdao.org/Public/Images/Admin/Upload/638bd12c30df2.jpg",
            "title": "吴姐姐讲圣经故事（一）：创世记",
            "add_time": "2022-12-04 06:43:22",
            "zjid": "1825",
            "number": "40",
            "zjl": "8148",
            "is_down": 0
        },
        {
            "img_url": "https://www.tingdao.org/Public/Images/Admin/Upload/63539d3272f67.jpg",
            "title": "圣经故事广播剧",
            "add_time": "2022-10-22 15:34:48",
            "zjid": "1804",
            "number": "51",
            "zjl": "11642",
            "is_down": 0
        },
        {
            "img_url": "https://www.tingdao.org/Public/Images/Admin/Upload/63530447a1789.jpg",
            "title": "儿童品格广播剧",
            "add_time": "2022-10-22 04:41:35",
            "zjid": "1803",
            "number": "52",
            "zjl": "31119",
            "is_down": 0
        },
        {
            "img_url": "https://www.tingdao.org/Public/Images/Admin/Upload/63527f287e0ef.jpg",
            "title": "绝妙小剧场",
            "add_time": "2022-10-21 19:14:12",
            "zjid": "1802",
            "number": "158",
            "zjl": "12449",
            "is_down": 0
        },
        {
            "img_url": "https://www.tingdao.org/Public/Images/Admin/Upload/632a341369adf.jpg",
            "title": "天路历程-绘本版：危险的旅途（约翰·本仁）",
            "add_time": "2022-09-21 05:43:17",
            "zjid": "1795",
            "number": "10",
            "zjl": "5566",
            "is_down": 0
        },
        {
            "img_url": "https://www.tingdao.org/Public/Images/Admin/Upload/62ea12760687c.jpg",
            "title": "你很特别（陆可铎）",
            "add_time": "2022-08-03 14:14:21",
            "zjid": "1769",
            "number": "1",
            "zjl": "9488",
            "is_down": 0
        },
        {
            "img_url": "https://www.tingdao.org/Public/Images/Admin/Upload/62ca68efd4814.jpg",
            "title": "三棵树的愿望（作者：找到啦）",
            "add_time": "2022-07-10 13:46:06",
            "zjid": "1759",
            "number": "2",
            "zjl": "8659",
            "is_down": 0
        },
        {
            "img_url": "https://www.tingdao.org/Public/Images/Admin/Upload/61e7b712a9265.jpg",
            "title": "圣经里的故事（G‧英沃森夫人）",
            "add_time": "2022-04-10 00:00:00",
            "zjid": "1681",
            "number": "383",
            "zjl": "18729",
            "is_down": 0
        },
        {
            "img_url": "http://www.tingdao.org/Public/Images/Admin/Upload/15511380955c747d2f09af5.jpg",
            "title": "睡梦乡儿童圣经故事",
            "add_time": "2019-02-26 07:37:38",
            "zjid": "538",
            "number": "36",
            "zjl": "50468",
            "is_down": 0
        }
    ],
    "dyzt": 0,
    "authortime": [
        {
            "add_time": "2019"
        },
        {
            "add_time": "2022"
        },
        {
            "add_time": "2023"
        },
        {
            "add_time": "2024"
        }
    ],
    "tags": []
}