{
    "status": 1,
    "data": [
        {
            "author": "坎伯·摩根",
            "user_img": "https://www.tingdao.org/Public/Images/Admin/Upload/623261ab14b0d.jpg",
            "number": "1",
            "zjl": "7930",
            "lxid": "1"
        }
    ],
    "list": [
        {
            "img_url": "https://www.tingdao.org/Public/Images/Admin/Upload/623261b31b761.jpg",
            "title": "摩根解经-马太福音（坎伯·摩根）",
            "add_time": "2022-03-17 06:14:37",
            "zjid": "1712",
            "number": "72",
            "zjl": "7930",
            "is_down": 0
        }
    ],
    "dyzt": 0,
    "authortime": [
        {
            "add_time": "2022"
        }
    ],
    "tags": []
}