{
    "status": 1,
    "data": [
        {
            "author": "康登",
            "user_img": "http://www.tingdao.org/Public/Images/Admin/Upload/15391248695bbd2e85e8d27.jpg",
            "number": "4",
            "zjl": "6601",
            "lxid": "1"
        }
    ],
    "list": [
        {
            "img_url": "http://www.tingdao.org/Public/Images/Admin/Upload/15400377625bcb1c82342b0.jpg",
            "title": "2018-2019年 CBM教会每周三读经聚会：希伯来书（康登）",
            "add_time": "2019-04-26 00:00:00",
            "zjid": "388",
            "number": "24",
            "zjl": "1373",
            "is_down": 0
        },
        {
            "img_url": "http://www.tingdao.org/Public/Images/Admin/Upload/15545530105ca898b21506d.jpg",
            "title": "2005年01月28-30日 纽瓦克基督徒聚会周末特会：启示录（康登）",
            "add_time": "2005-01-28 00:00:00",
            "zjid": "681",
            "number": "4",
            "zjl": "4259",
            "is_down": 0
        },
        {
            "img_url": "http://www.tingdao.org/Public/Images/Admin/Upload/15396780695bc59f75b142f.jpg",
            "title": "2005年08月26-28日 西雅图基督的教会夏令会：奉献（康登）",
            "add_time": "2005-08-26 00:00:00",
            "zjid": "381",
            "number": "4",
            "zjl": "480",
            "is_down": 0
        },
        {
            "img_url": "http://www.tingdao.org/Public/Images/Admin/Upload/15391249265bbd2ebec3c71.jpg",
            "title": "2011年09月17-18日 东区基督教会特会（康登）",
            "add_time": "2011-09-17 00:00:00",
            "zjid": "362",
            "number": "2",
            "zjl": "489",
            "is_down": 0
        }
    ],
    "dyzt": 0,
    "authortime": [
        {
            "add_time": "2011"
        },
        {
            "add_time": "2005"
        },
        {
            "add_time": "2019"
        }
    ],
    "tags": [
        {
            "title": "圣经经卷详解",
            "id": "5"
        }
    ]
}