{
    "status": 1,
    "data": [
        {
            "author": "盖恩夫人",
            "user_img": "http://www.tingdao.org/Public/Images/Admin/Upload/15566597015cc8bdf559971.jpg",
            "number": "5",
            "zjl": "85144",
            "lxid": "1"
        }
    ],
    "list": [
        {
            "img_url": "https://www.tingdao.org/Public/Images/Admin/Upload/63e80943a0a74.jpg",
            "title": "与神联合（盖恩夫人）",
            "add_time": "2023-02-12 05:30:35",
            "zjid": "1858",
            "number": "1",
            "zjl": "8719",
            "is_down": 0
        },
        {
            "img_url": "https://www.tingdao.org/Public/Images/Admin/Upload/6280c5f0c4092.jpg",
            "title": "盖恩夫人的信（俞成华译）",
            "add_time": "2022-05-15 17:18:05",
            "zjid": "1744",
            "number": "9",
            "zjl": "10029",
            "is_down": 0
        },
        {
            "img_url": "http://www.tingdao.org/Public/Images/Admin/Upload/15566597305cc8be12c2f3e.jpg",
            "title": "馨香的没药（盖恩夫人）",
            "add_time": "2019-03-30 00:00:00",
            "zjid": "774",
            "number": "28",
            "zjl": "24827",
            "is_down": 0
        },
        {
            "img_url": "http://www.tingdao.org/Public/Images/Admin/Upload/15566605285cc8c13067bb4.jpg",
            "title": "简易祈祷法（盖恩夫人）",
            "add_time": "2019-04-18 00:00:00",
            "zjid": "775",
            "number": "28",
            "zjl": "20824",
            "is_down": 0
        },
        {
            "img_url": "http://www.tingdao.org/Public/Images/Admin/Upload/15566610715cc8c34fdf7e9.jpg",
            "title": "更深经历耶稣基督（盖恩夫人）",
            "add_time": "2019-04-18 00:00:00",
            "zjid": "776",
            "number": "26",
            "zjl": "20745",
            "is_down": 0
        }
    ],
    "dyzt": 0,
    "authortime": [
        {
            "add_time": "2019"
        },
        {
            "add_time": "2022"
        },
        {
            "add_time": "2023"
        }
    ],
    "tags": []
}