{
    "status": 1,
    "data": [
        {
            "author": "詹姆斯·因内尔·巴刻",
            "user_img": "https://www.tingdao.org/Public/Images/Admin/Upload/5f67d1cfd8127.jpg",
            "number": "6",
            "zjl": "19405",
            "lxid": "1"
        }
    ],
    "list": [
        {
            "img_url": "https://www.tingdao.org/Public/Images/Admin/Upload/6129e75b0c24a.jpg",
            "title": "简明神学（詹姆斯·因内尔·巴刻）",
            "add_time": "2021-08-28 15:27:15",
            "zjid": "1584",
            "number": "94",
            "zjl": "1139",
            "is_down": 0
        },
        {
            "img_url": "https://www.tingdao.org/Public/Images/Admin/Upload/60372ddb980a8.jpg",
            "title": "神的计划（詹姆斯·因内尔·巴刻）",
            "add_time": "2021-02-25 12:53:18",
            "zjid": "1471",
            "number": "65",
            "zjl": "923",
            "is_down": 0
        },
        {
            "img_url": "https://www.tingdao.org/Public/Images/Admin/Upload/5f6ae3d762075.jpg",
            "title": "软弱之道-靠主得力的人生（詹姆斯·因内尔·巴刻）",
            "add_time": "2020-09-23 13:55:42",
            "zjid": "1348",
            "number": "20",
            "zjl": "959",
            "is_down": 0
        },
        {
            "img_url": "https://www.tingdao.org/Public/Images/Admin/Upload/62912d28503f0.jpg",
            "title": "重寻圣洁（詹姆斯·因内尔·巴刻）",
            "add_time": "2022-05-28 03:56:43",
            "zjid": "1746",
            "number": "137",
            "zjl": "941",
            "is_down": 0
        },
        {
            "img_url": "https://www.tingdao.org/Public/Images/Admin/Upload/5f6959599bf84.jpg",
            "title": "生命的重整（詹姆斯·因内尔·巴刻）",
            "add_time": "2020-09-22 09:53:43",
            "zjid": "1340",
            "number": "10",
            "zjl": "824",
            "is_down": 0
        },
        {
            "img_url": "https://www.tingdao.org/Public/Images/Admin/Upload/5f67d04ab6e84.png",
            "title": "认识神（詹姆斯·因内尔·巴刻）",
            "add_time": "2020-09-21 05:55:34",
            "zjid": "1338",
            "number": "50",
            "zjl": "14619",
            "is_down": 0
        }
    ],
    "dyzt": 0,
    "authortime": [
        {
            "add_time": "2020"
        },
        {
            "add_time": "2021"
        },
        {
            "add_time": "2022"
        }
    ],
    "tags": []
}