{
    "status": 1,
    "data": [
        {
            "author": "黄子嘉",
            "user_img": "https://www.tingdao.org/Public/Images/Admin/Upload/15897263885ec14cb495342.jpg",
            "number": "5",
            "zjl": "10917",
            "lxid": "1"
        }
    ],
    "list": [
        {
            "img_url": "https://www.tingdao.org/Public/Images/Admin/Upload/6221bf088a661.jpg",
            "title": "2021年09月04-06日 秋季退修会：主正在建造教会（黄子嘉）",
            "add_time": "2022-03-04 15:20:00",
            "zjid": "1705",
            "number": "5",
            "zjl": "2195",
            "is_down": 0
        },
        {
            "img_url": "https://www.tingdao.org/Public/Images/Admin/Upload/60e1d01721f1d.jpg",
            "title": "2021年07月02-05日 纽约灵命进深会：由以弗所书看“新造的人”（黄子嘉）",
            "add_time": "2021-07-04 23:08:55",
            "zjid": "1548",
            "number": "4",
            "zjl": "1513",
            "is_down": 0
        },
        {
            "img_url": "https://www.tingdao.org/Public/Images/Admin/Upload/5faa4eb2be4c2.jpg",
            "title": "黄子嘉弟兄单独一堂讲道集",
            "add_time": "2020-11-10 16:24:39",
            "zjid": "1403",
            "number": "1",
            "zjl": "1471",
            "is_down": 0
        },
        {
            "img_url": "https://www.tingdao.org/Public/Images/Admin/Upload/15897265015ec14d2595daf.jpg",
            "title": "2020年05月17日 线上主日信息：危难中的平安（黄子嘉）",
            "add_time": "2020-05-17 22:34:26",
            "zjid": "1229",
            "number": "1",
            "zjl": "1124",
            "is_down": 0
        },
        {
            "img_url": "http://www.tingdao.org/Public/Images/Admin/Upload/15332145655b62ff656d1ac.jpg",
            "title": "2014年04月罗马书圣经营：信仰疑难问题解答（黄子嘉）",
            "add_time": "2014-04-01 00:00:00",
            "zjid": "37",
            "number": "2",
            "zjl": "4614",
            "is_down": 0
        }
    ],
    "dyzt": 0,
    "authortime": [
        {
            "add_time": "2014"
        },
        {
            "add_time": "2020"
        },
        {
            "add_time": "2021"
        },
        {
            "add_time": "2022"
        }
    ],
    "tags": [
        {
            "title": "单独一堂讲道系列",
            "id": "6"
        }
    ]
}