{
    "status": 1,
    "data": [
        {
            "author": "边云波",
            "user_img": "https://www.tingdao.org/Public/Images/Admin/Upload/61c878f87256b.jpg",
            "number": "3",
            "zjl": "10912",
            "lxid": "1"
        }
    ],
    "list": [
        {
            "img_url": "https://www.tingdao.org/Public/Images/Admin/Upload/61c8803f4377b.jpg",
            "title": "边云波弟兄的见证",
            "add_time": "2021-12-26 22:44:53",
            "zjid": "1665",
            "number": "1",
            "zjl": "4409",
            "is_down": 0
        },
        {
            "img_url": "https://www.tingdao.org/Public/Images/Admin/Upload/61c87c3a21747.jpg",
            "title": "1998年 大陆福音事工探讨 （边云波）",
            "add_time": "2021-12-26 22:24:49",
            "zjid": "1664",
            "number": "2",
            "zjl": "2616",
            "is_down": 0
        },
        {
            "img_url": "https://www.tingdao.org/Public/Images/Admin/Upload/61c87a2661673.jpg",
            "title": "1998年 向着标杆努力直跑 (边云波）",
            "add_time": "2021-12-26 22:08:02",
            "zjid": "1663",
            "number": "3",
            "zjl": "3887",
            "is_down": 0
        }
    ],
    "dyzt": 0,
    "authortime": [
        {
            "add_time": "2021"
        }
    ],
    "tags": []
}