{
    "status": 1,
    "data": [
        {
            "author": "吴勇",
            "user_img": "http://www.tingdao.org/Public/Images/Admin/Upload/15377970085ba8eb90b993e.jpg",
            "number": "51",
            "zjl": "194518",
            "lxid": "1"
        }
    ],
    "list": [
        {
            "img_url": "https://www.tingdao.org/Public/Images/Admin/Upload/6044b972339fa.jpg",
            "title": "生命与见证（吴勇）",
            "add_time": "2019-09-07 03:23:53",
            "zjid": "1028",
            "number": "37",
            "zjl": "97052",
            "is_down": 0
        },
        {
            "img_url": "http://www.tingdao.org/Public/Images/Admin/Upload/15671984285d698cdcbd0db.jpg",
            "title": "圣经人物（吴勇）",
            "add_time": "2019-08-31 04:52:59",
            "zjid": "1024",
            "number": "6",
            "zjl": "7566",
            "is_down": 0
        },
        {
            "img_url": "http://www.tingdao.org/Public/Images/Admin/Upload/15671969495d6987153f61f.jpg",
            "title": "跟从主（吴勇）",
            "add_time": "2019-08-31 04:27:35",
            "zjid": "1023",
            "number": "3",
            "zjl": "5197",
            "is_down": 0
        },
        {
            "img_url": "http://www.tingdao.org/Public/Images/Admin/Upload/15671957755d69827fa7e13.jpg",
            "title": "认识神（吴勇）",
            "add_time": "2019-08-31 04:08:39",
            "zjid": "1022",
            "number": "5",
            "zjl": "5275",
            "is_down": 0
        },
        {
            "img_url": "http://www.tingdao.org/Public/Images/Admin/Upload/15671952945d69809e359e0.jpg",
            "title": "荣耀的景象，末世的现象（吴勇）",
            "add_time": "2019-08-31 04:00:54",
            "zjid": "1021",
            "number": "2",
            "zjl": "3611",
            "is_down": 0
        },
        {
            "img_url": "http://www.tingdao.org/Public/Images/Admin/Upload/15671178555d68521fbd625.jpg",
            "title": "属灵（吴勇）",
            "add_time": "2019-08-30 06:23:25",
            "zjid": "1020",
            "number": "2",
            "zjl": "3403",
            "is_down": 0
        },
        {
            "img_url": "http://www.tingdao.org/Public/Images/Admin/Upload/15671164425d684c9a6a347.jpg",
            "title": "生命（吴勇）",
            "add_time": "2019-08-30 06:05:53",
            "zjid": "1019",
            "number": "3",
            "zjl": "2833",
            "is_down": 0
        },
        {
            "img_url": "http://www.tingdao.org/Public/Images/Admin/Upload/15671157625d6849f231573.jpg",
            "title": "圣灵（吴勇）",
            "add_time": "2019-08-30 05:55:34",
            "zjid": "1018",
            "number": "2",
            "zjl": "2079",
            "is_down": 0
        },
        {
            "img_url": "http://www.tingdao.org/Public/Images/Admin/Upload/15671156965d6849b0f19d8.jpg",
            "title": "圣灵的教导-人的问题（吴勇）",
            "add_time": "2019-08-30 05:53:38",
            "zjid": "1017",
            "number": "2",
            "zjl": "2202",
            "is_down": 0
        },
        {
            "img_url": "http://www.tingdao.org/Public/Images/Admin/Upload/15671150835d68474b87e13.jpg",
            "title": "教会（吴勇）",
            "add_time": "2019-08-30 05:43:39",
            "zjid": "1016",
            "number": "5",
            "zjl": "1979",
            "is_down": 0
        },
        {
            "img_url": "http://www.tingdao.org/Public/Images/Admin/Upload/15670983195d6805cf78328.jpg",
            "title": "人生选择（吴勇）",
            "add_time": "2019-08-30 01:04:45",
            "zjid": "1015",
            "number": "2",
            "zjl": "2058",
            "is_down": 0
        },
        {
            "img_url": "http://www.tingdao.org/Public/Images/Admin/Upload/15670952175d67f9b12fbcf.jpg",
            "title": "事奉专题（吴勇）",
            "add_time": "2019-08-30 00:13:02",
            "zjid": "1014",
            "number": "2",
            "zjl": "1392",
            "is_down": 0
        },
        {
            "img_url": "http://www.tingdao.org/Public/Images/Admin/Upload/15670950045d67f8dc43845.jpg",
            "title": "传福音（吴勇）",
            "add_time": "2019-08-30 00:09:14",
            "zjid": "1013",
            "number": "3",
            "zjl": "5588",
            "is_down": 0
        },
        {
            "img_url": "http://www.tingdao.org/Public/Images/Admin/Upload/15670937905d67f41edb2a3.jpg",
            "title": "败落（吴勇）",
            "add_time": "2019-08-29 23:49:11",
            "zjid": "1012",
            "number": "4",
            "zjl": "1919",
            "is_down": 0
        },
        {
            "img_url": "http://www.tingdao.org/Public/Images/Admin/Upload/15670935065d67f3020608c.jpg",
            "title": "与神同工（吴勇）",
            "add_time": "2019-08-29 23:44:19",
            "zjid": "1011",
            "number": "3",
            "zjl": "1274",
            "is_down": 0
        },
        {
            "img_url": "http://www.tingdao.org/Public/Images/Admin/Upload/15670853855d67d349027df.jpg",
            "title": "长大成人（吴勇）",
            "add_time": "2019-08-29 21:28:44",
            "zjid": "1010",
            "number": "3",
            "zjl": "1409",
            "is_down": 0
        },
        {
            "img_url": "http://www.tingdao.org/Public/Images/Admin/Upload/15670848905d67d15a6709e.jpg",
            "title": "一切在基督里（吴勇）",
            "add_time": "2019-08-29 21:20:58",
            "zjid": "1009",
            "number": "4",
            "zjl": "1413",
            "is_down": 0
        },
        {
            "img_url": "http://www.tingdao.org/Public/Images/Admin/Upload/15670847965d67d0fc7182a.jpg",
            "title": "丰盛的生命（吴勇）",
            "add_time": "2019-08-29 21:19:29",
            "zjid": "1008",
            "number": "4",
            "zjl": "1370",
            "is_down": 0
        },
        {
            "img_url": "http://www.tingdao.org/Public/Images/Admin/Upload/15670935525d67f33060df3.jpg",
            "title": "道路真理生命（吴勇）",
            "add_time": "2019-08-29 21:10:40",
            "zjid": "1007",
            "number": "4",
            "zjl": "1095",
            "is_down": 0
        },
        {
            "img_url": "http://www.tingdao.org/Public/Images/Admin/Upload/15670200255d66d3f9555d0.jpg",
            "title": "建立基督的身体（吴勇）",
            "add_time": "2019-08-29 03:19:39",
            "zjid": "1006",
            "number": "3",
            "zjl": "765",
            "is_down": 0
        },
        {
            "img_url": "http://www.tingdao.org/Public/Images/Admin/Upload/15670197885d66d30c34553.jpg",
            "title": "基督徒的基本信仰（吴勇）",
            "add_time": "2019-08-29 03:16:04",
            "zjid": "1005",
            "number": "3",
            "zjl": "2934",
            "is_down": 0
        },
        {
            "img_url": "http://www.tingdao.org/Public/Images/Admin/Upload/15670193135d66d13136a51.jpg",
            "title": "遵行神的旨意（吴勇）",
            "add_time": "2019-08-29 03:07:53",
            "zjid": "1004",
            "number": "3",
            "zjl": "860",
            "is_down": 0
        },
        {
            "img_url": "http://www.tingdao.org/Public/Images/Admin/Upload/15670187515d66ceff05890.jpg",
            "title": "追求主（吴勇）",
            "add_time": "2019-08-29 02:58:31",
            "zjid": "1003",
            "number": "2",
            "zjl": "811",
            "is_down": 0
        },
        {
            "img_url": "http://www.tingdao.org/Public/Images/Admin/Upload/15670179835d66cbffa0293.jpg",
            "title": "主再来（吴勇）",
            "add_time": "2019-08-29 02:45:55",
            "zjid": "1002",
            "number": "6",
            "zjl": "1543",
            "is_down": 0
        },
        {
            "img_url": "http://www.tingdao.org/Public/Images/Admin/Upload/15669400205d659b74bee5a.jpg",
            "title": "异象（吴勇）",
            "add_time": "2019-08-28 05:05:59",
            "zjid": "1001",
            "number": "5",
            "zjl": "999",
            "is_down": 0
        },
        {
            "img_url": "http://www.tingdao.org/Public/Images/Admin/Upload/15669398445d659ac40142b.jpg",
            "title": "耶稣是人类救主（吴勇）",
            "add_time": "2019-08-28 05:02:56",
            "zjid": "1000",
            "number": "3",
            "zjl": "4032",
            "is_down": 0
        },
        {
            "img_url": "http://www.tingdao.org/Public/Images/Admin/Upload/15669397695d659a79dfbd1.jpg",
            "title": "1998年 海宣夏令会（吴勇）",
            "add_time": "1998-08-01 00:00:00",
            "zjid": "999",
            "number": "8",
            "zjl": "732",
            "is_down": 0
        },
        {
            "img_url": "http://www.tingdao.org/Public/Images/Admin/Upload/15669369415d658f6d740c2.jpg",
            "title": "基督徒们前进（吴勇）",
            "add_time": "2019-08-28 04:15:06",
            "zjid": "998",
            "number": "3",
            "zjl": "546",
            "is_down": 0
        },
        {
            "img_url": "http://www.tingdao.org/Public/Images/Admin/Upload/15669120555d652e3753b7b.jpg",
            "title": "1991年 信仰全辑（吴勇）",
            "add_time": "1991-08-01 00:00:00",
            "zjid": "997",
            "number": "13",
            "zjl": "832",
            "is_down": 0
        },
        {
            "img_url": "http://www.tingdao.org/Public/Images/Admin/Upload/15584448285ce3fb1c9defb.jpg",
            "title": "1999年05月28-30日 佛州基督徒夏令退修会（吴勇）",
            "add_time": "1999-05-28 00:00:00",
            "zjid": "827",
            "number": "5",
            "zjl": "643",
            "is_down": 0
        },
        {
            "img_url": "http://www.tingdao.org/Public/Images/Admin/Upload/15562087185cc1dc4e54d98.jpg",
            "title": "做神出口（吴勇）",
            "add_time": "2019-04-26 00:11:04",
            "zjid": "757",
            "number": "10",
            "zjl": "1218",
            "is_down": 0
        },
        {
            "img_url": "http://www.tingdao.org/Public/Images/Admin/Upload/15479942605c448494b0fef.jpg",
            "title": "吴勇弟兄单独一堂讲道集",
            "add_time": "2019-08-31 00:00:00",
            "zjid": "495",
            "number": "38",
            "zjl": "2115",
            "is_down": 0
        },
        {
            "img_url": "http://www.tingdao.org/Public/Images/Admin/Upload/15479922155c447c97ef794.jpg",
            "title": "神的门生（吴勇）",
            "add_time": "2019-01-20 21:48:32",
            "zjid": "494",
            "number": "16",
            "zjl": "620",
            "is_down": 0
        },
        {
            "img_url": "http://www.tingdao.org/Public/Images/Admin/Upload/15446243625c1118ea77050.jpg",
            "title": "圣灵真理课程（吴勇）",
            "add_time": "2018-12-12 22:18:10",
            "zjid": "437",
            "number": "12",
            "zjl": "1260",
            "is_down": 0
        },
        {
            "img_url": "http://www.tingdao.org/Public/Images/Admin/Upload/15407366495bd5c6891ec08.jpg",
            "title": "教会治理（吴勇）",
            "add_time": "1996-12-10 00:00:00",
            "zjid": "399",
            "number": "27",
            "zjl": "633",
            "is_down": 0
        },
        {
            "img_url": "http://www.tingdao.org/Public/Images/Admin/Upload/15380870755bad58a334100.jpg",
            "title": "信的福气（吴勇）",
            "add_time": "2018-09-28 06:23:52",
            "zjid": "351",
            "number": "2",
            "zjl": "2464",
            "is_down": 0
        },
        {
            "img_url": "http://www.tingdao.org/Public/Images/Admin/Upload/15380718765bad1d4467c84.jpg",
            "title": "1990年：主来真理（吴勇）",
            "add_time": "1990-09-01 00:00:00",
            "zjid": "350",
            "number": "6",
            "zjl": "6210",
            "is_down": 0
        },
        {
            "img_url": "http://www.tingdao.org/Public/Images/Admin/Upload/15380715485bad1bfc7be22.jpg",
            "title": "属灵的领袖（吴勇）",
            "add_time": "2018-09-28 02:04:52",
            "zjid": "349",
            "number": "7",
            "zjl": "549",
            "is_down": 0
        },
        {
            "img_url": "http://www.tingdao.org/Public/Images/Admin/Upload/15380715775bad1c193ec7c.jpg",
            "title": "1995年：教牧学（吴勇)",
            "add_time": "1995-12-12 00:00:00",
            "zjid": "348",
            "number": "17",
            "zjl": "429",
            "is_down": 0
        },
        {
            "img_url": "http://www.tingdao.org/Public/Images/Admin/Upload/15379699885bab8f44ded5f.jpg",
            "title": "从圣经看祷告（吴勇）",
            "add_time": "2018-09-26 21:50:33",
            "zjid": "347",
            "number": "14",
            "zjl": "1192",
            "is_down": 0
        },
        {
            "img_url": "http://www.tingdao.org/Public/Images/Admin/Upload/15379695805bab8dacaa5cd.jpg",
            "title": "建造神的殿（吴勇）",
            "add_time": "2018-09-26 21:43:19",
            "zjid": "346",
            "number": "5",
            "zjl": "528",
            "is_down": 0
        },
        {
            "img_url": "http://www.tingdao.org/Public/Images/Admin/Upload/15379608075bab6b672cb42.jpg",
            "title": "地方教会培灵会（吴勇）",
            "add_time": "2018-09-26 19:19:22",
            "zjid": "345",
            "number": "3",
            "zjl": "511",
            "is_down": 0
        },
        {
            "img_url": "http://www.tingdao.org/Public/Images/Admin/Upload/15379106545baaa77e1c916.jpg",
            "title": "生命追寻（吴勇）",
            "add_time": "2018-09-26 05:23:13",
            "zjid": "344",
            "number": "4",
            "zjl": "469",
            "is_down": 0
        },
        {
            "img_url": "http://www.tingdao.org/Public/Images/Admin/Upload/15379102525baaa5ecbbbf4.jpg",
            "title": "生命的长进（吴勇）",
            "add_time": "2018-09-26 05:16:10",
            "zjid": "343",
            "number": "5",
            "zjl": "2509",
            "is_down": 0
        },
        {
            "img_url": "http://www.tingdao.org/Public/Images/Admin/Upload/15379099325baaa4ac03861.jpg",
            "title": "圣经人物启示（吴勇）",
            "add_time": "2018-09-26 05:11:31",
            "zjid": "342",
            "number": "5",
            "zjl": "833",
            "is_down": 0
        },
        {
            "img_url": "http://www.tingdao.org/Public/Images/Admin/Upload/15379096805baaa3b016f6b.jpg",
            "title": "神家的建造（吴勇）",
            "add_time": "2018-09-26 05:06:32",
            "zjid": "341",
            "number": "7",
            "zjl": "478",
            "is_down": 0
        },
        {
            "img_url": "http://www.tingdao.org/Public/Images/Admin/Upload/15379079055baa9cc1a6535.jpg",
            "title": "基督的福音（吴勇）",
            "add_time": "2018-09-26 04:37:26",
            "zjid": "340",
            "number": "8",
            "zjl": "478",
            "is_down": 0
        },
        {
            "img_url": "http://www.tingdao.org/Public/Images/Admin/Upload/15379076595baa9bcb793e1.jpg",
            "title": "圣灵体会（吴勇）",
            "add_time": "2018-09-26 04:32:42",
            "zjid": "339",
            "number": "3",
            "zjl": "1649",
            "is_down": 0
        },
        {
            "img_url": "http://www.tingdao.org/Public/Images/Admin/Upload/15379073845baa9ab815841.jpg",
            "title": "异象与主来（吴勇）",
            "add_time": "2018-09-26 04:29:13",
            "zjid": "338",
            "number": "5",
            "zjl": "4481",
            "is_down": 0
        },
        {
            "img_url": "http://www.tingdao.org/Public/Images/Admin/Upload/15378271215ba96131ba97d.jpg",
            "title": "教会与大使命（吴勇）",
            "add_time": "2018-09-25 06:10:21",
            "zjid": "337",
            "number": "6",
            "zjl": "628",
            "is_down": 0
        },
        {
            "img_url": "http://www.tingdao.org/Public/Images/Admin/Upload/15377971025ba8ebee95653.jpg",
            "title": "吴勇长老蒙恩见证",
            "add_time": "2018-09-24 21:48:54",
            "zjid": "336",
            "number": "2",
            "zjl": "1852",
            "is_down": 0
        }
    ],
    "dyzt": 0,
    "authortime": [
        {
            "add_time": "2018"
        },
        {
            "add_time": "1995"
        },
        {
            "add_time": "1990"
        },
        {
            "add_time": "1996"
        },
        {
            "add_time": "2019"
        },
        {
            "add_time": "1999"
        },
        {
            "add_time": "1991"
        },
        {
            "add_time": "1998"
        }
    ],
    "tags": [
        {
            "title": "单独一堂讲道系列",
            "id": "6"
        },
        {
            "title": "教会的道路",
            "id": "11"
        },
        {
            "title": "工人的装备",
            "id": "12"
        }
    ]
}