{
    "status": 1,
    "data": [
        {
            "author": "彭广纯",
            "user_img": "https://www.tingdao.org/Public/Images/Admin/Upload/15928436815ef0dda1e3dfa.jpg",
            "number": "9",
            "zjl": "13176",
            "lxid": "1"
        }
    ],
    "list": [
        {
            "img_url": "https://www.tingdao.org/Public/Images/Admin/Upload/640e66c58b040.jpg",
            "title": "2023年03月11日 东区基督教会福音晚会：不至灭亡，反得永生（彭广纯）",
            "add_time": "2023-03-13 07:54:52",
            "zjid": "1865",
            "number": "1",
            "zjl": "2799",
            "is_down": 0
        },
        {
            "img_url": "https://www.tingdao.org/Public/Images/Admin/Upload/61d26000d6a67.jpg",
            "title": "2022年 阿罕布拉基督徒之家主日信息",
            "add_time": "2022-04-12 00:00:00",
            "zjid": "1669",
            "number": "3",
            "zjl": "1748",
            "is_down": 0
        },
        {
            "img_url": "https://www.tingdao.org/Public/Images/Admin/Upload/600948f0422ed.jpg",
            "title": "2021年 阿罕布拉基督徒之家主日信息",
            "add_time": "2022-01-03 00:00:00",
            "zjid": "1442",
            "number": "7",
            "zjl": "1244",
            "is_down": 0
        },
        {
            "img_url": "https://www.tingdao.org/Public/Images/Admin/Upload/5ff2990caa8eb.jpg",
            "title": "2020年12月31日-2021年01月03日 湾区冬令聚会（彭广纯，Kenny Pittman）",
            "add_time": "2021-01-04 12:25:23",
            "zjid": "1413",
            "number": "7",
            "zjl": "3606",
            "is_down": 0
        },
        {
            "img_url": "https://www.tingdao.org/Public/Images/Admin/Upload/15930946375ef4b1ed5c706.jpg",
            "title": "2009年12月31日-2010年01月03日 三藩市神的家：往下扎根，向上结果（彭广纯）",
            "add_time": "2009-12-31 00:00:00",
            "zjid": "1257",
            "number": "4",
            "zjl": "340",
            "is_down": 0
        },
        {
            "img_url": "https://www.tingdao.org/Public/Images/Admin/Upload/15929352475ef2434f0b9db.jpg",
            "title": "彭广纯弟兄单独一堂讲道集",
            "add_time": "2020-06-24 01:58:28",
            "zjid": "1256",
            "number": "7",
            "zjl": "782",
            "is_down": 0
        },
        {
            "img_url": "https://www.tingdao.org/Public/Images/Admin/Upload/15929340085ef23e78f0b42.jpg",
            "title": "2019年04月27日 东区基督教会福音布道会：耶和華是我的牧者（彭广纯）",
            "add_time": "2019-04-27 00:00:00",
            "zjid": "1255",
            "number": "1",
            "zjl": "925",
            "is_down": 0
        },
        {
            "img_url": "https://www.tingdao.org/Public/Images/Admin/Upload/15928581125ef1160064617.jpg",
            "title": "2020年02月08日 东区基督徒教会福音布道会：耶稣带给我们了什么？（彭广纯）",
            "add_time": "2020-06-23 04:31:56",
            "zjid": "1254",
            "number": "1",
            "zjl": "1026",
            "is_down": 0
        },
        {
            "img_url": "https://www.tingdao.org/Public/Images/Admin/Upload/15928438605ef0de5487aa6.jpg",
            "title": "2020年 阿罕布拉基督徒之家主日信息（彭广纯）",
            "add_time": "2020-11-01 00:00:00",
            "zjid": "1253",
            "number": "6",
            "zjl": "706",
            "is_down": 0
        }
    ],
    "dyzt": 0,
    "authortime": [
        {
            "add_time": "2020"
        },
        {
            "add_time": "2019"
        },
        {
            "add_time": "2009"
        },
        {
            "add_time": "2021"
        },
        {
            "add_time": "2022"
        },
        {
            "add_time": "2023"
        }
    ],
    "tags": [
        {
            "title": "单独一堂讲道系列",
            "id": "6"
        }
    ]
}