{
    "status": 1,
    "data": [
        {
            "author": "唐崇荣",
            "user_img": "http://www.tingdao.org/Public/Images/Admin/Upload/15321942755b536de36a839.jpg",
            "number": "15",
            "zjl": "65807",
            "lxid": "1"
        }
    ],
    "list": [
        {
            "img_url": "https://www.tingdao.org/Public/Images/Admin/Upload/62757db9a5b75.jpg",
            "title": "儿童人格的形成与发展（唐崇荣）",
            "add_time": "2022-05-07 03:55:40",
            "zjid": "1736",
            "number": "3",
            "zjl": "4146",
            "is_down": 0
        },
        {
            "img_url": "https://www.tingdao.org/Public/Images/Admin/Upload/62757c29ddca4.jpg",
            "title": "基督徒的认罪（唐崇荣）",
            "add_time": "2022-04-01 00:00:00",
            "zjid": "1735",
            "number": "5",
            "zjl": "2864",
            "is_down": 0
        },
        {
            "img_url": "https://www.tingdao.org/Public/Images/Admin/Upload/15795567805e261face1712.jpg",
            "title": "基督徒的家庭教育（唐崇荣）",
            "add_time": "2020-01-21 05:45:13",
            "zjid": "1150",
            "number": "2",
            "zjl": "5878",
            "is_down": 0
        },
        {
            "img_url": "https://www.tingdao.org/Public/Images/Admin/Upload/15795563675e261e0fc028b.jpg",
            "title": "基督徒事奉的七个拦阻（唐崇荣）",
            "add_time": "2020-01-21 05:38:14",
            "zjid": "1149",
            "number": "2",
            "zjl": "3302",
            "is_down": 0
        },
        {
            "img_url": "https://www.tingdao.org/Public/Images/Admin/Upload/15795555455e261ad97af50.jpg",
            "title": "1995年：顺服神的旨意（唐崇荣）",
            "add_time": "1995-01-01 00:00:00",
            "zjid": "1148",
            "number": "4",
            "zjl": "2301",
            "is_down": 0
        },
        {
            "img_url": "http://www.tingdao.org/Public/Images/Admin/Upload/15778141605e0b8890df873.jpg",
            "title": "问题解答合集（唐崇荣）",
            "add_time": "2019-10-08 04:11:47",
            "zjid": "1064",
            "number": "36",
            "zjl": "14443",
            "is_down": 0
        },
        {
            "img_url": "http://www.tingdao.org/Public/Images/Admin/Upload/15776586005e0928e811cab.jpg",
            "title": "传福音讲道：为什么人需要福音（唐崇荣）",
            "add_time": "2019-02-20 21:12:59",
            "zjid": "529",
            "number": "2",
            "zjl": "5864",
            "is_down": 0
        },
        {
            "img_url": "http://www.tingdao.org/Public/Images/Admin/Upload/15506681665c6d5186ef16a.jpg",
            "title": "传福音讲道：人生价值观的重建（唐崇荣）",
            "add_time": "2019-02-20 21:07:46",
            "zjid": "528",
            "number": "7",
            "zjl": "4524",
            "is_down": 0
        },
        {
            "img_url": "http://www.tingdao.org/Public/Images/Admin/Upload/15511916665c754e72f2623.jpg",
            "title": "十字架神学（唐崇荣）",
            "add_time": "2019-02-20 21:04:58",
            "zjid": "527",
            "number": "2",
            "zjl": "1906",
            "is_down": 0
        },
        {
            "img_url": "http://www.tingdao.org/Public/Images/Admin/Upload/15506677955c6d5013c892d.jpg",
            "title": "信仰与圣乐（唐崇荣）",
            "add_time": "2019-02-20 21:01:41",
            "zjid": "526",
            "number": "3",
            "zjl": "991",
            "is_down": 0
        },
        {
            "img_url": "http://www.tingdao.org/Public/Images/Admin/Upload/15506675725c6d4f345cf05.jpg",
            "title": "传福音讲道：为什么信耶稣（唐崇荣）",
            "add_time": "2019-02-20 20:58:02",
            "zjid": "525",
            "number": "2",
            "zjl": "4093",
            "is_down": 0
        },
        {
            "img_url": "http://www.tingdao.org/Public/Images/Admin/Upload/15506619525c6d39406672b.jpg",
            "title": "给我答案（唐崇荣）",
            "add_time": "2019-02-20 19:24:33",
            "zjid": "524",
            "number": "5",
            "zjl": "3940",
            "is_down": 0
        },
        {
            "img_url": "http://www.tingdao.org/Public/Images/Admin/Upload/15506002395c6c482f93514.jpg",
            "title": "罗马书问题解答（唐崇荣）",
            "add_time": "2019-02-20 02:16:28",
            "zjid": "523",
            "number": "2",
            "zjl": "3964",
            "is_down": 0
        },
        {
            "img_url": "http://www.tingdao.org/Public/Images/Admin/Upload/15506001415c6c47cd8aeb0.jpg",
            "title": "2001年 新加坡国立大学：给我答案（唐崇荣）",
            "add_time": "2001-02-01 00:00:00",
            "zjid": "522",
            "number": "3",
            "zjl": "2435",
            "is_down": 0
        },
        {
            "img_url": "http://www.tingdao.org/Public/Images/Admin/Upload/15321945645b536f0442103.jpg",
            "title": "唐崇荣问题解答合集（2002年-2005年）",
            "add_time": "2002-07-01 00:00:00",
            "zjid": "22",
            "number": "19",
            "zjl": "5156",
            "is_down": 0
        }
    ],
    "dyzt": 0,
    "authortime": [
        {
            "add_time": "2002"
        },
        {
            "add_time": "2001"
        },
        {
            "add_time": "2019"
        },
        {
            "add_time": "1995"
        },
        {
            "add_time": "2020"
        },
        {
            "add_time": "2022"
        }
    ],
    "tags": []
}