{
    "status": 1,
    "data": [
        {
            "author": "钟马田",
            "user_img": "http://www.tingdao.org/Public/Images/Admin/Upload/15732502325dc5e4b81a6e4.jpg",
            "number": "12",
            "zjl": "26037",
            "lxid": "1"
        }
    ],
    "list": [
        {
            "img_url": "https://www.tingdao.org/Public/Images/Admin/Upload/66a57c5484096.jpg",
            "title": "基督那测不透的丰富（钟马田）",
            "add_time": "2024-07-28 06:59:49",
            "zjid": "1967",
            "number": "24",
            "zjl": "2353",
            "is_down": 0
        },
        {
            "img_url": "https://www.tingdao.org/Public/Images/Admin/Upload/63e794f348522.jpg",
            "title": "论圣灵的洗（钟马田）",
            "add_time": "2023-02-11 21:14:31",
            "zjid": "1857",
            "number": "1",
            "zjl": "1838",
            "is_down": 0
        },
        {
            "img_url": "https://www.tingdao.org/Public/Images/Admin/Upload/63c86dedf0a48.jpg",
            "title": "新约福音讲章（钟马田）",
            "add_time": "2023-01-19 06:07:17",
            "zjid": "1846",
            "number": "21",
            "zjl": "2407",
            "is_down": 0
        },
        {
            "img_url": "https://www.tingdao.org/Public/Images/Admin/Upload/63c82dab71b26.jpg",
            "title": "旧约福音讲章（钟马田）",
            "add_time": "2023-01-19 01:33:40",
            "zjid": "1845",
            "number": "22",
            "zjl": "1172",
            "is_down": 0
        },
        {
            "img_url": "https://www.tingdao.org/Public/Images/Admin/Upload/6177dfb45c383.jpg",
            "title": "清教徒的脚踪（钟马田）",
            "add_time": "2021-10-26 18:59:19",
            "zjid": "1628",
            "number": "54",
            "zjl": "1904",
            "is_down": 0
        },
        {
            "img_url": "https://www.tingdao.org/Public/Images/Admin/Upload/614712bae695d.jpg",
            "title": "灵性低潮录（钟马田）",
            "add_time": "2021-09-19 18:35:29",
            "zjid": "1602",
            "number": "17",
            "zjl": "6695",
            "is_down": 0
        },
        {
            "img_url": "https://www.tingdao.org/Public/Images/Admin/Upload/5f6eaa3b6a8a0.jpg",
            "title": "活像基督：选章-清心的人有福了（钟马田）",
            "add_time": "2020-09-26 10:33:32",
            "zjid": "1374",
            "number": "4",
            "zjl": "1632",
            "is_down": 0
        },
        {
            "img_url": "https://www.tingdao.org/Public/Images/Admin/Upload/5f6ea5ef0b1c3.jpg",
            "title": "以弗所书（卷八）：选章-作刚强的人（钟马田）",
            "add_time": "2020-09-26 10:19:47",
            "zjid": "1373",
            "number": "2",
            "zjl": "1326",
            "is_down": 0
        },
        {
            "img_url": "https://www.tingdao.org/Public/Images/Admin/Upload/5f6c0d5426b2e.jpg",
            "title": "平安之路-我去原是为你们预备地方去（钟马田）",
            "add_time": "2020-09-24 11:04:58",
            "zjid": "1362",
            "number": "4",
            "zjl": "790",
            "is_down": 0
        },
        {
            "img_url": "https://www.tingdao.org/Public/Images/Admin/Upload/5f6c0b30729bb.jpg",
            "title": "平安之路-我必再来接你们（钟马田）",
            "add_time": "2020-09-24 10:56:07",
            "zjid": "1361",
            "number": "3",
            "zjl": "673",
            "is_down": 0
        },
        {
            "img_url": "https://www.tingdao.org/Public/Images/Admin/Upload/5f69c7c05467e.jpg",
            "title": "最大的争战（钟马田）",
            "add_time": "2020-09-22 17:41:22",
            "zjid": "1342",
            "number": "3",
            "zjl": "2021",
            "is_down": 0
        },
        {
            "img_url": "http://www.tingdao.org/Public/Images/Admin/Upload/15732502785dc5e4e619df4.jpg",
            "title": "只夸基督十架（钟马田）",
            "add_time": "2019-11-09 05:56:03",
            "zjid": "1092",
            "number": "14",
            "zjl": "3226",
            "is_down": 0
        }
    ],
    "dyzt": 0,
    "authortime": [
        {
            "add_time": "2019"
        },
        {
            "add_time": "2020"
        },
        {
            "add_time": "2021"
        },
        {
            "add_time": "2023"
        },
        {
            "add_time": "2024"
        }
    ],
    "tags": []
}