{
    "status": 1,
    "data": [
        {
            "author": "郭定强",
            "user_img": "http://www.tingdao.org/Public/Images/Admin/Upload/15785145875e16389b7d8c8.jpg",
            "number": "15",
            "zjl": "75982",
            "lxid": "1"
        }
    ],
    "list": [
        {
            "img_url": "https://www.tingdao.org/Public/Images/Admin/Upload/6601f63c9733d.jpg",
            "title": "2024年 温哥华基督教会主日讲道集",
            "add_time": "2024-05-15 00:00:00",
            "zjid": "1946",
            "number": "6",
            "zjl": "7309",
            "is_down": 0
        },
        {
            "img_url": "https://www.tingdao.org/Public/Images/Admin/Upload/645b590a3a10b.jpg",
            "title": "2023年04月29-30日 荷兰鹿特丹教会：申命记-读经之路（郭定强）",
            "add_time": "2023-05-10 16:42:17",
            "zjid": "1875",
            "number": "2",
            "zjl": "3234",
            "is_down": 0
        },
        {
            "img_url": "https://www.tingdao.org/Public/Images/Admin/Upload/63d0da7cda8a8.jpg",
            "title": "2023年 温哥华基督教会主日讲道集",
            "add_time": "2024-01-31 00:00:00",
            "zjid": "1852",
            "number": "9",
            "zjl": "13311",
            "is_down": 0
        },
        {
            "img_url": "https://www.tingdao.org/Public/Images/Admin/Upload/63b42bbcce266.jpg",
            "title": "2022年12月30日-2023年01月02日 湾区基督徒冬令聚会（郭定强，康登，陈咏曦）",
            "add_time": "2023-01-03 21:16:38",
            "zjid": "1838",
            "number": "10",
            "zjl": "4789",
            "is_down": 0
        },
        {
            "img_url": "https://www.tingdao.org/Public/Images/Admin/Upload/62af87c7c8e24.jpg",
            "title": "2022年06月13-17日 新加坡教会营：你们去做生意，只等我回来（郭定强，Mac Graham）",
            "add_time": "2022-06-20 04:31:33",
            "zjid": "1752",
            "number": "12",
            "zjl": "5479",
            "is_down": 0
        },
        {
            "img_url": "https://www.tingdao.org/Public/Images/Admin/Upload/629eee0255584.jpg",
            "title": "2022年06月 德国纽伦堡福音造就营：更丰盛的人生（郭定强）",
            "add_time": "2022-06-15 14:12:06",
            "zjid": "1751",
            "number": "6",
            "zjl": "5085",
            "is_down": 0
        },
        {
            "img_url": "https://www.tingdao.org/Public/Images/Admin/Upload/63d0da3f28610.jpg",
            "title": "2022年 温哥华基督教会主日讲道集",
            "add_time": "2022-12-20 00:00:00",
            "zjid": "1677",
            "number": "12",
            "zjl": "7819",
            "is_down": 0
        },
        {
            "img_url": "https://www.tingdao.org/Public/Images/Admin/Upload/619343832fe0a.jpg",
            "title": "2021年11月14日 南素里基督教会：教会基本认识（郭定强）",
            "add_time": "2021-11-16 13:36:35",
            "zjid": "1648",
            "number": "1",
            "zjl": "1706",
            "is_down": 0
        },
        {
            "img_url": "https://www.tingdao.org/Public/Images/Admin/Upload/6136fd01c2430.jpg",
            "title": "2021年09月05日 南素里基督教会：有目标的人生（郭定强）",
            "add_time": "2021-09-07 13:46:15",
            "zjid": "1587",
            "number": "1",
            "zjl": "1193",
            "is_down": 0
        },
        {
            "img_url": "https://www.tingdao.org/Public/Images/Admin/Upload/6068843cd7730.jpg",
            "title": "2021年04月02-3日 温哥华基督教会复活节特别聚会（彭广纯，刘王爱君）",
            "add_time": "2021-04-04 23:01:22",
            "zjid": "1490",
            "number": "5",
            "zjl": "3385",
            "is_down": 0
        },
        {
            "img_url": "https://www.tingdao.org/Public/Images/Admin/Upload/600feb85bbfc8.jpg",
            "title": "2021年 温哥华基督教会主日讲道集",
            "add_time": "2021-12-22 00:00:00",
            "zjid": "1448",
            "number": "12",
            "zjl": "4706",
            "is_down": 0
        },
        {
            "img_url": "https://www.tingdao.org/Public/Images/Admin/Upload/5f52a3be5af02.jpg",
            "title": "2016年11月18-20日 奥兰多中华教会：作主的门徒（郭定强）",
            "add_time": "2016-11-18 00:00:00",
            "zjid": "1306",
            "number": "4",
            "zjl": "662",
            "is_down": 0
        },
        {
            "img_url": "https://www.tingdao.org/Public/Images/Admin/Upload/15959594525f20689c6d3c1.jpg",
            "title": "2020年07月24-25日 圣布鲁诺教会特别聚会：危机与转机-路得记一瞥（郭定强）",
            "add_time": "2020-07-29 02:02:44",
            "zjid": "1272",
            "number": "2",
            "zjl": "1166",
            "is_down": 0
        },
        {
            "img_url": "https://www.tingdao.org/Public/Images/Admin/Upload/15923088725ee8b4881fc46.jpg",
            "title": "郭定强弟兄单独一堂讲道集",
            "add_time": "2023-02-26 00:00:00",
            "zjid": "1157",
            "number": "44",
            "zjl": "11726",
            "is_down": 0
        },
        {
            "img_url": "http://www.tingdao.org/Public/Images/Admin/Upload/15784785725e15abecd9768.jpg",
            "title": "2019年12月28-31日 圣布鲁诺教会冬令会（郭定强等）",
            "add_time": "2020-01-07 06:16:07",
            "zjid": "1139",
            "number": "6",
            "zjl": "4412",
            "is_down": 0
        }
    ],
    "dyzt": 0,
    "authortime": [
        {
            "add_time": "2020"
        },
        {
            "add_time": "2023"
        },
        {
            "add_time": "2016"
        },
        {
            "add_time": "2021"
        },
        {
            "add_time": "2022"
        },
        {
            "add_time": "2024"
        }
    ],
    "tags": [
        {
            "title": "单独一堂讲道系列",
            "id": "6"
        }
    ]
}