{
    "status": 1,
    "data": [
        {
            "author": "魏建章",
            "user_img": "http://www.tingdao.org/Public/Images/Admin/Upload/15567302335cc9d179d8563.jpg",
            "number": "1",
            "zjl": "3121",
            "lxid": "1"
        }
    ],
    "list": [
        {
            "img_url": "http://www.tingdao.org/Public/Images/Admin/Upload/15567302425cc9d18253e96.jpg",
            "title": "魏建章弟兄单独一堂讲道集",
            "add_time": "2019-05-02 01:00:45",
            "zjid": "781",
            "number": "63",
            "zjl": "3121",
            "is_down": 0
        }
    ],
    "dyzt": 0,
    "authortime": [
        {
            "add_time": "2019"
        }
    ],
    "tags": [
        {
            "title": "单独一堂讲道系列",
            "id": "6"
        }
    ]
}