{
    "status": 1,
    "data": [
        {
            "author": "宣信",
            "user_img": "https://www.tingdao.org/Public/Images/Admin/Upload/61188bc01ee04.jpg",
            "number": "10",
            "zjl": "11297",
            "lxid": "1"
        }
    ],
    "list": [
        {
            "img_url": "https://www.tingdao.org/Public/Images/Admin/Upload/61f72ac02cd9d.jpg",
            "title": "属天的日子-9月（宣信）",
            "add_time": "2022-01-31 08:17:50",
            "zjid": "1686",
            "number": "30",
            "zjl": "3241",
            "is_down": 0
        },
        {
            "img_url": "https://www.tingdao.org/Public/Images/Admin/Upload/61f72bbc8e60b.jpg",
            "title": "属天的日子-10月（宣信）",
            "add_time": "2022-01-31 08:21:59",
            "zjid": "1687",
            "number": "31",
            "zjl": "1033",
            "is_down": 0
        },
        {
            "img_url": "https://www.tingdao.org/Public/Images/Admin/Upload/61f72992e5032.jpg",
            "title": "属天的日子-8月（宣信）",
            "add_time": "2022-01-31 08:12:46",
            "zjid": "1685",
            "number": "31",
            "zjl": "590",
            "is_down": 0
        },
        {
            "img_url": "https://www.tingdao.org/Public/Images/Admin/Upload/61f7288c2f947.jpg",
            "title": "属天的日子-7月（宣信）",
            "add_time": "2022-01-31 08:08:12",
            "zjid": "1684",
            "number": "31",
            "zjl": "428",
            "is_down": 0
        },
        {
            "img_url": "https://www.tingdao.org/Public/Images/Admin/Upload/61f7268e4835f.jpg",
            "title": "属天的日子-6月（宣信）",
            "add_time": "2022-01-31 07:59:41",
            "zjid": "1683",
            "number": "30",
            "zjl": "369",
            "is_down": 0
        },
        {
            "img_url": "https://www.tingdao.org/Public/Images/Admin/Upload/61f7265f2615b.jpg",
            "title": "属天的日子-5月（宣信）",
            "add_time": "2022-01-31 07:58:33",
            "zjid": "1682",
            "number": "31",
            "zjl": "409",
            "is_down": 0
        },
        {
            "img_url": "https://www.tingdao.org/Public/Images/Admin/Upload/6146bca7879d3.jpg",
            "title": "属天的日子-4月（宣信）",
            "add_time": "2021-09-19 12:28:50",
            "zjid": "1601",
            "number": "30",
            "zjl": "902",
            "is_down": 0
        },
        {
            "img_url": "https://www.tingdao.org/Public/Images/Admin/Upload/611891dd61e7d.jpg",
            "title": "属天的日子-3月（宣信）",
            "add_time": "2021-08-15 12:02:09",
            "zjid": "1581",
            "number": "31",
            "zjl": "703",
            "is_down": 0
        },
        {
            "img_url": "https://www.tingdao.org/Public/Images/Admin/Upload/61188ed579cc6.jpg",
            "title": "属天的日子-2月（宣信）",
            "add_time": "2021-08-15 11:49:11",
            "zjid": "1580",
            "number": "28",
            "zjl": "732",
            "is_down": 0
        },
        {
            "img_url": "https://www.tingdao.org/Public/Images/Admin/Upload/61188bf991907.jpg",
            "title": "属天的日子-1月（宣信）",
            "add_time": "2021-08-15 11:35:06",
            "zjid": "1579",
            "number": "31",
            "zjl": "2890",
            "is_down": 0
        }
    ],
    "dyzt": 0,
    "authortime": [
        {
            "add_time": "2021"
        },
        {
            "add_time": "2022"
        }
    ],
    "tags": []
}