{
    "status": 1,
    "data": [
        {
            "author": "于宏洁",
            "user_img": "http://www.tingdao.org/Public/Images/Admin/Upload/15321979245b537c24c58eb.jpg",
            "number": "79",
            "zjl": "879316",
            "lxid": "1"
        }
    ],
    "list": [
        {
            "img_url": "https://www.tingdao.org/Public/Images/Admin/Upload/66c1109e60c23.jpg",
            "title": "2024年08月15-16日 意大利北部培灵会：从永恒看今生，用今生换永恒（于宏洁，张建勋，项达君）",
            "add_time": "2024-08-18 05:05:21",
            "zjid": "1971",
            "number": "8",
            "zjl": "15130",
            "is_down": 0
        },
        {
            "img_url": "https://www.tingdao.org/Public/Images/Admin/Upload/6655e8f5eab16.jpg",
            "title": "2024年05月 西班牙华人弟兄营：成为神家的大丈夫（于宏洁）",
            "add_time": "2024-05-28 22:22:33",
            "zjid": "1955",
            "number": "8",
            "zjl": "15565",
            "is_down": 0
        },
        {
            "img_url": "https://www.tingdao.org/Public/Images/Admin/Upload/665266b0d1727.jpg",
            "title": "2024年05月 西班牙华人姐妹营：蒙大恩的女子（于宏洁夫妇）",
            "add_time": "2024-05-26 06:25:48",
            "zjid": "1954",
            "number": "7",
            "zjl": "17010",
            "is_down": 0
        },
        {
            "img_url": "https://www.tingdao.org/Public/Images/Admin/Upload/659da1df875dc.jpg",
            "title": "2024年 SVCA教会主日讲道集",
            "add_time": "2024-07-08 00:00:00",
            "zjid": "1930",
            "number": "30",
            "zjl": "62832",
            "is_down": 0
        },
        {
            "img_url": "https://www.tingdao.org/Public/Images/Admin/Upload/6575e5937fa9b.jpg",
            "title": "2001年：历久弥新的十字架（于宏洁）",
            "add_time": "2023-12-11 00:20:37",
            "zjid": "1918",
            "number": "12",
            "zjl": "9729",
            "is_down": 0
        },
        {
            "img_url": "https://www.tingdao.org/Public/Images/Admin/Upload/655be5625a5ef.jpg",
            "title": "2023年10月20-22日 悉尼培灵会：经历无比的基督（于宏洁）",
            "add_time": "2023-11-21 07:00:22",
            "zjid": "1916",
            "number": "3",
            "zjl": "18064",
            "is_down": 0
        },
        {
            "img_url": "https://www.tingdao.org/Public/Images/Admin/Upload/655bdfa4a905d.jpg",
            "title": "2023年11月06日 THE HOPE教会：成为神手中的杰作（于宏洁）",
            "add_time": "2023-11-21 06:36:12",
            "zjid": "1915",
            "number": "1",
            "zjl": "11776",
            "is_down": 0
        },
        {
            "img_url": "https://www.tingdao.org/Public/Images/Admin/Upload/64deab410e6fe.jpg",
            "title": "2023年08月15-16日 意大利中部培灵会（于宏洁夫妇）",
            "add_time": "2023-08-18 07:17:57",
            "zjid": "1899",
            "number": "6",
            "zjl": "16962",
            "is_down": 0
        },
        {
            "img_url": "https://www.tingdao.org/Public/Images/Admin/Upload/64d9602683f64.jpg",
            "title": "2023年08月13日 意大利PRATO教会：吸引耶稣的伯大尼之家（于宏洁）",
            "add_time": "2023-08-14 06:58:05",
            "zjid": "1896",
            "number": "2",
            "zjl": "8027",
            "is_down": 0
        },
        {
            "img_url": "https://www.tingdao.org/Public/Images/Admin/Upload/64d7e6b83555b.jpg",
            "title": "2023年08月09-11日 意大利青年营：像耶稣的仆人领袖（于宏洁夫妇）",
            "add_time": "2023-08-13 04:07:52",
            "zjid": "1895",
            "number": "8",
            "zjl": "7608",
            "is_down": 0
        },
        {
            "img_url": "https://www.tingdao.org/Public/Images/Admin/Upload/646269b9bc2a5.jpg",
            "title": "2023年01月27-29日 SVCA新年陪灵会：愿爱你的人，如日头出现（于宏洁）",
            "add_time": "2023-05-16 01:19:06",
            "zjid": "1876",
            "number": "2",
            "zjl": "13067",
            "is_down": 0
        },
        {
            "img_url": "https://www.tingdao.org/Public/Images/Admin/Upload/63b52610201ae.jpg",
            "title": "2023年 SVCA教会主日讲道集",
            "add_time": "2023-12-26 00:00:00",
            "zjid": "1840",
            "number": "32",
            "zjl": "78226",
            "is_down": 0
        },
        {
            "img_url": "https://www.tingdao.org/Public/Images/Admin/Upload/637a339aca1ea.jpg",
            "title": "2022年11月19-20日 台北基督徒聚会：宝贝在瓦器里（于宏洁）",
            "add_time": "2022-11-20 22:02:42",
            "zjid": "1815",
            "number": "2",
            "zjl": "17413",
            "is_down": 0
        },
        {
            "img_url": "https://www.tingdao.org/Public/Images/Admin/Upload/633fbf89d1fbf.jpg",
            "title": "2022年香柏木培训中心 秋季特会：突破与复兴",
            "add_time": "2022-10-07 13:55:53",
            "zjid": "1800",
            "number": "3",
            "zjl": "36709",
            "is_down": 0
        },
        {
            "img_url": "https://www.tingdao.org/Public/Images/Admin/Upload/6326cb0122a98.jpg",
            "title": "2022年08月26-28日 夏威夷培灵会：在万变的处境中经历基督是一切（于宏洁）",
            "add_time": "2022-09-18 15:38:06",
            "zjid": "1794",
            "number": "3",
            "zjl": "14093",
            "is_down": 0
        },
        {
            "img_url": "https://www.tingdao.org/Public/Images/Admin/Upload/6320f28e7724a.jpg",
            "title": "2022年09月 SVCA劳工节特会（于宏洁，黄子嘉）",
            "add_time": "2022-09-14 05:08:45",
            "zjid": "1784",
            "number": "4",
            "zjl": "14647",
            "is_down": 0
        },
        {
            "img_url": "https://www.tingdao.org/Public/Images/Admin/Upload/62ec4c04ce6e2.jpg",
            "title": "2022年07月01-03日 纽约灵命进深会：从约书亚记看“得胜有余的独居之民”（于宏洁）",
            "add_time": "2022-08-05 06:45:01",
            "zjid": "1770",
            "number": "4",
            "zjl": "14922",
            "is_down": 0
        },
        {
            "img_url": "https://www.tingdao.org/Public/Images/Admin/Upload/62d86f912deb0.jpg",
            "title": "2022年06月10-12日 温哥华圣道堂培灵会：在疫情中经历基督是一切（于宏洁）",
            "add_time": "2022-07-21 05:11:20",
            "zjid": "1762",
            "number": "4",
            "zjl": "10570",
            "is_down": 0
        },
        {
            "img_url": "https://www.tingdao.org/Public/Images/Admin/Upload/61d2f9da3cbe7.jpg",
            "title": "2022年 SVCA教会主日讲道集",
            "add_time": "2022-12-31 00:00:00",
            "zjid": "1671",
            "number": "31",
            "zjl": "59607",
            "is_down": 0
        },
        {
            "img_url": "https://www.tingdao.org/Public/Images/Admin/Upload/6167c764b852a.jpg",
            "title": "2021年10月04-06日 CTC特会：主啊，使我成为得胜者（于宏洁）",
            "add_time": "2021-10-01 13:59:39",
            "zjid": "1612",
            "number": "2",
            "zjl": "34198",
            "is_down": 0
        },
        {
            "img_url": "https://www.tingdao.org/Public/Images/Admin/Upload/613322b193bb8.jpg",
            "title": "2021年09月03-05日 SVCA劳工节特会：造在山上的城（于宏洁）",
            "add_time": "2021-09-03 15:34:16",
            "zjid": "1586",
            "number": "3",
            "zjl": "15566",
            "is_down": 0
        },
        {
            "img_url": "https://www.tingdao.org/Public/Images/Admin/Upload/60fface21dc1b.jpg",
            "title": "2021年04月02-05日 英国华人差传大会：活出使者尊贵的生命与使命（于宏洁）",
            "add_time": "2021-07-27 14:45:08",
            "zjid": "1571",
            "number": "3",
            "zjl": "14170",
            "is_down": 0
        },
        {
            "img_url": "https://www.tingdao.org/Public/Images/Admin/Upload/60e1cd5472b7b.jpg",
            "title": "2021年07月02-05日 纽约灵命进深会：归回，重建与复兴（于宏洁）",
            "add_time": "2021-07-04 22:58:53",
            "zjid": "1547",
            "number": "4",
            "zjl": "9848",
            "is_down": 0
        },
        {
            "img_url": "https://www.tingdao.org/Public/Images/Admin/Upload/60bf42472e108.jpg",
            "title": "1995-1996年 以弗所书（于宏洁）",
            "add_time": "1995-10-01 00:00:00",
            "zjid": "1528",
            "number": "20",
            "zjl": "8050",
            "is_down": 0
        },
        {
            "img_url": "https://www.tingdao.org/Public/Images/Admin/Upload/60aa040966ee8.jpg",
            "title": "1998年 出埃及记（于宏洁）",
            "add_time": "1998-05-02 00:00:00",
            "zjid": "1512",
            "number": "10",
            "zjl": "6563",
            "is_down": 0
        },
        {
            "img_url": "https://www.tingdao.org/Public/Images/Admin/Upload/608f6366c7d69.jpg",
            "title": "2021-2022年版：新人门徒训练（于宏洁）",
            "add_time": "2022-05-28 00:00:00",
            "zjid": "1500",
            "number": "27",
            "zjl": "108049",
            "is_down": 0
        },
        {
            "img_url": "https://www.tingdao.org/Public/Images/Admin/Upload/5ff2b9ae2e84c.jpg",
            "title": "2021年 矽谷基督徒聚会讲道集（于宏洁）",
            "add_time": "2021-12-20 00:00:00",
            "zjid": "1415",
            "number": "28",
            "zjl": "26275",
            "is_down": 0
        },
        {
            "img_url": "https://www.tingdao.org/Public/Images/Admin/Upload/5f9cff65030e4.jpg",
            "title": "2020年10月 CTC师生特会（于宏洁，黄子嘉，张路加）",
            "add_time": "2020-10-31 14:07:51",
            "zjid": "1402",
            "number": "4",
            "zjl": "9915",
            "is_down": 0
        },
        {
            "img_url": "https://www.tingdao.org/Public/Images/Admin/Upload/5f5401a39f513.jpg",
            "title": "2020年09月04-06日 劳工节特会：模成神儿子的形象（于宏洁）",
            "add_time": "2020-09-06 05:22:11",
            "zjid": "1308",
            "number": "4",
            "zjl": "4054",
            "is_down": 0
        },
        {
            "img_url": "https://www.tingdao.org/Public/Images/Admin/Upload/5f3d52143810c.jpg",
            "title": "2020年08月08日 CCFN：新造生活的再思（于宏洁）",
            "add_time": "2020-08-20 00:21:13",
            "zjid": "1290",
            "number": "1",
            "zjl": "4096",
            "is_down": 0
        },
        {
            "img_url": "https://www.tingdao.org/Public/Images/Admin/Upload/15960250715f2168ef6cbf1.jpg",
            "title": "2019年 纽约灵命进深会：由腓利比书看“基督是一切”（于宏洁）",
            "add_time": "2019-07-01 00:00:00",
            "zjid": "1274",
            "number": "4",
            "zjl": "4144",
            "is_down": 0
        },
        {
            "img_url": "https://www.tingdao.org/Public/Images/Admin/Upload/15853930835e7f2dbb5ed0b.jpg",
            "title": "2018年10月 柏训师生会：神永远的旨意-基督与教会（于宏洁）",
            "add_time": "2018-10-01 00:00:00",
            "zjid": "1190",
            "number": "8",
            "zjl": "5269",
            "is_down": 0
        },
        {
            "img_url": "http://www.tingdao.org/Public/Images/Admin/Upload/15785150655e163a79a3378.jpg",
            "title": "2020年 矽谷基督徒聚会（于宏洁夫妇讲道集）",
            "add_time": "2020-12-09 00:00:00",
            "zjid": "1140",
            "number": "53",
            "zjl": "15196",
            "is_down": 0
        },
        {
            "img_url": "http://www.tingdao.org/Public/Images/Admin/Upload/15780809725e0f9acc86704.jpg",
            "title": "2019年 矽谷基督徒聚会：利未记（于宏洁）",
            "add_time": "2019-04-14 00:00:00",
            "zjid": "1135",
            "number": "13",
            "zjl": "5149",
            "is_down": 0
        },
        {
            "img_url": "http://www.tingdao.org/Public/Images/Admin/Upload/15722232485db63910ca39f.jpg",
            "title": "2019年矽谷基督徒聚会（于宏洁夫妇讲道集）",
            "add_time": "2019-12-08 00:00:00",
            "zjid": "1086",
            "number": "37",
            "zjl": "4704",
            "is_down": 0
        },
        {
            "img_url": "http://www.tingdao.org/Public/Images/Admin/Upload/15715923975dac98cd63e28.jpg",
            "title": "2019年03月08-10日 重建与复兴（于宏洁）",
            "add_time": "2019-03-08 00:00:00",
            "zjid": "1085",
            "number": "4",
            "zjl": "2824",
            "is_down": 0
        },
        {
            "img_url": "http://www.tingdao.org/Public/Images/Admin/Upload/15705252935d9c506d51209.jpg",
            "title": "2019年09月21-22日 台北基督徒聚会：新造人生的再思（于宏洁）",
            "add_time": "2019-09-21 00:00:00",
            "zjid": "1065",
            "number": "2",
            "zjl": "2782",
            "is_down": 0
        },
        {
            "img_url": "http://www.tingdao.org/Public/Images/Admin/Upload/15677110535d715f4dcbef4.jpg",
            "title": "2019年08月30-09月02日 矽谷劳工节特会：同一心灵，高举基督；同一脚踪，拓展神国（于宏洁，",
            "add_time": "2019-09-02 00:00:00",
            "zjid": "1027",
            "number": "7",
            "zjl": "6051",
            "is_down": 0
        },
        {
            "img_url": "http://www.tingdao.org/Public/Images/Admin/Upload/15607193815d06b0157a227.jpg",
            "title": "2019年06月06-08日 意大利华人教会青年营（于宏洁夫妇）",
            "add_time": "2019-06-06 05:09:06",
            "zjid": "863",
            "number": "6",
            "zjl": "2853",
            "is_down": 0
        },
        {
            "img_url": "http://www.tingdao.org/Public/Images/Admin/Upload/15607186465d06ad361789f.jpg",
            "title": "2019年06月09日 米兰华人教会主日信息（于宏洁夫妇）",
            "add_time": "2019-06-09 04:56:34",
            "zjid": "862",
            "number": "3",
            "zjl": "2421",
            "is_down": 0
        },
        {
            "img_url": "http://www.tingdao.org/Public/Images/Admin/Upload/15601066065cfd566edebf6.jpg",
            "title": "2017年 矽谷基督徒聚会：基础神学（于宏洁）",
            "add_time": "2017-01-15 00:00:00",
            "zjid": "855",
            "number": "17",
            "zjl": "5685",
            "is_down": 0
        },
        {
            "img_url": "https://www.tingdao.org/Public/Images/Admin/Upload/5f6f01e34aa93.jpg",
            "title": "于宏洁弟兄单独一堂讲道集",
            "add_time": "2020-09-26 00:00:00",
            "zjid": "727",
            "number": "2",
            "zjl": "4733",
            "is_down": 0
        },
        {
            "img_url": "http://www.tingdao.org/Public/Images/Admin/Upload/15541374575ca2417150793.jpg",
            "title": "1994年：约书亚记（于宏洁）",
            "add_time": "1994-05-22 00:00:00",
            "zjid": "649",
            "number": "13",
            "zjl": "5943",
            "is_down": 0
        },
        {
            "img_url": "http://www.tingdao.org/Public/Images/Admin/Upload/15541363825ca23d3e3a9fe.jpg",
            "title": "2007-2008年：约翰福音（于宏洁）",
            "add_time": "2007-04-01 00:00:00",
            "zjid": "648",
            "number": "35",
            "zjl": "8970",
            "is_down": 0
        },
        {
            "img_url": "http://www.tingdao.org/Public/Images/Admin/Upload/15541279935ca21c7965cd0.jpg",
            "title": "2001-2002年：士师记（于宏洁）",
            "add_time": "2001-10-07 00:00:00",
            "zjid": "647",
            "number": "17",
            "zjl": "5441",
            "is_down": 0
        },
        {
            "img_url": "http://www.tingdao.org/Public/Images/Admin/Upload/15517103165c7d386c46e79.jpg",
            "title": "2013年07月21-25日 香港青年特别聚会：这些人是谁？(于宏洁)",
            "add_time": "2017-07-21 00:00:00",
            "zjid": "552",
            "number": "10",
            "zjl": "7411",
            "is_down": 0
        },
        {
            "img_url": "http://www.tingdao.org/Public/Images/Admin/Upload/15517103865c7d38b23909a.jpg",
            "title": "2012年07月15-19日 香港青年特别聚会：归回，重建与复兴（于宏洁）",
            "add_time": "2012-07-15 00:00:00",
            "zjid": "551",
            "number": "12",
            "zjl": "8362",
            "is_down": 0
        },
        {
            "img_url": "http://www.tingdao.org/Public/Images/Admin/Upload/15505997375c6c463934ead.jpg",
            "title": "2009年培灵特会信息（于宏洁）",
            "add_time": "2009-02-01 00:00:00",
            "zjid": "521",
            "number": "15",
            "zjl": "2058",
            "is_down": 0
        },
        {
            "img_url": "http://www.tingdao.org/Public/Images/Admin/Upload/15505991275c6c43d7de149.jpg",
            "title": "2010年暑期特会：小先知书生命查经（于宏洁）",
            "add_time": "2010-08-01 00:00:00",
            "zjid": "520",
            "number": "11",
            "zjl": "4106",
            "is_down": 0
        },
        {
            "img_url": "http://www.tingdao.org/Public/Images/Admin/Upload/15505988415c6c42b97c905.jpg",
            "title": "2005年新年特会：兴起发光（于宏洁）",
            "add_time": "2005-01-01 00:00:00",
            "zjid": "519",
            "number": "3",
            "zjl": "1026",
            "is_down": 0
        },
        {
            "img_url": "http://www.tingdao.org/Public/Images/Admin/Upload/15505983705c6c40e24b247.jpg",
            "title": "2005年：小组事奉训练（于宏洁）",
            "add_time": "2005-02-01 00:00:00",
            "zjid": "518",
            "number": "4",
            "zjl": "1971",
            "is_down": 0
        },
        {
            "img_url": "http://www.tingdao.org/Public/Images/Admin/Upload/15505271755c6b2ac703bc4.jpg",
            "title": "2013年：抛锚于幔内 稳行在高处（于宏洁）",
            "add_time": "2013-02-01 00:00:00",
            "zjid": "516",
            "number": "2",
            "zjl": "1664",
            "is_down": 0
        },
        {
            "img_url": "http://www.tingdao.org/Public/Images/Admin/Upload/15505268725c6b2998cad2a.jpg",
            "title": "摩西五经（于宏洁）",
            "add_time": "2019-02-19 05:52:57",
            "zjid": "515",
            "number": "9",
            "zjl": "4408",
            "is_down": 0
        },
        {
            "img_url": "http://www.tingdao.org/Public/Images/Admin/Upload/15505266515c6b28bbea555.jpg",
            "title": "2005年 全教会夏令退修会：来吧！我们起来建造吧（于宏洁）",
            "add_time": "2005-08-01 00:00:00",
            "zjid": "514",
            "number": "3",
            "zjl": "716",
            "is_down": 0
        },
        {
            "img_url": "http://www.tingdao.org/Public/Images/Admin/Upload/15505261495c6b26c578aeb.jpg",
            "title": "归回、重建、复兴（于宏洁）",
            "add_time": "2019-02-19 05:41:50",
            "zjid": "513",
            "number": "18",
            "zjl": "1725",
            "is_down": 0
        },
        {
            "img_url": "http://www.tingdao.org/Public/Images/Admin/Upload/15505228725c6b19f8ec74f.jpg",
            "title": "2004年08月：风雨生信心（于宏洁）",
            "add_time": "2004-08-08 00:00:00",
            "zjid": "512",
            "number": "3",
            "zjl": "2191",
            "is_down": 0
        },
        {
            "img_url": "http://www.tingdao.org/Public/Images/Admin/Upload/15505226235c6b18ff01c1b.jpg",
            "title": "到底神所要的是什么（于宏洁）",
            "add_time": "2019-02-19 04:42:38",
            "zjid": "511",
            "number": "3",
            "zjl": "2489",
            "is_down": 0
        },
        {
            "img_url": "http://www.tingdao.org/Public/Images/Admin/Upload/15505221075c6b16fb5ecdc.jpg",
            "title": "爱的上行诗（于宏洁夫妇）",
            "add_time": "2019-02-19 04:33:59",
            "zjid": "510",
            "number": "6",
            "zjl": "17084",
            "is_down": 0
        },
        {
            "img_url": "http://www.tingdao.org/Public/Images/Admin/Upload/15505218035c6b15cb51bef.jpg",
            "title": "2018年05月24-27日 墨尔本培灵会：从腓立比书看-基督是一切（于宏洁）",
            "add_time": "2018-05-24 00:00:00",
            "zjid": "509",
            "number": "4",
            "zjl": "1244",
            "is_down": 0
        },
        {
            "img_url": "http://www.tingdao.org/Public/Images/Admin/Upload/15505214705c6b147e00e23.jpg",
            "title": "2016年秋季培灵特会：以西结书（于宏洁）",
            "add_time": "2016-10-01 00:00:00",
            "zjid": "508",
            "number": "9",
            "zjl": "2539",
            "is_down": 0
        },
        {
            "img_url": "https://www.tingdao.org/Public/Images/Admin/Upload/15917245485edfca0464729.jpg",
            "title": "2014年04月12-13日 退修会：这是独居的民，不列在万民中（于宏洁）",
            "add_time": "2014-04-12 00:00:00",
            "zjid": "507",
            "number": "4",
            "zjl": "874",
            "is_down": 0
        },
        {
            "img_url": "http://www.tingdao.org/Public/Images/Admin/Upload/15505207895c6b11d52c0b2.jpg",
            "title": "2012年：基督徒职场（于宏洁）",
            "add_time": "2012-02-01 00:00:00",
            "zjid": "506",
            "number": "2",
            "zjl": "1218",
            "is_down": 0
        },
        {
            "img_url": "http://www.tingdao.org/Public/Images/Admin/Upload/15505203405c6b1014267a5.jpg",
            "title": "2011年秋季特会：以赛亚书（于宏洁）",
            "add_time": "2011-10-01 00:00:00",
            "zjid": "505",
            "number": "8",
            "zjl": "2077",
            "is_down": 0
        },
        {
            "img_url": "http://www.tingdao.org/Public/Images/Admin/Upload/15505097285c6ae6a0d791c.jpg",
            "title": "2007年7月3-6日退修会：拥抱青春，奔向永恒（于宏洁夫妇）",
            "add_time": "2007-07-03 00:00:00",
            "zjid": "504",
            "number": "16",
            "zjl": "1015",
            "is_down": 0
        },
        {
            "img_url": "http://www.tingdao.org/Public/Images/Admin/Upload/15505092395c6ae4b709ed8.jpg",
            "title": "1994-1995年：从圣经人物看属灵的转机与危机（于宏洁）",
            "add_time": "1994-02-01 00:00:00",
            "zjid": "503",
            "number": "12",
            "zjl": "2072",
            "is_down": 0
        },
        {
            "img_url": "http://www.tingdao.org/Public/Images/Admin/Upload/15434111755bfe95e708d28.jpg",
            "title": "2018年11月09-11日 多伦多大多市培灵会 腓立比书研经讲道（于宏洁）",
            "add_time": "2018-11-09 21:16:47",
            "zjid": "435",
            "number": "3",
            "zjl": "1431",
            "is_down": 0
        },
        {
            "img_url": "http://www.tingdao.org/Public/Images/Admin/Upload/15398673395bc882cb75b2c.jpg",
            "title": "2017年10月14-16日 香港密集读经聚会：约伯记（于宏洁）",
            "add_time": "2017-10-14 00:00:00",
            "zjid": "387",
            "number": "5",
            "zjl": "2160",
            "is_down": 0
        },
        {
            "img_url": "http://www.tingdao.org/Public/Images/Admin/Upload/15398664655bc87f6120596.jpg",
            "title": "2011年07月17-21日 香港青年特别聚会：跟随耶稣脚踪行（于宏洁）",
            "add_time": "2011-07-17 00:00:00",
            "zjid": "386",
            "number": "11",
            "zjl": "6496",
            "is_down": 0
        },
        {
            "img_url": "http://www.tingdao.org/Public/Images/Admin/Upload/15396769695bc59b292afad.jpg",
            "title": "2018年10月12-14日 香港基督徒聚会所：利未记（于宏洁）",
            "add_time": "2018-10-12 15:48:34",
            "zjid": "379",
            "number": "5",
            "zjl": "1889",
            "is_down": 0
        },
        {
            "img_url": "http://www.tingdao.org/Public/Images/Admin/Upload/15372235235ba02b63d7ffa.jpg",
            "title": "2004年10月 荒凉世代中的得胜者（于宏洁）",
            "add_time": "2004-10-01 00:00:00",
            "zjid": "314",
            "number": "7",
            "zjl": "1704",
            "is_down": 0
        },
        {
            "img_url": "http://www.tingdao.org/Public/Images/Admin/Upload/15371212005b9e9bb06b024.jpg",
            "title": "2018年07月13-15日圣地牙哥主恩堂退修会：从腓立比书看基督是一切（于宏洁）",
            "add_time": "2018-07-13 00:00:00",
            "zjid": "306",
            "number": "4",
            "zjl": "974",
            "is_down": 0
        },
        {
            "img_url": "http://www.tingdao.org/Public/Images/Admin/Upload/15371202295b9e97e5e13b6.jpg",
            "title": "2018年06月07-08日 悉尼基督徒聚会处特别聚会：神家见证的恢复（于宏洁）",
            "add_time": "2018-06-07 00:00:00",
            "zjid": "304",
            "number": "2",
            "zjl": "4484",
            "is_down": 0
        },
        {
            "img_url": "http://www.tingdao.org/Public/Images/Admin/Upload/15333871855b65a1b1204a8.jpg",
            "title": "话语的服事（于宏洁）",
            "add_time": "2018-08-04 20:53:10",
            "zjid": "53",
            "number": "3",
            "zjl": "1477",
            "is_down": 0
        },
        {
            "img_url": "http://www.tingdao.org/Public/Images/Admin/Upload/15333291165b64bedcb05be.jpg",
            "title": "国度兴衰史（于宏洁）",
            "add_time": "2018-08-04 04:45:18",
            "zjid": "51",
            "number": "12",
            "zjl": "1921",
            "is_down": 0
        },
        {
            "img_url": "http://www.tingdao.org/Public/Images/Admin/Upload/15332829435b640a7fe5aaf.jpg",
            "title": "2010年夏令退修会：住在基督里（于宏洁等）",
            "add_time": "2010-08-01 00:00:00",
            "zjid": "49",
            "number": "6",
            "zjl": "1648",
            "is_down": 0
        },
        {
            "img_url": "http://www.tingdao.org/Public/Images/Admin/Upload/15332292785b6338de7a3a8.jpg",
            "title": "2015年：约伯记（于宏洁）",
            "add_time": "2015-08-01 00:00:00",
            "zjid": "41",
            "number": "6",
            "zjl": "3364",
            "is_down": 0
        },
        {
            "img_url": "http://www.tingdao.org/Public/Images/Admin/Upload/15332816495b6405719091a.jpg",
            "title": "2008年培灵特会信息（于宏洁）",
            "add_time": "2008-08-01 00:00:00",
            "zjid": "48",
            "number": "20",
            "zjl": "7627",
            "is_down": 0
        },
        {
            "img_url": "http://www.tingdao.org/Public/Images/Admin/Upload/15332270425b633022477ae.jpg",
            "title": "2005年：同一心灵，同一脚踪（于宏洁）",
            "add_time": "2005-08-01 00:00:00",
            "zjid": "39",
            "number": "14",
            "zjl": "1840",
            "is_down": 0
        },
        {
            "img_url": "http://www.tingdao.org/Public/Images/Admin/Upload/15321979365b537c30e06a3.jpg",
            "title": "2007年培灵聚会（于宏洁夫妇）",
            "add_time": "2007-07-01 00:00:00",
            "zjid": "23",
            "number": "24",
            "zjl": "11145",
            "is_down": 0
        }
    ],
    "dyzt": 0,
    "authortime": [
        {
            "add_time": "2007"
        },
        {
            "add_time": "2005"
        },
        {
            "add_time": "2015"
        },
        {
            "add_time": "2008"
        },
        {
            "add_time": "2010"
        },
        {
            "add_time": "2018"
        },
        {
            "add_time": "2004"
        },
        {
            "add_time": "2011"
        },
        {
            "add_time": "2017"
        },
        {
            "add_time": "1994"
        },
        {
            "add_time": "2012"
        },
        {
            "add_time": "2014"
        },
        {
            "add_time": "2016"
        },
        {
            "add_time": "2019"
        },
        {
            "add_time": "2013"
        },
        {
            "add_time": "2009"
        },
        {
            "add_time": "2001"
        },
        {
            "add_time": "2020"
        },
        {
            "add_time": "2021"
        },
        {
            "add_time": "2022"
        },
        {
            "add_time": "1998"
        },
        {
            "add_time": "1995"
        },
        {
            "add_time": "2023"
        },
        {
            "add_time": "2024"
        }
    ],
    "tags": [
        {
            "title": "圣经经卷详解",
            "id": "5"
        },
        {
            "title": "单独一堂讲道系列",
            "id": "6"
        },
        {
            "title": "矽谷基督徒聚会历年主日讲道集",
            "id": "16"
        }
    ]
}