{
    "status": 1,
    "data": [
        {
            "author": "陶恕",
            "user_img": "https://www.tingdao.org/Public/Images/Admin/Upload/63465b573daa6.jpg",
            "number": "2",
            "zjl": "17090",
            "lxid": "1"
        }
    ],
    "list": [
        {
            "img_url": "https://www.tingdao.org/Public/Images/Admin/Upload/6211c048cb240.jpg",
            "title": "智慧的开端：认识至圣者（陶恕）经典朗读版",
            "add_time": "2022-02-20 12:14:27",
            "zjid": "1699",
            "number": "24",
            "zjl": "15255",
            "is_down": 0
        },
        {
            "img_url": "https://www.tingdao.org/Public/Images/Admin/Upload/62207926ef591.jpg",
            "title": "智慧的开端：认识至圣者（（陶恕）",
            "add_time": "2022-03-03 16:15:01",
            "zjid": "1704",
            "number": "24",
            "zjl": "1835",
            "is_down": 0
        }
    ],
    "dyzt": 0,
    "authortime": [
        {
            "add_time": "2022"
        }
    ],
    "tags": []
}