{
    "status": 1,
    "data": [
        {
            "author": "约翰·派博",
            "user_img": "https://www.tingdao.org/Public/Images/Admin/Upload/60ba26628e390.jpg",
            "number": "6",
            "zjl": "20823",
            "lxid": "1"
        }
    ],
    "list": [
        {
            "img_url": "https://www.tingdao.org/Public/Images/Admin/Upload/64a49155ea812.jpg",
            "title": "道与刀（约翰·派博）",
            "add_time": "2023-07-05 05:37:05",
            "zjid": "1887",
            "number": "33",
            "zjl": "2286",
            "is_down": 0
        },
        {
            "img_url": "https://www.tingdao.org/Public/Images/Admin/Upload/636c1d30bf7d6.jpg",
            "title": "约翰·派博答疑",
            "add_time": "2022-11-10 05:35:17",
            "zjid": "1813",
            "number": "64",
            "zjl": "6396",
            "is_down": 0
        },
        {
            "img_url": "https://www.tingdao.org/Public/Images/Admin/Upload/62b0d4df6373f.jpg",
            "title": "《 不要枉费自己的癌症 》（约翰·派博）",
            "add_time": "2022-06-21 04:12:45",
            "zjid": "1753",
            "number": "1",
            "zjl": "2181",
            "is_down": 0
        },
        {
            "img_url": "https://www.tingdao.org/Public/Images/Admin/Upload/617a45d80319f.jpg",
            "title": "渴慕神（约翰·派博）",
            "add_time": "2021-10-28 14:39:53",
            "zjid": "1635",
            "number": "21",
            "zjl": "4066",
            "is_down": 0
        },
        {
            "img_url": "https://www.tingdao.org/Public/Images/Admin/Upload/617a43052fca6.jpg",
            "title": "冠状病毒与基督（约翰·派博）",
            "add_time": "2021-10-28 14:27:50",
            "zjid": "1634",
            "number": "6",
            "zjl": "3297",
            "is_down": 0
        },
        {
            "img_url": "https://www.tingdao.org/Public/Images/Admin/Upload/60ba25b79a544.jpg",
            "title": "喜获新生（约翰·派博）",
            "add_time": "2021-06-04 21:06:09",
            "zjid": "1519",
            "number": "12",
            "zjl": "2597",
            "is_down": 0
        }
    ],
    "dyzt": 0,
    "authortime": [
        {
            "add_time": "2021"
        },
        {
            "add_time": "2022"
        },
        {
            "add_time": "2023"
        }
    ],
    "tags": []
}