{
    "status": 1,
    "data": [
        {
            "author": "考门夫人",
            "user_img": "https://www.tingdao.org/Public/Images/Admin/Upload/613c38066736b.jpg",
            "number": "24",
            "zjl": "40390",
            "lxid": "1"
        }
    ],
    "list": [
        {
            "img_url": "https://www.tingdao.org/Public/Images/Admin/Upload/616abffe4f901.jpg",
            "title": "荒漠甘泉 12月（考门夫人）主播朗读版",
            "add_time": "2021-09-01 00:00:00",
            "zjid": "1624",
            "number": "31",
            "zjl": "8637",
            "is_down": 0
        },
        {
            "img_url": "https://www.tingdao.org/Public/Images/Admin/Upload/616abfe525e7b.jpg",
            "title": "荒漠甘泉 11月（考门夫人）主播朗读版",
            "add_time": "2021-09-01 00:00:00",
            "zjid": "1623",
            "number": "30",
            "zjl": "2289",
            "is_down": 0
        },
        {
            "img_url": "https://www.tingdao.org/Public/Images/Admin/Upload/616abfc21a166.jpg",
            "title": "荒漠甘泉 10月（考门夫人）主播朗读版",
            "add_time": "2021-09-01 00:00:00",
            "zjid": "1622",
            "number": "31",
            "zjl": "1914",
            "is_down": 0
        },
        {
            "img_url": "https://www.tingdao.org/Public/Images/Admin/Upload/616abfa3606ed.jpg",
            "title": "荒漠甘泉 9月（考门夫人）主播朗读版",
            "add_time": "2021-09-01 00:00:00",
            "zjid": "1621",
            "number": "30",
            "zjl": "1960",
            "is_down": 0
        },
        {
            "img_url": "https://www.tingdao.org/Public/Images/Admin/Upload/616abf82251d6.jpg",
            "title": "荒漠甘泉 8月（考门夫人）主播朗读版",
            "add_time": "2021-09-01 00:00:00",
            "zjid": "1620",
            "number": "31",
            "zjl": "1589",
            "is_down": 0
        },
        {
            "img_url": "https://www.tingdao.org/Public/Images/Admin/Upload/616abf5953766.jpg",
            "title": "荒漠甘泉 7月（考门夫人）主播朗读版",
            "add_time": "2021-09-01 00:00:00",
            "zjid": "1619",
            "number": "31",
            "zjl": "1409",
            "is_down": 0
        },
        {
            "img_url": "https://www.tingdao.org/Public/Images/Admin/Upload/616a9f28b4a2e.jpg",
            "title": "荒漠甘泉 6月（考门夫人）主播朗读版",
            "add_time": "2021-09-01 00:00:00",
            "zjid": "1618",
            "number": "30",
            "zjl": "1336",
            "is_down": 0
        },
        {
            "img_url": "https://www.tingdao.org/Public/Images/Admin/Upload/616a9e8f5ab39.jpg",
            "title": "荒漠甘泉 5月（考门夫人）主播朗读版",
            "add_time": "2021-09-01 00:00:00",
            "zjid": "1617",
            "number": "31",
            "zjl": "1237",
            "is_down": 0
        },
        {
            "img_url": "https://www.tingdao.org/Public/Images/Admin/Upload/616a9d988980c.jpg",
            "title": "荒漠甘泉 4月（考门夫人）主播朗读版",
            "add_time": "2021-09-01 00:00:00",
            "zjid": "1616",
            "number": "30",
            "zjl": "1303",
            "is_down": 0
        },
        {
            "img_url": "https://www.tingdao.org/Public/Images/Admin/Upload/616a9cf59faa4.jpg",
            "title": "荒漠甘泉 3月（考门夫人）主播朗读版",
            "add_time": "2021-09-01 00:00:00",
            "zjid": "1615",
            "number": "31",
            "zjl": "1226",
            "is_down": 0
        },
        {
            "img_url": "https://www.tingdao.org/Public/Images/Admin/Upload/616a81916ca2c.jpg",
            "title": "荒漠甘泉 2月（考门夫人）主播朗读版",
            "add_time": "2021-10-16 15:38:34",
            "zjid": "1614",
            "number": "29",
            "zjl": "1282",
            "is_down": 0
        },
        {
            "img_url": "https://www.tingdao.org/Public/Images/Admin/Upload/616a8088c4923.jpg",
            "title": "荒漠甘泉 1月（考门夫人）主播朗读版",
            "add_time": "2021-10-16 15:34:04",
            "zjid": "1613",
            "number": "31",
            "zjl": "2062",
            "is_down": 0
        },
        {
            "img_url": "https://www.tingdao.org/Public/Images/Admin/Upload/613c3a066f347.jpg",
            "title": "荒漠甘泉 12月（考门夫人）",
            "add_time": "2021-08-01 00:00:00",
            "zjid": "1600",
            "number": "31",
            "zjl": "2858",
            "is_down": 0
        },
        {
            "img_url": "https://www.tingdao.org/Public/Images/Admin/Upload/613c39eba9aaf.jpg",
            "title": "荒漠甘泉 11月（考门夫人）",
            "add_time": "2021-08-01 00:00:00",
            "zjid": "1599",
            "number": "30",
            "zjl": "714",
            "is_down": 0
        },
        {
            "img_url": "https://www.tingdao.org/Public/Images/Admin/Upload/613c39ab357c2.jpg",
            "title": "荒漠甘泉 10月（考门夫人）",
            "add_time": "2021-08-01 00:00:00",
            "zjid": "1598",
            "number": "31",
            "zjl": "717",
            "is_down": 0
        },
        {
            "img_url": "https://www.tingdao.org/Public/Images/Admin/Upload/613c39896b5f1.jpg",
            "title": "荒漠甘泉 9月（考门夫人）",
            "add_time": "2021-08-01 00:00:00",
            "zjid": "1597",
            "number": "30",
            "zjl": "627",
            "is_down": 0
        },
        {
            "img_url": "https://www.tingdao.org/Public/Images/Admin/Upload/613c396206fe2.jpg",
            "title": "荒漠甘泉 8月（考门夫人）",
            "add_time": "2021-08-01 00:00:00",
            "zjid": "1596",
            "number": "31",
            "zjl": "543",
            "is_down": 0
        },
        {
            "img_url": "https://www.tingdao.org/Public/Images/Admin/Upload/613c394445e1b.jpg",
            "title": "荒漠甘泉 7月（考门夫人）",
            "add_time": "2021-08-01 00:00:00",
            "zjid": "1595",
            "number": "31",
            "zjl": "596",
            "is_down": 0
        },
        {
            "img_url": "https://www.tingdao.org/Public/Images/Admin/Upload/613c3926a4da8.jpg",
            "title": "荒漠甘泉 6月（考门夫人）",
            "add_time": "2021-08-01 00:00:00",
            "zjid": "1594",
            "number": "30",
            "zjl": "607",
            "is_down": 0
        },
        {
            "img_url": "https://www.tingdao.org/Public/Images/Admin/Upload/613c39012d55c.jpg",
            "title": "荒漠甘泉 5月（考门夫人）",
            "add_time": "2021-08-01 00:00:00",
            "zjid": "1593",
            "number": "31",
            "zjl": "636",
            "is_down": 0
        },
        {
            "img_url": "https://www.tingdao.org/Public/Images/Admin/Upload/613c38e2cf9b0.jpg",
            "title": "荒漠甘泉 4月（考门夫人）",
            "add_time": "2021-08-01 00:00:00",
            "zjid": "1592",
            "number": "30",
            "zjl": "636",
            "is_down": 0
        },
        {
            "img_url": "https://www.tingdao.org/Public/Images/Admin/Upload/613c38bf17259.jpg",
            "title": "荒漠甘泉 3月（考门夫人）",
            "add_time": "2021-08-01 00:00:00",
            "zjid": "1591",
            "number": "31",
            "zjl": "836",
            "is_down": 0
        },
        {
            "img_url": "https://www.tingdao.org/Public/Images/Admin/Upload/613c384c40577.jpg",
            "title": "荒漠甘泉 2月（考门夫人）",
            "add_time": "2021-09-11 13:01:14",
            "zjid": "1590",
            "number": "29",
            "zjl": "1325",
            "is_down": 0
        },
        {
            "img_url": "https://www.tingdao.org/Public/Images/Admin/Upload/613c381123fde.jpg",
            "title": "荒漠甘泉 1月（考门夫人）",
            "add_time": "2021-09-11 12:59:59",
            "zjid": "1589",
            "number": "31",
            "zjl": "4051",
            "is_down": 0
        }
    ],
    "dyzt": 0,
    "authortime": [
        {
            "add_time": "2021"
        }
    ],
    "tags": []
}