{
    "status": 1,
    "data": [
        {
            "author": "王守仁",
            "user_img": "http://www.tingdao.org/Public/Images/Admin/Upload/15710582895da472710c37d.jpg",
            "number": "23",
            "zjl": "11852",
            "lxid": "1"
        }
    ],
    "list": [
        {
            "img_url": "https://www.tingdao.org/Public/Images/Admin/Upload/6320f02307fea.jpg",
            "title": "2022年 纽约灵命进深会：马太福音释经（九）（王守仁）",
            "add_time": "2022-09-14 04:59:39",
            "zjid": "1783",
            "number": "2",
            "zjl": "775",
            "is_down": 0
        },
        {
            "img_url": "https://www.tingdao.org/Public/Images/Admin/Upload/60f16563965cc.jpg",
            "title": "2021年07月 纽约灵命进深会：马太福音释经（八）（王守仁）",
            "add_time": "2021-07-16 18:49:24",
            "zjid": "1552",
            "number": "4",
            "zjl": "593",
            "is_down": 0
        },
        {
            "img_url": "https://www.tingdao.org/Public/Images/Admin/Upload/15962190445f245ea423717.jpg",
            "title": "2018年 纽约灵命进深会：马太福音释经（七）（王守仁）",
            "add_time": "2018-08-01 00:00:00",
            "zjid": "1279",
            "number": "4",
            "zjl": "245",
            "is_down": 0
        },
        {
            "img_url": "https://www.tingdao.org/Public/Images/Admin/Upload/15962188385f245dd6b0810.jpg",
            "title": "2017年 纽约灵命进深会：马太福音释经（六）（王守仁）",
            "add_time": "2017-08-01 00:00:00",
            "zjid": "1278",
            "number": "4",
            "zjl": "164",
            "is_down": 0
        },
        {
            "img_url": "https://www.tingdao.org/Public/Images/Admin/Upload/15962173285f2457f0053ba.jpg",
            "title": "2016年 纽约灵命进深会：马太福音释经（五）（王守仁）",
            "add_time": "2016-08-01 00:00:00",
            "zjid": "1277",
            "number": "4",
            "zjl": "162",
            "is_down": 0
        },
        {
            "img_url": "https://www.tingdao.org/Public/Images/Admin/Upload/15962166845f24556c6b617.jpg",
            "title": "2014年 纽约灵命进深会：马太福音释经（四）（王守仁）",
            "add_time": "2014-08-01 00:00:00",
            "zjid": "1276",
            "number": "4",
            "zjl": "154",
            "is_down": 0
        },
        {
            "img_url": "https://www.tingdao.org/Public/Images/Admin/Upload/15960953045f227b48c7e2e.jpg",
            "title": "2012年 纽约灵命进深会：马太福音释经（三）-登山宝训（王守仁）",
            "add_time": "2012-07-01 00:00:00",
            "zjid": "1275",
            "number": "6",
            "zjl": "182",
            "is_down": 0
        },
        {
            "img_url": "https://www.tingdao.org/Public/Images/Admin/Upload/15960235735f216315d7cb0.jpg",
            "title": "2009年08月 BCTC教会信息（王守仁）",
            "add_time": "2009-08-01 00:00:00",
            "zjid": "1273",
            "number": "2",
            "zjl": "210",
            "is_down": 0
        },
        {
            "img_url": "http://www.tingdao.org/Public/Images/Admin/Upload/15778154205e0b8d7c4b2f6.jpg",
            "title": "马太福音释经（II）-登山宝训（王守仁）",
            "add_time": "2020-01-01 02:03:06",
            "zjid": "1131",
            "number": "6",
            "zjl": "2242",
            "is_down": 0
        },
        {
            "img_url": "http://www.tingdao.org/Public/Images/Admin/Upload/15778153205e0b8d18aa656.jpg",
            "title": "马太福音释经（I）（王守仁）",
            "add_time": "2020-01-01 02:01:06",
            "zjid": "1130",
            "number": "6",
            "zjl": "1272",
            "is_down": 0
        },
        {
            "img_url": "http://www.tingdao.org/Public/Images/Admin/Upload/15778138185e0b873aaddb4.jpg",
            "title": "新约难解经文（III）（王守仁）",
            "add_time": "2020-01-01 01:36:29",
            "zjid": "1129",
            "number": "6",
            "zjl": "277",
            "is_down": 0
        },
        {
            "img_url": "http://www.tingdao.org/Public/Images/Admin/Upload/15778135175e0b860dc8b1b.jpg",
            "title": "新约难解经文（II）（王守仁）",
            "add_time": "2020-01-01 01:31:21",
            "zjid": "1128",
            "number": "6",
            "zjl": "229",
            "is_down": 0
        },
        {
            "img_url": "http://www.tingdao.org/Public/Images/Admin/Upload/15778132095e0b84d9a4826.jpg",
            "title": "新约难解经文（I）（王守仁）",
            "add_time": "2020-01-01 01:25:49",
            "zjid": "1127",
            "number": "6",
            "zjl": "302",
            "is_down": 0
        },
        {
            "img_url": "http://www.tingdao.org/Public/Images/Admin/Upload/15778064405e0b6a68ac335.jpg",
            "title": "旧约概论-小先知书（II）（王守仁）",
            "add_time": "2019-12-31 23:23:00",
            "zjid": "1126",
            "number": "6",
            "zjl": "1678",
            "is_down": 0
        },
        {
            "img_url": "http://www.tingdao.org/Public/Images/Admin/Upload/15778057085e0b678c48742.jpg",
            "title": "旧约概论-小先知书（I）（王守仁）",
            "add_time": "2019-12-31 23:20:06",
            "zjid": "1125",
            "number": "6",
            "zjl": "631",
            "is_down": 0
        },
        {
            "img_url": "http://www.tingdao.org/Public/Images/Admin/Upload/15711403575da5b305b0a84.jpg",
            "title": "查经-歌罗西书（王守仁）",
            "add_time": "2019-10-11 19:51:27",
            "zjid": "1081",
            "number": "4",
            "zjl": "302",
            "is_down": 0
        },
        {
            "img_url": "http://www.tingdao.org/Public/Images/Admin/Upload/15711399875da5b193d4104.jpg",
            "title": "罗马书研经（王守仁）",
            "add_time": "2019-10-11 19:45:49",
            "zjid": "1080",
            "number": "8",
            "zjl": "380",
            "is_down": 0
        },
        {
            "img_url": "http://www.tingdao.org/Public/Images/Admin/Upload/15711399095da5b1454ae27.jpg",
            "title": "以弗所书研经（王守仁）",
            "add_time": "2019-10-11 19:42:48",
            "zjid": "1079",
            "number": "5",
            "zjl": "331",
            "is_down": 0
        },
        {
            "img_url": "http://www.tingdao.org/Public/Images/Admin/Upload/15710884805da4e8606f03d.jpg",
            "title": "帖撒罗尼迦后书研经（王守仁）",
            "add_time": "2019-10-15 05:26:54",
            "zjid": "1078",
            "number": "6",
            "zjl": "304",
            "is_down": 0
        },
        {
            "img_url": "http://www.tingdao.org/Public/Images/Admin/Upload/15710879905da4e676efa75.jpg",
            "title": "旧约概论之三（王守仁）",
            "add_time": "2019-10-15 05:19:03",
            "zjid": "1077",
            "number": "6",
            "zjl": "232",
            "is_down": 0
        },
        {
            "img_url": "http://www.tingdao.org/Public/Images/Admin/Upload/15710878495da4e5e9a9052.jpg",
            "title": "旧约概论之二（王守仁）",
            "add_time": "2019-10-15 05:16:52",
            "zjid": "1076",
            "number": "5",
            "zjl": "204",
            "is_down": 0
        },
        {
            "img_url": "http://www.tingdao.org/Public/Images/Admin/Upload/15710752165da4b490c9cc5.jpg",
            "title": "旧约概论之一（王守仁）",
            "add_time": "2019-10-15 01:45:54",
            "zjid": "1075",
            "number": "6",
            "zjl": "290",
            "is_down": 0
        },
        {
            "img_url": "http://www.tingdao.org/Public/Images/Admin/Upload/15710580025da4715212ed1.jpg",
            "title": "王守仁弟兄单独一堂讲道集",
            "add_time": "2020-08-25 00:00:00",
            "zjid": "1074",
            "number": "17",
            "zjl": "693",
            "is_down": 0
        }
    ],
    "dyzt": 0,
    "authortime": [
        {
            "add_time": "2020"
        },
        {
            "add_time": "2019"
        },
        {
            "add_time": "2009"
        },
        {
            "add_time": "2012"
        },
        {
            "add_time": "2014"
        },
        {
            "add_time": "2016"
        },
        {
            "add_time": "2017"
        },
        {
            "add_time": "2018"
        },
        {
            "add_time": "2021"
        },
        {
            "add_time": "2022"
        }
    ],
    "tags": [
        {
            "title": "圣经经卷详解",
            "id": "5"
        },
        {
            "title": "单独一堂讲道系列",
            "id": "6"
        }
    ]
}