{
    "status": 1,
    "data": [
        {
            "author": "徐华",
            "user_img": "http://www.tingdao.org/Public/Images/Admin/Upload/15536336185c9a915217a8f.jpg",
            "number": "7",
            "zjl": "10974",
            "lxid": "1"
        }
    ],
    "list": [
        {
            "img_url": "http://www.tingdao.org/Public/Images/Admin/Upload/15657968585d5429fa7fa68.jpg",
            "title": "福音布道：你快乐吗？（徐华）",
            "add_time": "2019-08-01 23:32:58",
            "zjid": "952",
            "number": "1",
            "zjl": "2234",
            "is_down": 0
        },
        {
            "img_url": "http://www.tingdao.org/Public/Images/Admin/Upload/15657922795d541817e2429.jpg",
            "title": "但以理书的预言（徐华）",
            "add_time": "2019-08-01 22:16:45",
            "zjid": "951",
            "number": "1",
            "zjl": "2556",
            "is_down": 0
        },
        {
            "img_url": "http://www.tingdao.org/Public/Images/Admin/Upload/15536440935c9aba3d3722c.jpg",
            "title": "1989年 纽瓦克福音布道会：父亲（徐华）",
            "add_time": "2019-03-27 07:45:48",
            "zjid": "630",
            "number": "3",
            "zjl": "957",
            "is_down": 0
        },
        {
            "img_url": "http://www.tingdao.org/Public/Images/Admin/Upload/15536939855c9b7d2167b0f.jpg",
            "title": "福音布道会：生与死的答案（徐华）",
            "add_time": "2019-03-27 21:39:23",
            "zjid": "631",
            "number": "4",
            "zjl": "1389",
            "is_down": 0
        },
        {
            "img_url": "http://www.tingdao.org/Public/Images/Admin/Upload/15536336465c9a916edbaa4.jpg",
            "title": "徐华医生培灵布道集（部分音频音质较差）",
            "add_time": "2019-03-27 04:48:59",
            "zjid": "626",
            "number": "22",
            "zjl": "613",
            "is_down": 0
        },
        {
            "img_url": "http://www.tingdao.org/Public/Images/Admin/Upload/15536431795c9ab6ab356c9.jpg",
            "title": "启示录再讲（徐华）",
            "add_time": "2019-03-27 07:30:55",
            "zjid": "629",
            "number": "11",
            "zjl": "2539",
            "is_down": 0
        },
        {
            "img_url": "http://www.tingdao.org/Public/Images/Admin/Upload/15536422305c9ab2f678e88.jpg",
            "title": "老（徐华）",
            "add_time": "2019-03-27 07:14:42",
            "zjid": "628",
            "number": "6",
            "zjl": "686",
            "is_down": 0
        }
    ],
    "dyzt": 0,
    "authortime": [
        {
            "add_time": "2019"
        }
    ],
    "tags": [
        {
            "title": "圣经经卷详解",
            "id": "5"
        }
    ]
}