{
    "status": 1,
    "data": [
        {
            "author": "辛克莱·傅格森",
            "user_img": "https://www.tingdao.org/Public/Images/Admin/Upload/63223ccf0f129.jpg",
            "number": "6",
            "zjl": "8576",
            "lxid": "1"
        }
    ],
    "list": [
        {
            "img_url": "https://www.tingdao.org/Public/Images/Admin/Upload/66a577c0aa1f8.jpg",
            "title": "基督徒生活的基础（辛克莱·傅格森）",
            "add_time": "2024-07-28 06:36:06",
            "zjid": "1966",
            "number": "12",
            "zjl": "1378",
            "is_down": 0
        },
        {
            "img_url": "https://www.tingdao.org/Public/Images/Admin/Upload/64f1f96e75920.jpg",
            "title": "万名之上的名（阿利斯泰·贝格和辛克莱·傅格森）",
            "add_time": "2023-09-01 22:44:01",
            "zjid": "1901",
            "number": "61",
            "zjl": "1991",
            "is_down": 0
        },
        {
            "img_url": "https://www.tingdao.org/Public/Images/Admin/Upload/636055308530c.jpg",
            "title": "日光之上（辛克莱·傅格森）",
            "add_time": "2022-11-01 07:04:43",
            "zjid": "1810",
            "number": "20",
            "zjl": "1650",
            "is_down": 0
        },
        {
            "img_url": "https://www.tingdao.org/Public/Images/Admin/Upload/6338baf62d0b2.jpg",
            "title": "磐石之上（辛克莱·傅格森）",
            "add_time": "2022-10-02 06:10:21",
            "zjid": "1798",
            "number": "95",
            "zjl": "1813",
            "is_down": 0
        },
        {
            "img_url": "https://www.tingdao.org/Public/Images/Admin/Upload/6323841421c73.jpg",
            "title": "圣灵是谁（辛克莱·傅格森）",
            "add_time": "2022-09-16 03:58:35",
            "zjid": "1786",
            "number": "12",
            "zjl": "1000",
            "is_down": 0
        },
        {
            "img_url": "https://www.tingdao.org/Public/Images/Admin/Upload/63223cd7b65cf.jpg",
            "title": "与主共度的奇妙五小时（辛克莱·傅格森）",
            "add_time": "2022-09-15 04:41:57",
            "zjid": "1785",
            "number": "12",
            "zjl": "744",
            "is_down": 0
        }
    ],
    "dyzt": 0,
    "authortime": [
        {
            "add_time": "2022"
        },
        {
            "add_time": "2023"
        },
        {
            "add_time": "2024"
        }
    ],
    "tags": []
}