{
    "status": 1,
    "data": [
        {
            "author": "C·S·路易斯",
            "user_img": "https://www.tingdao.org/Public/Images/Admin/Upload/5f740dd431437.jpg",
            "number": "7",
            "zjl": "17572",
            "lxid": "1"
        }
    ],
    "list": [
        {
            "img_url": "https://www.tingdao.org/Public/Images/Admin/Upload/60cc0bde9f900.jpg",
            "title": "返璞归真（C·S·路易斯）",
            "add_time": "2021-06-18 10:56:51",
            "zjid": "1538",
            "number": "44",
            "zjl": "4657",
            "is_down": 0
        },
        {
            "img_url": "https://www.tingdao.org/Public/Images/Admin/Upload/60cc04eac387d.jpg",
            "title": "痛苦的奥秘（C·S·路易斯）",
            "add_time": "2021-06-18 10:25:49",
            "zjid": "1537",
            "number": "37",
            "zjl": "2516",
            "is_down": 0
        },
        {
            "img_url": "https://www.tingdao.org/Public/Images/Admin/Upload/60cc0097b2aea.jpg",
            "title": "卿卿如晤（C·S·路易斯）",
            "add_time": "2021-06-18 10:10:05",
            "zjid": "1536",
            "number": "21",
            "zjl": "960",
            "is_down": 0
        },
        {
            "img_url": "https://www.tingdao.org/Public/Images/Admin/Upload/60cb30d56121f.jpg",
            "title": "飞鸿22帖（C·S·路易斯）",
            "add_time": "2021-06-17 19:23:16",
            "zjid": "1535",
            "number": "41",
            "zjl": "1017",
            "is_down": 0
        },
        {
            "img_url": "https://www.tingdao.org/Public/Images/Admin/Upload/60cb2cad6d2fc.jpg",
            "title": "四种爱（C·S·路易斯）",
            "add_time": "2021-06-17 19:05:13",
            "zjid": "1534",
            "number": "34",
            "zjl": "1672",
            "is_down": 0
        },
        {
            "img_url": "https://www.tingdao.org/Public/Images/Admin/Upload/5f7bec52bf139.jpg",
            "title": "纳尼亚传奇（C·S·路易斯）",
            "add_time": "2020-10-06 12:01:48",
            "zjid": "1382",
            "number": "34",
            "zjl": "2408",
            "is_down": 0
        },
        {
            "img_url": "https://www.tingdao.org/Public/Images/Admin/Upload/5f74101404308.jpg",
            "title": "魔鬼家书-地狱来鸿（C·S·路易斯）",
            "add_time": "2022-02-15 00:00:00",
            "zjid": "1380",
            "number": "36",
            "zjl": "4342",
            "is_down": 0
        }
    ],
    "dyzt": 0,
    "authortime": [
        {
            "add_time": "2022"
        },
        {
            "add_time": "2020"
        },
        {
            "add_time": "2021"
        }
    ],
    "tags": []
}