{
    "status": 1,
    "data": [
        {
            "author": "慕安德烈",
            "user_img": "http://www.tingdao.org/Public/Images/Admin/Upload/15539844485c9febc0166cd.jpg",
            "number": "16",
            "zjl": "67870",
            "lxid": "1"
        }
    ],
    "list": [
        {
            "img_url": "https://www.tingdao.org/Public/Images/Admin/Upload/63e80ab1ddc26.jpg",
            "title": "祷告的学校（慕安德烈）",
            "add_time": "2023-02-12 05:36:54",
            "zjid": "1859",
            "number": "1",
            "zjl": "4645",
            "is_down": 0
        },
        {
            "img_url": "https://www.tingdao.org/Public/Images/Admin/Upload/617142f3d3ee9.jpg",
            "title": "慕安德烈《短篇信息》",
            "add_time": "2021-10-21 18:34:37",
            "zjid": "1625",
            "number": "7",
            "zjl": "3580",
            "is_down": 0
        },
        {
            "img_url": "https://www.tingdao.org/Public/Images/Admin/Upload/60c9646be1508.jpg",
            "title": "慕安德烈丛书精华录",
            "add_time": "2021-06-16 10:38:11",
            "zjid": "1531",
            "number": "12",
            "zjl": "3785",
            "is_down": 0
        },
        {
            "img_url": "https://www.tingdao.org/Public/Images/Admin/Upload/60c96318e30ab.jpg",
            "title": "劳威廉对教会临别赠言（慕安德烈）",
            "add_time": "2021-06-16 10:30:58",
            "zjid": "1530",
            "number": "6",
            "zjl": "1193",
            "is_down": 0
        },
        {
            "img_url": "https://www.tingdao.org/Public/Images/Admin/Upload/5f73fe19b34dc.jpg",
            "title": "住在基督里（慕安德烈）",
            "add_time": "2020-09-30 11:38:49",
            "zjid": "1379",
            "number": "31",
            "zjl": "12148",
            "is_down": 0
        },
        {
            "img_url": "http://www.tingdao.org/Public/Images/Admin/Upload/15642135515d3c012f3706c.jpg",
            "title": "圣灵全备的祝福（慕安德烈）",
            "add_time": "2019-07-27 15:45:11",
            "zjid": "943",
            "number": "13",
            "zjl": "4333",
            "is_down": 0
        },
        {
            "img_url": "http://www.tingdao.org/Public/Images/Admin/Upload/15575049145cd5a392ac344.jpg",
            "title": "神的心意：四月（慕安德烈）",
            "add_time": "2019-05-11 00:14:21",
            "zjid": "791",
            "number": "30",
            "zjl": "1043",
            "is_down": 0
        },
        {
            "img_url": "http://www.tingdao.org/Public/Images/Admin/Upload/15574402815cd4a71969675.jpg",
            "title": "神的心意：三月（慕安德烈）",
            "add_time": "2019-05-10 06:17:27",
            "zjid": "790",
            "number": "31",
            "zjl": "584",
            "is_down": 0
        },
        {
            "img_url": "http://www.tingdao.org/Public/Images/Admin/Upload/15574391475cd4a2ab61231.jpg",
            "title": "神的心意：二月（慕安德烈）",
            "add_time": "2019-05-10 05:58:21",
            "zjid": "789",
            "number": "29",
            "zjl": "548",
            "is_down": 0
        },
        {
            "img_url": "http://www.tingdao.org/Public/Images/Admin/Upload/15574186975cd452c9bd649.jpg",
            "title": "神的心意：一月（慕安德烈）",
            "add_time": "2019-05-10 00:16:24",
            "zjid": "788",
            "number": "32",
            "zjl": "1264",
            "is_down": 0
        },
        {
            "img_url": "http://www.tingdao.org/Public/Images/Admin/Upload/15567137655cc99125793de.jpg",
            "title": "十字架的秘诀（慕安德烈）",
            "add_time": "2019-05-01 20:27:28",
            "zjid": "779",
            "number": "31",
            "zjl": "4184",
            "is_down": 0
        },
        {
            "img_url": "http://www.tingdao.org/Public/Images/Admin/Upload/15545573345ca8a9965a4fc.jpg",
            "title": "内在生活（慕安德烈）",
            "add_time": "2019-04-06 21:27:45",
            "zjid": "685",
            "number": "36",
            "zjl": "7155",
            "is_down": 0
        },
        {
            "img_url": "http://www.tingdao.org/Public/Images/Admin/Upload/15542943955ca4a67bde733.jpg",
            "title": "属天的医治（慕安德烈）",
            "add_time": "2019-04-03 20:24:10",
            "zjid": "661",
            "number": "32",
            "zjl": "4027",
            "is_down": 0
        },
        {
            "img_url": "http://www.tingdao.org/Public/Images/Admin/Upload/15542937115ca4a3cfdfb5b.jpg",
            "title": "基督的灵（慕安德烈）",
            "add_time": "2019-04-03 20:13:11",
            "zjid": "660",
            "number": "62",
            "zjl": "5865",
            "is_down": 0
        },
        {
            "img_url": "http://www.tingdao.org/Public/Images/Admin/Upload/15539857575c9ff0ddd15d1.jpg",
            "title": "谦卑（慕安德烈）",
            "add_time": "2019-03-31 06:40:50",
            "zjid": "644",
            "number": "18",
            "zjl": "5372",
            "is_down": 0
        },
        {
            "img_url": "http://www.tingdao.org/Public/Images/Admin/Upload/15539843965c9feb8c6af86.jpg",
            "title": "等候神（慕安德烈）",
            "add_time": "2019-03-31 06:16:11",
            "zjid": "643",
            "number": "31",
            "zjl": "8144",
            "is_down": 0
        }
    ],
    "dyzt": 0,
    "authortime": [
        {
            "add_time": "2019"
        },
        {
            "add_time": "2020"
        },
        {
            "add_time": "2021"
        },
        {
            "add_time": "2023"
        }
    ],
    "tags": []
}