{
    "status": 1,
    "data": [
        {
            "author": "李渊如",
            "user_img": "http://www.tingdao.org/Public/Images/Admin/Upload/15629652415d28f4f9bb08f.jpg",
            "number": "2",
            "zjl": "39882",
            "lxid": "1"
        }
    ],
    "list": [
        {
            "img_url": "https://www.tingdao.org/Public/Images/Admin/Upload/60ba11fe692f0.jpg",
            "title": "李渊如传",
            "add_time": "2021-06-04 19:43:17",
            "zjid": "1518",
            "number": "18",
            "zjl": "11043",
            "is_down": 0
        },
        {
            "img_url": "http://www.tingdao.org/Public/Images/Admin/Upload/15629653095d28f53d31260.jpg",
            "title": "恩言（李渊如）",
            "add_time": "2019-07-13 04:59:13",
            "zjid": "877",
            "number": "16",
            "zjl": "28839",
            "is_down": 0
        }
    ],
    "dyzt": 0,
    "authortime": [
        {
            "add_time": "2019"
        },
        {
            "add_time": "2021"
        }
    ],
    "tags": []
}