{
    "status": 1,
    "data": [
        {
            "author": "于力工",
            "user_img": "http://www.tingdao.org/Public/Images/Admin/Upload/15685738715d7e89af6db4a.jpg",
            "number": "13",
            "zjl": "8999",
            "lxid": "1"
        }
    ],
    "list": [
        {
            "img_url": "http://www.tingdao.org/Public/Images/Admin/Upload/15688416165d829f90adf98.jpg",
            "title": "祷告学（于力工）",
            "add_time": "2019-09-19 05:17:47",
            "zjid": "1051",
            "number": "10",
            "zjl": "1818",
            "is_down": 0
        },
        {
            "img_url": "http://www.tingdao.org/Public/Images/Admin/Upload/15688394325d82970820dc0.jpg",
            "title": "灵命进深（于力工）",
            "add_time": "2019-09-19 04:43:03",
            "zjid": "1049",
            "number": "8",
            "zjl": "970",
            "is_down": 0
        },
        {
            "img_url": "http://www.tingdao.org/Public/Images/Admin/Upload/15688396725d8297f88db93.jpg",
            "title": "于力工弟兄的个人见证",
            "add_time": "2019-09-19 04:46:52",
            "zjid": "1050",
            "number": "1",
            "zjl": "857",
            "is_down": 0
        },
        {
            "img_url": "http://www.tingdao.org/Public/Images/Admin/Upload/15688365695d828bd97fea2.jpg",
            "title": "从约拿书看读经与复兴（于力工）",
            "add_time": "2019-09-19 03:54:20",
            "zjid": "1048",
            "number": "10",
            "zjl": "562",
            "is_down": 0
        },
        {
            "img_url": "http://www.tingdao.org/Public/Images/Admin/Upload/15688360735d8289e9303bc.jpg",
            "title": "差传学（于力工）",
            "add_time": "2019-09-19 03:46:46",
            "zjid": "1047",
            "number": "4",
            "zjl": "336",
            "is_down": 0
        },
        {
            "img_url": "http://www.tingdao.org/Public/Images/Admin/Upload/15686669455d7ff541df8f5.jpg",
            "title": "于力工弟兄单独一堂讲道集",
            "add_time": "2019-09-17 04:48:27",
            "zjid": "1045",
            "number": "7",
            "zjl": "646",
            "is_down": 0
        },
        {
            "img_url": "http://www.tingdao.org/Public/Images/Admin/Upload/15686664675d7ff3635624e.jpg",
            "title": "教会（于力工）",
            "add_time": "2019-09-17 04:40:38",
            "zjid": "1044",
            "number": "3",
            "zjl": "359",
            "is_down": 0
        },
        {
            "img_url": "http://www.tingdao.org/Public/Images/Admin/Upload/15686659905d7ff186ca715.jpg",
            "title": "祷告（于力工）",
            "add_time": "2019-09-17 04:31:58",
            "zjid": "1043",
            "number": "4",
            "zjl": "637",
            "is_down": 0
        },
        {
            "img_url": "http://www.tingdao.org/Public/Images/Admin/Upload/15686637965d7fe8f43417f.jpg",
            "title": "以赛亚书（于力工）",
            "add_time": "2019-09-17 03:55:43",
            "zjid": "1042",
            "number": "43",
            "zjl": "503",
            "is_down": 0
        },
        {
            "img_url": "http://www.tingdao.org/Public/Images/Admin/Upload/15685833175d7eae959ef65.jpg",
            "title": "基督生平（于力工）",
            "add_time": "2019-09-16 05:33:57",
            "zjid": "1041",
            "number": "42",
            "zjl": "710",
            "is_down": 0
        },
        {
            "img_url": "http://www.tingdao.org/Public/Images/Admin/Upload/15685816105d7ea7eaeebdf.jpg",
            "title": "在基督里长进（于力工）",
            "add_time": "2019-09-16 05:05:46",
            "zjid": "1040",
            "number": "3",
            "zjl": "525",
            "is_down": 0
        },
        {
            "img_url": "http://www.tingdao.org/Public/Images/Admin/Upload/15685744285d7e8bdceaa02.jpg",
            "title": "活水江河（于力工）",
            "add_time": "2019-09-16 03:06:07",
            "zjid": "1039",
            "number": "6",
            "zjl": "457",
            "is_down": 0
        },
        {
            "img_url": "http://www.tingdao.org/Public/Images/Admin/Upload/15685738935d7e89c5673d9.jpg",
            "title": "与神同行（于力工）",
            "add_time": "2019-09-16 02:55:32",
            "zjid": "1038",
            "number": "5",
            "zjl": "619",
            "is_down": 0
        }
    ],
    "dyzt": 0,
    "authortime": [
        {
            "add_time": "2019"
        }
    ],
    "tags": [
        {
            "title": "圣经经卷详解",
            "id": "5"
        },
        {
            "title": "教会的道路",
            "id": "11"
        },
        {
            "title": "工人的装备",
            "id": "12"
        }
    ]
}