{
    "status": 1,
    "data": [
        {
            "author": "史百克",
            "user_img": "http://www.tingdao.org/Public/Images/Admin/Upload/15540393365ca0c2286f1e8.jpg",
            "number": "15",
            "zjl": "123696",
            "lxid": "1"
        }
    ],
    "list": [
        {
            "img_url": "https://www.tingdao.org/Public/Images/Admin/Upload/602e143e97aaa.jpg",
            "title": "神的福音（史百克）",
            "add_time": "2021-02-18 15:13:36",
            "zjid": "1464",
            "number": "5",
            "zjl": "6046",
            "is_down": 0
        },
        {
            "img_url": "https://www.tingdao.org/Public/Images/Admin/Upload/602e11f897d28.jpg",
            "title": "圣所的精金（史百克）",
            "add_time": "2021-02-18 15:04:36",
            "zjid": "1463",
            "number": "7",
            "zjl": "3155",
            "is_down": 0
        },
        {
            "img_url": "https://www.tingdao.org/Public/Images/Admin/Upload/60212c961ea1d.jpg",
            "title": "教会的意义（史百克）",
            "add_time": "2021-02-08 20:20:17",
            "zjid": "1451",
            "number": "11",
            "zjl": "4014",
            "is_down": 0
        },
        {
            "img_url": "https://www.tingdao.org/Public/Images/Admin/Upload/601fde5ed8547.jpg",
            "title": "在基督里的新创造（史百克）",
            "add_time": "2021-02-07 20:32:29",
            "zjid": "1450",
            "number": "2",
            "zjl": "2356",
            "is_down": 0
        },
        {
            "img_url": "https://www.tingdao.org/Public/Images/Admin/Upload/5ff6a8ec75601.jpg",
            "title": "救赎八段（史百克）",
            "add_time": "2021-01-07 14:23:01",
            "zjid": "1420",
            "number": "23",
            "zjl": "7285",
            "is_down": 0
        },
        {
            "img_url": "https://www.tingdao.org/Public/Images/Admin/Upload/5ff013d1b5f46.jpg",
            "title": "【神永远的旨意】史百克弟兄1957年旅台信息录音",
            "add_time": "2021-02-07 00:00:00",
            "zjid": "1412",
            "number": "14",
            "zjl": "22212",
            "is_down": 0
        },
        {
            "img_url": "https://www.tingdao.org/Public/Images/Admin/Upload/5f58ff92596f3.jpg",
            "title": "十字架与生命之路（史百克）",
            "add_time": "2020-09-10 00:14:19",
            "zjid": "1312",
            "number": "11",
            "zjl": "6333",
            "is_down": 0
        },
        {
            "img_url": "https://www.tingdao.org/Public/Images/Admin/Upload/15925512665eec6762a5250.jpg",
            "title": "十字架的中心性与宇宙性（史百克）",
            "add_time": "2020-06-19 15:19:12",
            "zjid": "1249",
            "number": "10",
            "zjl": "9193",
            "is_down": 0
        },
        {
            "img_url": "https://www.tingdao.org/Public/Images/Admin/Upload/15923312875ee90c17f08bd.jpg",
            "title": "属灵生命的法则（史百克）",
            "add_time": "2020-06-17 02:09:45",
            "zjid": "1246",
            "number": "12",
            "zjl": "5153",
            "is_down": 0
        },
        {
            "img_url": "http://www.tingdao.org/Public/Images/Admin/Upload/15567121915cc98aff025e4.jpg",
            "title": "从约翰福音来看属天的呼召（史百克）",
            "add_time": "2019-05-01 00:00:00",
            "zjid": "778",
            "number": "8",
            "zjl": "2257",
            "is_down": 0
        },
        {
            "img_url": "http://www.tingdao.org/Public/Images/Admin/Upload/15566410515cc8751ba9f5f.jpg",
            "title": "人算什么（史百克）",
            "add_time": "2019-05-01 00:15:16",
            "zjid": "770",
            "number": "18",
            "zjl": "4101",
            "is_down": 0
        },
        {
            "img_url": "https://www.tingdao.org/Public/Images/Admin/Upload/15919757425ee39f3eb183b.jpg",
            "title": "史百克弟兄短篇信息集",
            "add_time": "2020-06-15 00:00:00",
            "zjid": "663",
            "number": "18",
            "zjl": "40841",
            "is_down": 0
        },
        {
            "img_url": "http://www.tingdao.org/Public/Images/Admin/Upload/15542957635ca4abd39b227.jpg",
            "title": "圣城新耶路撒冷（史百克）",
            "add_time": "2019-04-03 20:06:45",
            "zjid": "659",
            "number": "10",
            "zjl": "2333",
            "is_down": 0
        },
        {
            "img_url": "http://www.tingdao.org/Public/Images/Admin/Upload/15542924545ca49ee68d31d.jpg",
            "title": "末世神的工作（史百克）",
            "add_time": "2019-04-03 19:53:23",
            "zjid": "658",
            "number": "8",
            "zjl": "3779",
            "is_down": 0
        },
        {
            "img_url": "http://www.tingdao.org/Public/Images/Admin/Upload/15542935515ca4a32fc616a.jpg",
            "title": "在灵和真实里事奉神（史百克）",
            "add_time": "2019-04-01 16:25:09",
            "zjid": "646",
            "number": "6",
            "zjl": "4638",
            "is_down": 0
        }
    ],
    "dyzt": 0,
    "authortime": [
        {
            "add_time": "2019"
        },
        {
            "add_time": "2020"
        },
        {
            "add_time": "2021"
        }
    ],
    "tags": []
}