{
    "status": 1,
    "data": [
        {
            "author": "R·C·史普罗",
            "user_img": "https://www.tingdao.org/Public/Images/Admin/Upload/60d6f9483954a.jpg",
            "number": "19",
            "zjl": "59570",
            "lxid": "1"
        }
    ],
    "list": [
        {
            "img_url": "https://www.tingdao.org/Public/Images/Admin/Upload/6239b5698421a.jpg",
            "title": "耶稣的比喻（R·C·史普罗）",
            "add_time": "2022-03-22 19:38:58",
            "zjid": "1717",
            "number": "12",
            "zjl": "19215",
            "is_down": 0
        },
        {
            "img_url": "https://www.tingdao.org/Public/Images/Admin/Upload/622a116e5e225.jpg",
            "title": "从尘土到荣耀（R·C·史普罗）",
            "add_time": "2022-05-26 00:00:00",
            "zjid": "1711",
            "number": "57",
            "zjl": "15598",
            "is_down": 0
        },
        {
            "img_url": "https://www.tingdao.org/Public/Images/Admin/Upload/620229273e557.jpg",
            "title": "唯独因信称义（R·C·史普罗）",
            "add_time": "2022-02-08 16:25:31",
            "zjid": "1695",
            "number": "10",
            "zjl": "926",
            "is_down": 0
        },
        {
            "img_url": "https://www.tingdao.org/Public/Images/Admin/Upload/6177e563ee15b.jpg",
            "title": "认识圣洁（R·C·史普罗）",
            "add_time": "2021-10-26 19:23:59",
            "zjid": "1629",
            "number": "21",
            "zjl": "1178",
            "is_down": 0
        },
        {
            "img_url": "https://www.tingdao.org/Public/Images/Admin/Upload/60f92e5b63c9e.jpg",
            "title": "神学入门（R·C·史普罗）",
            "add_time": "2021-10-24 00:00:00",
            "zjid": "1555",
            "number": "113",
            "zjl": "13231",
            "is_down": 0
        },
        {
            "img_url": "https://www.tingdao.org/Public/Images/Admin/Upload/60d6f75189a7f.jpg",
            "title": "改革宗神学是什么？（R·C·史普罗）",
            "add_time": "2021-06-26 17:44:11",
            "zjid": "1546",
            "number": "12",
            "zjl": "880",
            "is_down": 0
        },
        {
            "img_url": "https://www.tingdao.org/Public/Images/Admin/Upload/60e65f8f6029b.jpg",
            "title": "耶稣所说的末世（R·C·史普罗）",
            "add_time": "2021-07-08 10:12:05",
            "zjid": "1550",
            "number": "12",
            "zjl": "688",
            "is_down": 0
        },
        {
            "img_url": "https://www.tingdao.org/Public/Images/Admin/Upload/60bdb397abe30.jpg",
            "title": "耶稣所做的事（R·C·史普罗）",
            "add_time": "2021-06-07 13:47:24",
            "zjid": "1520",
            "number": "12",
            "zjl": "521",
            "is_down": 0
        },
        {
            "img_url": "https://www.tingdao.org/Public/Images/Admin/Upload/60a75a36255c1.jpg",
            "title": "蒙上帝所爱（R·C·史普罗）",
            "add_time": "2021-05-21 14:58:36",
            "zjid": "1507",
            "number": "11",
            "zjl": "418",
            "is_down": 0
        },
        {
            "img_url": "https://www.tingdao.org/Public/Images/Admin/Upload/6033315246edc.jpg",
            "title": "明白圣经（R·C·史普罗）",
            "add_time": "2021-02-22 12:21:09",
            "zjid": "1470",
            "number": "12",
            "zjl": "963",
            "is_down": 0
        },
        {
            "img_url": "https://www.tingdao.org/Public/Images/Admin/Upload/5f6da74b85f19.jpg",
            "title": "我的人生能有喜乐吗（R·C·史普罗）",
            "add_time": "2020-09-25 16:15:15",
            "zjid": "1371",
            "number": "13",
            "zjl": "644",
            "is_down": 0
        },
        {
            "img_url": "https://www.tingdao.org/Public/Images/Admin/Upload/5f6da00ad8357.jpg",
            "title": "神掌管每件事吗？（R·C·史普罗）",
            "add_time": "2020-09-25 15:44:12",
            "zjid": "1370",
            "number": "18",
            "zjl": "724",
            "is_down": 0
        },
        {
            "img_url": "https://www.tingdao.org/Public/Images/Admin/Upload/5f6d9f35b9847.jpg",
            "title": "何谓信心（R·C·史普罗）",
            "add_time": "2020-09-25 15:41:03",
            "zjid": "1369",
            "number": "14",
            "zjl": "700",
            "is_down": 0
        },
        {
            "img_url": "https://www.tingdao.org/Public/Images/Admin/Upload/5f6d644eb4064.jpg",
            "title": "祷告能改变事情吗？（R·C·史普罗）",
            "add_time": "2020-09-25 11:29:41",
            "zjid": "1368",
            "number": "30",
            "zjl": "878",
            "is_down": 0
        },
        {
            "img_url": "https://www.tingdao.org/Public/Images/Admin/Upload/5f6d5c6cbcec6.jpg",
            "title": "重生是什么意思（R·C·史普罗）",
            "add_time": "2020-09-25 10:56:02",
            "zjid": "1367",
            "number": "19",
            "zjl": "733",
            "is_down": 0
        },
        {
            "img_url": "https://www.tingdao.org/Public/Images/Admin/Upload/5f6d50035fd7b.jpg",
            "title": "我能知道神的旨意吗？（R·C·史普罗）",
            "add_time": "2020-09-25 10:03:11",
            "zjid": "1366",
            "number": "27",
            "zjl": "535",
            "is_down": 0
        },
        {
            "img_url": "https://www.tingdao.org/Public/Images/Admin/Upload/5f6d29df14412.jpg",
            "title": "蒙上帝拣选（R·C·史普罗）",
            "add_time": "2020-09-25 07:16:30",
            "zjid": "1365",
            "number": "6",
            "zjl": "535",
            "is_down": 0
        },
        {
            "img_url": "https://www.tingdao.org/Public/Images/Admin/Upload/5f6d0a4ad4c9b.jpg",
            "title": "亲密婚姻（R·C·史普罗）",
            "add_time": "2020-09-25 05:01:54",
            "zjid": "1364",
            "number": "6",
            "zjl": "583",
            "is_down": 0
        },
        {
            "img_url": "https://www.tingdao.org/Public/Images/Admin/Upload/5f6d28bed74c4.jpg",
            "title": "上帝的圣洁（R·C·史普罗）",
            "add_time": "2020-09-24 22:02:55",
            "zjid": "1363",
            "number": "6",
            "zjl": "620",
            "is_down": 0
        }
    ],
    "dyzt": 0,
    "authortime": [
        {
            "add_time": "2020"
        },
        {
            "add_time": "2021"
        },
        {
            "add_time": "2022"
        }
    ],
    "tags": []
}