{
    "status": 1,
    "data": [
        {
            "author": "莱尔",
            "user_img": "https://www.tingdao.org/Public/Images/Admin/Upload/5f62d64a06569.jpg",
            "number": "10",
            "zjl": "27048",
            "lxid": "1"
        }
    ],
    "list": [
        {
            "img_url": "https://www.tingdao.org/Public/Images/Admin/Upload/66ad798280d4c.jpg",
            "title": "父母的职责（莱尔）",
            "add_time": "2024-08-03 08:26:41",
            "zjid": "1969",
            "number": "18",
            "zjl": "1926",
            "is_down": 0
        },
        {
            "img_url": "https://www.tingdao.org/Public/Images/Admin/Upload/62360226bc440.jpg",
            "title": "英国复兴领袖传（莱尔）",
            "add_time": "2022-03-20 00:16:45",
            "zjid": "1716",
            "number": "61",
            "zjl": "1551",
            "is_down": 0
        },
        {
            "img_url": "https://www.tingdao.org/Public/Images/Admin/Upload/617a51a440af7.jpg",
            "title": "旧日光辉——英国宗教改革人物志（莱尔）",
            "add_time": "2021-10-28 15:30:00",
            "zjid": "1636",
            "number": "34",
            "zjl": "941",
            "is_down": 0
        },
        {
            "img_url": "https://www.tingdao.org/Public/Images/Admin/Upload/60aa175ad699f.jpg",
            "title": "你祷告吗？（莱尔）",
            "add_time": "2021-05-23 16:49:59",
            "zjid": "1515",
            "number": "9",
            "zjl": "4970",
            "is_down": 0
        },
        {
            "img_url": "https://www.tingdao.org/Public/Images/Admin/Upload/60aa14a871efa.jpg",
            "title": "你是活人还是死人（莱尔）",
            "add_time": "2021-05-23 16:35:44",
            "zjid": "1514",
            "number": "4",
            "zjl": "1346",
            "is_down": 0
        },
        {
            "img_url": "https://www.tingdao.org/Public/Images/Admin/Upload/5f687a9ec9f0c.jpg",
            "title": "每个人都拥有不死的灵魂（莱尔）",
            "add_time": "2020-09-21 18:01:06",
            "zjid": "1339",
            "number": "5",
            "zjl": "578",
            "is_down": 0
        },
        {
            "img_url": "https://www.tingdao.org/Public/Images/Admin/Upload/5f63cebb76d6d.jpg",
            "title": "圣洁（莱尔）",
            "add_time": "2022-04-15 00:00:00",
            "zjid": "1322",
            "number": "69",
            "zjl": "5415",
            "is_down": 0
        },
        {
            "img_url": "https://www.tingdao.org/Public/Images/Admin/Upload/5f634036908d9.jpg",
            "title": "儿童讲道集（莱尔）",
            "add_time": "2020-09-17 18:52:17",
            "zjid": "1321",
            "number": "8",
            "zjl": "1404",
            "is_down": 0
        },
        {
            "img_url": "https://www.tingdao.org/Public/Images/Admin/Upload/5f6314f268753.jpg",
            "title": "与神同行（莱尔）",
            "add_time": "2020-09-17 15:44:28",
            "zjid": "1320",
            "number": "19",
            "zjl": "3954",
            "is_down": 0
        },
        {
            "img_url": "https://www.tingdao.org/Public/Images/Admin/Upload/5f62d6558488d.jpg",
            "title": "马太福音释经默想（莱尔）",
            "add_time": "2020-09-17 11:21:10",
            "zjid": "1319",
            "number": "96",
            "zjl": "4963",
            "is_down": 0
        }
    ],
    "dyzt": 0,
    "authortime": [
        {
            "add_time": "2020"
        },
        {
            "add_time": "2022"
        },
        {
            "add_time": "2021"
        },
        {
            "add_time": "2024"
        }
    ],
    "tags": [
        {
            "title": "圣经经卷详解",
            "id": "5"
        }
    ]
}