{
    "status": 1,
    "data": [
        {
            "author": "查理·马金多",
            "user_img": "https://www.tingdao.org/Public/Images/Admin/Upload/602275709c2a2.jpg",
            "number": "2",
            "zjl": "4464",
            "lxid": "1"
        }
    ],
    "list": [
        {
            "img_url": "https://www.tingdao.org/Public/Images/Admin/Upload/6022a01cdf0a9.jpg",
            "title": "马金多五经略解-出埃及记（ 查理·马金多）",
            "add_time": "2021-01-01 00:00:00",
            "zjid": "1454",
            "number": "31",
            "zjl": "2429",
            "is_down": 0
        },
        {
            "img_url": "https://www.tingdao.org/Public/Images/Admin/Upload/602274828cd7f.jpg",
            "title": "马金多五经略解-创世记（ 查理·马金多）",
            "add_time": "2021-01-01 00:00:00",
            "zjid": "1453",
            "number": "35",
            "zjl": "2035",
            "is_down": 0
        }
    ],
    "dyzt": 0,
    "authortime": [
        {
            "add_time": "2021"
        }
    ],
    "tags": []
}