{
    "status": 1,
    "data": [
        {
            "author": "康来昌",
            "user_img": "http://www.tingdao.org/Public/Images/Admin/Upload/15698654235d923ecf884ec.jpg",
            "number": "7",
            "zjl": "7833",
            "lxid": "1"
        }
    ],
    "list": [
        {
            "img_url": "https://www.tingdao.org/Public/Images/Admin/Upload/66d7863cac678.jpg",
            "title": "空中主日学：罗马书 （康来昌）",
            "add_time": "2024-09-04 05:50:35",
            "zjid": "1974",
            "number": "43",
            "zjl": "2221",
            "is_down": 0
        },
        {
            "img_url": "https://www.tingdao.org/Public/Images/Admin/Upload/15869561535e97077936f80.jpg",
            "title": "GOOD TV版：基督徒怎样过日子（康来昌）",
            "add_time": "2020-04-15 21:01:01",
            "zjid": "1206",
            "number": "20",
            "zjl": "1703",
            "is_down": 0
        },
        {
            "img_url": "https://www.tingdao.org/Public/Images/Admin/Upload/15789513715e1ce2cbe6b82.jpg",
            "title": "认识神和活出神（康来昌）",
            "add_time": "2020-01-14 05:35:33",
            "zjid": "1143",
            "number": "6",
            "zjl": "1061",
            "is_down": 0
        },
        {
            "img_url": "http://www.tingdao.org/Public/Images/Admin/Upload/15733128925dc6d97cd94cb.jpg",
            "title": "弱势者的福音 路加的见证（康来昌）",
            "add_time": "2019-11-09 23:18:29",
            "zjid": "1093",
            "number": "30",
            "zjl": "800",
            "is_down": 0
        },
        {
            "img_url": "http://www.tingdao.org/Public/Images/Admin/Upload/15709921425da3700eddb0e.jpg",
            "title": "2015年07月20-25日 贝郡基督徒证主教会：罗马书（康来昌）",
            "add_time": "2015-07-20 00:00:00",
            "zjid": "1072",
            "number": "6",
            "zjl": "635",
            "is_down": 0
        },
        {
            "img_url": "http://www.tingdao.org/Public/Images/Admin/Upload/15701055745d95e8e63e488.jpg",
            "title": "耶稣的比喻（康来昌）",
            "add_time": "2019-10-03 20:24:52",
            "zjid": "1060",
            "number": "15",
            "zjl": "772",
            "is_down": 0
        },
        {
            "img_url": "http://www.tingdao.org/Public/Images/Admin/Upload/15698654625d923ef601eb7.jpg",
            "title": "2019年08月15-17日 东京国际基督教会：长大成熟（康来昌夫妇）",
            "add_time": "2019-08-15 00:00:00",
            "zjid": "1055",
            "number": "6",
            "zjl": "641",
            "is_down": 0
        }
    ],
    "dyzt": 0,
    "authortime": [
        {
            "add_time": "2019"
        },
        {
            "add_time": "2015"
        },
        {
            "add_time": "2020"
        },
        {
            "add_time": "2024"
        }
    ],
    "tags": [
        {
            "title": "圣经经卷详解",
            "id": "5"
        }
    ]
}