{
    "status": 1,
    "data": [
        {
            "author": "柏盛享",
            "user_img": "http://www.tingdao.org/Public/Images/Admin/Upload/15523959075c87ae83bd86b.jpg",
            "number": "39",
            "zjl": "36665",
            "lxid": "1"
        }
    ],
    "list": [
        {
            "img_url": "https://www.tingdao.org/Public/Images/Admin/Upload/61da7be4336f5.jpg",
            "title": "2022年01月09日 福音布道会：神的救法（柏盛享）",
            "add_time": "2022-01-09 14:06:31",
            "zjid": "1673",
            "number": "1",
            "zjl": "3266",
            "is_down": 0
        },
        {
            "img_url": "http://www.tingdao.org/Public/Images/Admin/Upload/15608923645d0953cc25979.jpg",
            "title": "2019年04月26-28日 纽瓦克基督徒聚会：十字架的生活与魂的救恩（柏盛享）",
            "add_time": "2019-04-26 00:00:00",
            "zjid": "867",
            "number": "4",
            "zjl": "1953",
            "is_down": 0
        },
        {
            "img_url": "http://www.tingdao.org/Public/Images/Admin/Upload/15551596905cb1da8a4bc6d.jpg",
            "title": "2018年：走窄门和窄路（柏盛享）",
            "add_time": "2018-04-01 00:00:00",
            "zjid": "722",
            "number": "2",
            "zjl": "1441",
            "is_down": 0
        },
        {
            "img_url": "http://www.tingdao.org/Public/Images/Admin/Upload/15551643885cb1ece43f490.jpg",
            "title": "2018年：认识教会（柏盛享）",
            "add_time": "2018-04-01 00:00:00",
            "zjid": "723",
            "number": "4",
            "zjl": "875",
            "is_down": 0
        },
        {
            "img_url": "http://www.tingdao.org/Public/Images/Admin/Upload/15551590395cb1d7ffa1b68.jpg",
            "title": "2018年：教会是神的居所（柏盛享）",
            "add_time": "2018-04-01 00:00:00",
            "zjid": "721",
            "number": "2",
            "zjl": "595",
            "is_down": 0
        },
        {
            "img_url": "http://www.tingdao.org/Public/Images/Admin/Upload/15551587085cb1d6b43d285.jpg",
            "title": "2018年：国度器皿的原则（柏盛享）",
            "add_time": "2018-04-01 00:00:00",
            "zjid": "720",
            "number": "4",
            "zjl": "909",
            "is_down": 0
        },
        {
            "img_url": "http://www.tingdao.org/Public/Images/Admin/Upload/15551565745cb1ce5ea598e.jpg",
            "title": "2017年：在心志上作大人（柏盛享）",
            "add_time": "2017-04-01 00:00:00",
            "zjid": "718",
            "number": "4",
            "zjl": "686",
            "is_down": 0
        },
        {
            "img_url": "http://www.tingdao.org/Public/Images/Admin/Upload/15551561895cb1ccddd3d41.jpg",
            "title": "2017年：特会分享（柏盛享）",
            "add_time": "2017-04-01 00:00:00",
            "zjid": "717",
            "number": "2",
            "zjl": "791",
            "is_down": 0
        },
        {
            "img_url": "http://www.tingdao.org/Public/Images/Admin/Upload/15551557045cb1caf88d5b3.jpg",
            "title": "2016年：神的家（柏盛享）",
            "add_time": "2016-04-01 00:00:00",
            "zjid": "716",
            "number": "5",
            "zjl": "497",
            "is_down": 0
        },
        {
            "img_url": "http://www.tingdao.org/Public/Images/Admin/Upload/15551552175cb1c911b5c62.jpg",
            "title": "2016年：事奉（柏盛享）",
            "add_time": "2016-04-01 00:00:00",
            "zjid": "715",
            "number": "2",
            "zjl": "568",
            "is_down": 0
        },
        {
            "img_url": "http://www.tingdao.org/Public/Images/Admin/Upload/15551462195cb1a5ebbdc85.jpg",
            "title": "2015年：新造的人（柏盛享）",
            "add_time": "2015-04-01 00:00:00",
            "zjid": "714",
            "number": "4",
            "zjl": "523",
            "is_down": 0
        },
        {
            "img_url": "http://www.tingdao.org/Public/Images/Admin/Upload/15551459915cb1a50733b13.jpg",
            "title": "2015年：内里生活的道路（柏盛享）",
            "add_time": "2015-04-01 00:00:00",
            "zjid": "713",
            "number": "3",
            "zjl": "913",
            "is_down": 0
        },
        {
            "img_url": "http://www.tingdao.org/Public/Images/Admin/Upload/15551453715cb1a29b4f644.jpg",
            "title": "2014年：在生命中为门徒（柏盛享）",
            "add_time": "2014-04-01 00:00:00",
            "zjid": "712",
            "number": "4",
            "zjl": "462",
            "is_down": 0
        },
        {
            "img_url": "http://www.tingdao.org/Public/Images/Admin/Upload/15551449895cb1a11d7fa9f.jpg",
            "title": "2014年：教会走天路（柏盛享）",
            "add_time": "2014-04-01 00:00:00",
            "zjid": "711",
            "number": "4",
            "zjl": "515",
            "is_down": 0
        },
        {
            "img_url": "http://www.tingdao.org/Public/Images/Admin/Upload/15551444175cb19ee1127e2.jpg",
            "title": "2013年：向着标杆（柏盛享）",
            "add_time": "2013-04-01 00:00:00",
            "zjid": "709",
            "number": "3",
            "zjl": "395",
            "is_down": 0
        },
        {
            "img_url": "http://www.tingdao.org/Public/Images/Admin/Upload/15551442285cb19e24ec93b.jpg",
            "title": "2013年：从圣经中恢复的历史看今天教会的道路（柏盛享）",
            "add_time": "2013-04-01 00:00:00",
            "zjid": "708",
            "number": "6",
            "zjl": "477",
            "is_down": 0
        },
        {
            "img_url": "http://www.tingdao.org/Public/Images/Admin/Upload/15551438385cb19c9ec0b49.jpg",
            "title": "2009年：基督徒的生活与事奉（柏盛享）",
            "add_time": "2009-04-01 00:00:00",
            "zjid": "707",
            "number": "6",
            "zjl": "538",
            "is_down": 0
        },
        {
            "img_url": "http://www.tingdao.org/Public/Images/Admin/Upload/15551062045cb1099c5735e.jpg",
            "title": "生命的冠冕（柏盛享）",
            "add_time": "1970-01-01 08:00:00",
            "zjid": "705",
            "number": "4",
            "zjl": "417",
            "is_down": 0
        },
        {
            "img_url": "http://www.tingdao.org/Public/Images/Admin/Upload/15551060165cb108e07eca5.jpg",
            "title": "十字架（柏盛享）",
            "add_time": "1970-01-01 08:00:00",
            "zjid": "704",
            "number": "3",
            "zjl": "640",
            "is_down": 0
        },
        {
            "img_url": "http://www.tingdao.org/Public/Images/Admin/Upload/15551057395cb107cb9627f.jpg",
            "title": "2011年：新生命（柏盛享）",
            "add_time": "2011-10-09 00:00:00",
            "zjid": "703",
            "number": "3",
            "zjl": "395",
            "is_down": 0
        },
        {
            "img_url": "http://www.tingdao.org/Public/Images/Admin/Upload/15551046665cb1039a3b513.jpg",
            "title": "2017年：以斯帖记（柏盛享）",
            "add_time": "2017-08-08 00:00:00",
            "zjid": "702",
            "number": "9",
            "zjl": "704",
            "is_down": 0
        },
        {
            "img_url": "http://www.tingdao.org/Public/Images/Admin/Upload/15551034515cb0fedb73886.jpg",
            "title": "2011年：在基督里建造（柏盛享）",
            "add_time": "2011-11-01 00:00:00",
            "zjid": "701",
            "number": "4",
            "zjl": "438",
            "is_down": 0
        },
        {
            "img_url": "http://www.tingdao.org/Public/Images/Admin/Upload/15548283805caccc5ccb0e2.jpg",
            "title": "2018年11月09-11日 联合追求聚会：向着标杆（柏盛享）",
            "add_time": "2018-11-09 00:00:00",
            "zjid": "688",
            "number": "8",
            "zjl": "445",
            "is_down": 0
        },
        {
            "img_url": "http://www.tingdao.org/Public/Images/Admin/Upload/15548280695caccb259bec3.jpg",
            "title": "2018年05月18-20日 联合追求聚会：魂的救恩（柏盛享）",
            "add_time": "2018-05-18 00:00:00",
            "zjid": "687",
            "number": "6",
            "zjl": "498",
            "is_down": 0
        },
        {
            "img_url": "http://www.tingdao.org/Public/Images/Admin/Upload/15548155445cac9a38d4656.jpg",
            "title": "2017年10月20-22日 联合追求聚会：认识圣灵（柏盛享）",
            "add_time": "2017-10-20 00:00:00",
            "zjid": "686",
            "number": "5",
            "zjl": "641",
            "is_down": 0
        },
        {
            "img_url": "http://www.tingdao.org/Public/Images/Admin/Upload/15526806375c8c06bd1dc45.jpg",
            "title": "2018年04月27-29日 纽瓦克基督徒聚会周末特会：从以弗所书看教会（柏盛享）",
            "add_time": "2018-04-27 00:00:00",
            "zjid": "590",
            "number": "5",
            "zjl": "2966",
            "is_down": 0
        },
        {
            "img_url": "http://www.tingdao.org/Public/Images/Admin/Upload/15526717385c8be3faee14f.jpg",
            "title": "2017年04月28-30日 纽瓦克基督徒聚会周末特会：民数记（柏盛享）",
            "add_time": "2017-04-28 00:00:00",
            "zjid": "589",
            "number": "4",
            "zjl": "1526",
            "is_down": 0
        },
        {
            "img_url": "http://www.tingdao.org/Public/Images/Admin/Upload/15526707875c8be043472be.jpg",
            "title": "2016年04月22-24日 纽瓦克基督徒聚会周末特会：利未记（柏盛享）",
            "add_time": "2016-04-22 00:00:00",
            "zjid": "588",
            "number": "5",
            "zjl": "1106",
            "is_down": 0
        },
        {
            "img_url": "http://www.tingdao.org/Public/Images/Admin/Upload/15526680085c8bd5684265a.jpg",
            "title": "2015年04月24-26日 纽瓦克基督徒聚会周末特会：合神心意的人（柏盛享）",
            "add_time": "2015-04-24 00:00:00",
            "zjid": "587",
            "number": "5",
            "zjl": "1262",
            "is_down": 0
        },
        {
            "img_url": "http://www.tingdao.org/Public/Images/Admin/Upload/15526553045c8ba3c8b3e54.jpg",
            "title": "2014年04月11-13日 纽瓦克基督徒聚会周末特会：以赛亚书中的君王与国度（柏盛享）",
            "add_time": "2014-04-11 00:00:00",
            "zjid": "586",
            "number": "4",
            "zjl": "748",
            "is_down": 0
        },
        {
            "img_url": "http://www.tingdao.org/Public/Images/Admin/Upload/15525761805c8a6eb44f218.jpg",
            "title": "2013年04月19-21日 纽瓦克基督徒聚会周末特会：做合神心意的事奉（柏盛享）",
            "add_time": "2013-04-19 00:00:00",
            "zjid": "585",
            "number": "4",
            "zjl": "696",
            "is_down": 0
        },
        {
            "img_url": "http://www.tingdao.org/Public/Images/Admin/Upload/15525732315c8a632fb9b9c.jpg",
            "title": "2005年-2006年 纽瓦克基督徒聚会周末特会：尼希米记（柏盛享）",
            "add_time": "2005-05-06 00:00:00",
            "zjid": "584",
            "number": "8",
            "zjl": "834",
            "is_down": 0
        },
        {
            "img_url": "http://www.tingdao.org/Public/Images/Admin/Upload/15525155685c8981f0e8101.jpg",
            "title": "2011年04月15-17日 纽瓦克基督徒聚会周末特会：生命的冠冕（柏盛享）",
            "add_time": "2011-04-15 00:00:00",
            "zjid": "583",
            "number": "4",
            "zjl": "691",
            "is_down": 0
        },
        {
            "img_url": "http://www.tingdao.org/Public/Images/Admin/Upload/15525148655c897f3169e68.jpg",
            "title": "2010年04月16-18日 纽瓦克基督徒聚会周末特会：生命的教导（柏盛享）",
            "add_time": "2010-04-16 00:00:00",
            "zjid": "582",
            "number": "4",
            "zjl": "827",
            "is_down": 0
        },
        {
            "img_url": "http://www.tingdao.org/Public/Images/Admin/Upload/15525076005c8962d064bda.jpg",
            "title": "2009年04月17-19日 纽瓦克基督徒聚会周末特会：要叫你们知道自己有永生（柏盛享）",
            "add_time": "2009-04-17 00:00:00",
            "zjid": "581",
            "number": "5",
            "zjl": "715",
            "is_down": 0
        },
        {
            "img_url": "http://www.tingdao.org/Public/Images/Admin/Upload/15525071185c8960ee388aa.jpg",
            "title": "2008年06月06-08日 纽瓦克基督徒聚会周末特会：神祝福人的原则（柏盛享）",
            "add_time": "2008-06-06 00:00:00",
            "zjid": "580",
            "number": "4",
            "zjl": "894",
            "is_down": 0
        },
        {
            "img_url": "http://www.tingdao.org/Public/Images/Admin/Upload/15525066695c895f2dceb24.jpg",
            "title": "2007年04月27-29日 纽瓦克基督徒聚会周末特会：要紧的就是做新造的人（柏盛享）",
            "add_time": "2007-04-27 00:00:00",
            "zjid": "579",
            "number": "5",
            "zjl": "975",
            "is_down": 0
        },
        {
            "img_url": "http://www.tingdao.org/Public/Images/Admin/Upload/15523962045c87afaca3e3c.jpg",
            "title": "2017年11月19日 香港特别聚会 柏盛享师母对未婚姐妹的交通",
            "add_time": "2017-11-19 00:00:00",
            "zjid": "573",
            "number": "1",
            "zjl": "3154",
            "is_down": 0
        },
        {
            "img_url": "http://www.tingdao.org/Public/Images/Admin/Upload/15523959565c87aeb413dbb.jpg",
            "title": "2017年03月10-12日 真儿子（柏盛享）",
            "add_time": "2017-03-10 00:00:00",
            "zjid": "572",
            "number": "5",
            "zjl": "689",
            "is_down": 0
        }
    ],
    "dyzt": 0,
    "authortime": [
        {
            "add_time": "2017"
        },
        {
            "add_time": "2007"
        },
        {
            "add_time": "2008"
        },
        {
            "add_time": "2009"
        },
        {
            "add_time": "2010"
        },
        {
            "add_time": "2011"
        },
        {
            "add_time": "2005"
        },
        {
            "add_time": "2013"
        },
        {
            "add_time": "2014"
        },
        {
            "add_time": "2015"
        },
        {
            "add_time": "2016"
        },
        {
            "add_time": "2018"
        },
        {
            "add_time": "1970"
        },
        {
            "add_time": "2019"
        },
        {
            "add_time": "2022"
        }
    ],
    "tags": [
        {
            "title": "圣经经卷详解",
            "id": "5"
        }
    ]
}