{
    "status": 1,
    "data": [
        {
            "author": "书籍推荐",
            "user_img": "https://www.tingdao.org/Public/Images/Admin/Upload/15921375075ee617231a63e.jpg",
            "number": "95",
            "zjl": "733249",
            "lxid": "1"
        }
    ],
    "list": [
        {
            "img_url": "https://www.tingdao.org/Public/Images/Admin/Upload/66af7965469e3.jpg",
            "title": "追随他的脚步（查尔斯·谢尔登）",
            "add_time": "2024-08-04 20:49:52",
            "zjid": "1970",
            "number": "33",
            "zjl": "3957",
            "is_down": 0
        },
        {
            "img_url": "https://www.tingdao.org/Public/Images/Admin/Upload/669c496e0db4d.jpg",
            "title": "青春的契机（ 保罗·区普）",
            "add_time": "2024-07-21 07:32:42",
            "zjid": "1962",
            "number": "80",
            "zjl": "2857",
            "is_down": 0
        },
        {
            "img_url": "https://www.tingdao.org/Public/Images/Admin/Upload/66a2d55d69323.jpg",
            "title": "乳香岗（蒋贻庆传）",
            "add_time": "2024-07-26 06:43:08",
            "zjid": "1964",
            "number": "18",
            "zjl": "4881",
            "is_down": 0
        },
        {
            "img_url": "https://www.tingdao.org/Public/Images/Admin/Upload/669843ae618b0.jpg",
            "title": "没药山（胡振庆传）",
            "add_time": "2024-07-18 06:15:22",
            "zjid": "1961",
            "number": "31",
            "zjl": "4341",
            "is_down": 0
        },
        {
            "img_url": "https://www.tingdao.org/Public/Images/Admin/Upload/65e3c030ee4d8.jpg",
            "title": "父母之道（ 保罗·区普）",
            "add_time": "2024-03-03 08:10:54",
            "zjid": "1945",
            "number": "30",
            "zjl": "11664",
            "is_down": 0
        },
        {
            "img_url": "https://www.tingdao.org/Public/Images/Admin/Upload/65c4e99dd2b6a.jpg",
            "title": "暗室珍藏（蔡苏娟）",
            "add_time": "2024-02-08 22:47:08",
            "zjid": "1938",
            "number": "56",
            "zjl": "5915",
            "is_down": 0
        },
        {
            "img_url": "https://www.tingdao.org/Public/Images/Admin/Upload/64a5b62d9c422.jpg",
            "title": "属灵指引手札（芬乃伦）",
            "add_time": "2023-07-06 02:27:14",
            "zjid": "1890",
            "number": "41",
            "zjl": "9925",
            "is_down": 0
        },
        {
            "img_url": "https://www.tingdao.org/Public/Images/Admin/Upload/64a407255897f.jpg",
            "title": "论三位一体（奥古斯丁）",
            "add_time": "2023-07-04 19:47:18",
            "zjid": "1886",
            "number": "95",
            "zjl": "4875",
            "is_down": 0
        },
        {
            "img_url": "https://www.tingdao.org/Public/Images/Admin/Upload/63dbbe31d5b4b.jpg",
            "title": "不可叫人小看你年轻（亚历克斯·哈里斯，布雷特·哈里斯）",
            "add_time": "2023-02-02 21:42:19",
            "zjid": "1854",
            "number": "25",
            "zjl": "5974",
            "is_down": 0
        },
        {
            "img_url": "https://www.tingdao.org/Public/Images/Admin/Upload/63aa1a63607d3.jpg",
            "title": "愤怒，爱的另一面（盖瑞·查普曼）",
            "add_time": "2022-12-27 06:03:14",
            "zjid": "1835",
            "number": "19",
            "zjl": "7177",
            "is_down": 0
        },
        {
            "img_url": "https://www.tingdao.org/Public/Images/Admin/Upload/639f948a4e3c6.jpg",
            "title": "燃亮的一生-深入非洲三万里：李文斯顿传",
            "add_time": "2022-12-19 06:30:04",
            "zjid": "1828",
            "number": "56",
            "zjl": "7216",
            "is_down": 0
        },
        {
            "img_url": "https://www.tingdao.org/Public/Images/Admin/Upload/638b44c2815dc.jpg",
            "title": "侠风长流",
            "add_time": "2022-12-03 20:44:18",
            "zjid": "1824",
            "number": "10",
            "zjl": "2520",
            "is_down": 0
        },
        {
            "img_url": "https://www.tingdao.org/Public/Images/Admin/Upload/638b426070610.jpg",
            "title": "自由在哪里",
            "add_time": "2022-12-03 20:34:04",
            "zjid": "1823",
            "number": "29",
            "zjl": "5117",
            "is_down": 0
        },
        {
            "img_url": "https://www.tingdao.org/Public/Images/Admin/Upload/638af98db920c.jpg",
            "title": "为爱，希望升起-晶峰牧场上爱的奇迹",
            "add_time": "2022-12-03 15:23:02",
            "zjid": "1822",
            "number": "23",
            "zjl": "2075",
            "is_down": 0
        },
        {
            "img_url": "https://www.tingdao.org/Public/Images/Admin/Upload/6389f91add499.jpg",
            "title": "生命科学大师-遗传学之父-孟德尔的故事",
            "add_time": "2022-12-02 21:08:53",
            "zjid": "1821",
            "number": "19",
            "zjl": "3275",
            "is_down": 0
        },
        {
            "img_url": "https://www.tingdao.org/Public/Images/Admin/Upload/6389f6f5687dd.jpg",
            "title": "比一千头水牛更够力-艾伟德宣教士的故事",
            "add_time": "2022-12-02 21:00:16",
            "zjid": "1820",
            "number": "17",
            "zjl": "3262",
            "is_down": 0
        },
        {
            "img_url": "https://www.tingdao.org/Public/Images/Admin/Upload/637fb09bb4ca8.jpg",
            "title": "经典说书-马太福音",
            "add_time": "2022-11-25 01:56:59",
            "zjid": "1818",
            "number": "33",
            "zjl": "6870",
            "is_down": 0
        },
        {
            "img_url": "https://www.tingdao.org/Public/Images/Admin/Upload/637fa35e97724.jpg",
            "title": "内地会宣教士的故事",
            "add_time": "2022-11-25 01:00:47",
            "zjid": "1817",
            "number": "52",
            "zjl": "9126",
            "is_down": 0
        },
        {
            "img_url": "https://www.tingdao.org/Public/Images/Admin/Upload/637beb581f14e.jpg",
            "title": "回到起初的爱（盖瑞·查普曼）",
            "add_time": "2022-11-22 05:13:13",
            "zjid": "1816",
            "number": "13",
            "zjl": "7312",
            "is_down": 0
        },
        {
            "img_url": "https://www.tingdao.org/Public/Images/Admin/Upload/6341d967b263c.jpg",
            "title": "照圣经为孩子祷告（裘蒂·伯恩特）",
            "add_time": "2022-10-09 04:10:32",
            "zjid": "1801",
            "number": "45",
            "zjl": "10875",
            "is_down": 0
        },
        {
            "img_url": "https://www.tingdao.org/Public/Images/Admin/Upload/633b5aa7c7e59.jpg",
            "title": "倾力之爱（青春爱之语）（盖瑞·查普曼）",
            "add_time": "2022-10-04 05:56:28",
            "zjid": "1799",
            "number": "31",
            "zjl": "4426",
            "is_down": 0
        },
        {
            "img_url": "https://www.tingdao.org/Public/Images/Admin/Upload/631ed710b1765.jpg",
            "title": "儿童爱之语（盖瑞·查普曼）",
            "add_time": "2022-09-12 14:51:23",
            "zjid": "1782",
            "number": "26",
            "zjl": "3755",
            "is_down": 0
        },
        {
            "img_url": "https://www.tingdao.org/Public/Images/Admin/Upload/62f8066bd77f6.jpg",
            "title": "与岁月和好（卢云、葛福尼）",
            "add_time": "2022-08-14 04:15:12",
            "zjid": "1775",
            "number": "7",
            "zjl": "4469",
            "is_down": 0
        },
        {
            "img_url": "https://www.tingdao.org/Public/Images/Admin/Upload/62dc70d52015d.jpg",
            "title": "单身爱之语（ 盖瑞·查普曼）",
            "add_time": "2022-07-24 06:05:50",
            "zjid": "1765",
            "number": "21",
            "zjl": "4182",
            "is_down": 0
        },
        {
            "img_url": "https://www.tingdao.org/Public/Images/Admin/Upload/62d87415d78c8.jpg",
            "title": "子女心，父母情（泰德·特里普）",
            "add_time": "2022-07-21 05:30:38",
            "zjid": "1763",
            "number": "20",
            "zjl": "6030",
            "is_down": 0
        },
        {
            "img_url": "https://www.tingdao.org/Public/Images/Admin/Upload/62cfb8f21ef28.jpg",
            "title": "进国度之路（郭维德 Robert Govett）",
            "add_time": "2022-07-14 14:33:33",
            "zjid": "1760",
            "number": "23",
            "zjl": "13318",
            "is_down": 0
        },
        {
            "img_url": "https://www.tingdao.org/Public/Images/Admin/Upload/62c34aa69533d.jpg",
            "title": "不要惧怕（约安·克里斯托福·阿诺德）",
            "add_time": "2022-07-05 04:15:51",
            "zjid": "1758",
            "number": "22",
            "zjl": "6057",
            "is_down": 0
        },
        {
            "img_url": "https://www.tingdao.org/Public/Images/Admin/Upload/62c154bb522d8.jpg",
            "title": "被遗忘的圣灵（弗朗西斯·陈）",
            "add_time": "2022-07-03 16:34:45",
            "zjid": "1757",
            "number": "9",
            "zjl": "5318",
            "is_down": 0
        },
        {
            "img_url": "https://www.tingdao.org/Public/Images/Admin/Upload/6296f6c6dfe23.jpg",
            "title": "悔改（约翰·米勒）",
            "add_time": "2022-06-01 13:18:43",
            "zjid": "1749",
            "number": "31",
            "zjl": "5126",
            "is_down": 0
        },
        {
            "img_url": "https://www.tingdao.org/Public/Images/Admin/Upload/626e245e78a8f.jpg",
            "title": "走出死荫幽谷-忧郁症重生之歌（爱德华‧韦尔契）",
            "add_time": "2022-05-01 14:10:03",
            "zjid": "1734",
            "number": "27",
            "zjl": "6235",
            "is_down": 0
        },
        {
            "img_url": "https://www.tingdao.org/Public/Images/Admin/Upload/6262fc816ba34.jpg",
            "title": "见证的火炬（约翰.甘乃迪）",
            "add_time": "2022-04-23 03:04:59",
            "zjid": "1730",
            "number": "41",
            "zjl": "20994",
            "is_down": 0
        },
        {
            "img_url": "https://www.tingdao.org/Public/Images/Admin/Upload/626293d5e5197.jpg",
            "title": "简朴生活真谛（傅士德）",
            "add_time": "2022-04-22 19:37:00",
            "zjid": "1729",
            "number": "40",
            "zjl": "5557",
            "is_down": 0
        },
        {
            "img_url": "https://www.tingdao.org/Public/Images/Admin/Upload/6232faaa0b787.jpg",
            "title": "一千次感谢（安·福斯坎普）",
            "add_time": "2022-03-17 17:06:34",
            "zjid": "1713",
            "number": "22",
            "zjl": "4045",
            "is_down": 0
        },
        {
            "img_url": "https://www.tingdao.org/Public/Images/Admin/Upload/62274c5f6982a.jpg",
            "title": "圣徒永恒的安息（理查德·巴克斯特）",
            "add_time": "2022-03-08 20:28:21",
            "zjid": "1709",
            "number": "35",
            "zjl": "5153",
            "is_down": 0
        },
        {
            "img_url": "https://www.tingdao.org/Public/Images/Admin/Upload/61ff73686837f.jpg",
            "title": "基督徒也会忧郁（大卫‧慕礼）",
            "add_time": "2022-02-06 15:05:46",
            "zjid": "1693",
            "number": "30",
            "zjl": "4124",
            "is_down": 0
        },
        {
            "img_url": "https://www.tingdao.org/Public/Images/Admin/Upload/61f72ff16a53d.png",
            "title": "神的护理（约翰‧慕理）",
            "add_time": "2022-01-31 08:39:05",
            "zjid": "1688",
            "number": "14",
            "zjl": "3593",
            "is_down": 0
        },
        {
            "img_url": "https://www.tingdao.org/Public/Images/Admin/Upload/61e761637dde7.jpg",
            "title": "真爱真言-论教会中的辅导（大卫‧鲍力生）",
            "add_time": "2022-01-19 08:54:03",
            "zjid": "1680",
            "number": "61",
            "zjl": "2387",
            "is_down": 0
        },
        {
            "img_url": "https://www.tingdao.org/Public/Images/Admin/Upload/62bed202a430a.jpg",
            "title": "忏悔录（奥古斯丁）经典朗读版",
            "add_time": "2022-03-06 19:15:42",
            "zjid": "1707",
            "number": "30",
            "zjl": "5289",
            "is_down": 0
        },
        {
            "img_url": "https://www.tingdao.org/Public/Images/Admin/Upload/61d97da12a5e2.jpg",
            "title": "怎样认识神的旨意（辛克萊‧傅格森）",
            "add_time": "2022-01-08 20:03:22",
            "zjid": "1672",
            "number": "46",
            "zjl": "5118",
            "is_down": 0
        },
        {
            "img_url": "https://www.tingdao.org/Public/Images/Admin/Upload/6188886c1d994.jpg",
            "title": "《親愛的，別把上帝縮小了》（爱德华‧韦尔契）",
            "add_time": "2021-11-08 10:14:06",
            "zjid": "1644",
            "number": "77",
            "zjl": "7053",
            "is_down": 0
        },
        {
            "img_url": "https://www.tingdao.org/Public/Images/Admin/Upload/617cff41169dc.jpg",
            "title": "将人的心意夺回-基督教护教简明手册（理查德·博瑞特）",
            "add_time": "2021-10-30 16:15:09",
            "zjid": "1637",
            "number": "61",
            "zjl": "2926",
            "is_down": 0
        },
        {
            "img_url": "https://www.tingdao.org/Public/Images/Admin/Upload/617a32315604e.jpg",
            "title": "不灭的火焰（迈克尔·里夫斯）",
            "add_time": "2021-10-28 13:16:14",
            "zjid": "1633",
            "number": "20",
            "zjl": "1874",
            "is_down": 0
        },
        {
            "img_url": "https://www.tingdao.org/Public/Images/Admin/Upload/617a2d7617b04.jpg",
            "title": "雅各书的信息——“我信！然后呢？”（博爱思）",
            "add_time": "2021-10-28 12:55:23",
            "zjid": "1632",
            "number": "10",
            "zjl": "3006",
            "is_down": 0
        },
        {
            "img_url": "https://www.tingdao.org/Public/Images/Admin/Upload/61765157876ad.jpg",
            "title": "破除人生百忧（大卫‧鲍力生、 詹姆斯‧裴狄等肢体）",
            "add_time": "2021-10-25 14:37:41",
            "zjid": "1626",
            "number": "70",
            "zjl": "3301",
            "is_down": 0
        },
        {
            "img_url": "https://www.tingdao.org/Public/Images/Admin/Upload/6100bfa45a882.jpg",
            "title": "悔改的真意（托马斯·华森）",
            "add_time": "2021-07-28 10:20:09",
            "zjid": "1572",
            "number": "38",
            "zjl": "11169",
            "is_down": 0
        },
        {
            "img_url": "https://www.tingdao.org/Public/Images/Admin/Upload/60fce2fe4f1eb.jpg",
            "title": "称义如何使我喜乐（丹尼尔·R·海德）",
            "add_time": "2021-07-25 12:04:58",
            "zjid": "1569",
            "number": "11",
            "zjl": "3850",
            "is_down": 0
        },
        {
            "img_url": "https://www.tingdao.org/Public/Images/Admin/Upload/60fcd12dacfca.jpg",
            "title": "真相信-52篇默想 关于相信是什么， 相信不是什么（瑞夫·皮埃特·凡·瑞滕伯格）",
            "add_time": "2021-07-25 10:48:31",
            "zjid": "1568",
            "number": "52",
            "zjl": "5334",
            "is_down": 0
        },
        {
            "img_url": "https://www.tingdao.org/Public/Images/Admin/Upload/60fc010063894.jpg",
            "title": "压伤的芦苇（理查·薛伯斯）",
            "add_time": "2021-07-24 19:55:51",
            "zjid": "1567",
            "number": "55",
            "zjl": "3867",
            "is_down": 0
        },
        {
            "img_url": "https://www.tingdao.org/Public/Images/Admin/Upload/60fb954d6ee4d.jpg",
            "title": "伤痛-学习接受生命中的损失（霍华德·艾瑞奇）",
            "add_time": "2021-07-24 12:02:28",
            "zjid": "1566",
            "number": "14",
            "zjl": "4425",
            "is_down": 0
        },
        {
            "img_url": "https://www.tingdao.org/Public/Images/Admin/Upload/60fa3495df8ed.jpg",
            "title": "揭开奥秘-发现旧约中的基督（克罗尼）",
            "add_time": "2021-07-23 11:15:50",
            "zjid": "1557",
            "number": "82",
            "zjl": "4675",
            "is_down": 0
        },
        {
            "img_url": "https://www.tingdao.org/Public/Images/Admin/Upload/60fa1e2885c0e.jpg",
            "title": "母亲的职分-给沮丧母亲们的盼望（潘妮）",
            "add_time": "2021-07-23 09:40:07",
            "zjid": "1556",
            "number": "11",
            "zjl": "6462",
            "is_down": 0
        },
        {
            "img_url": "https://www.tingdao.org/Public/Images/Admin/Upload/60cd71926e36d.jpg",
            "title": "忏悔录（奥古斯丁）",
            "add_time": "2021-06-19 12:23:47",
            "zjid": "1543",
            "number": "102",
            "zjl": "4158",
            "is_down": 0
        },
        {
            "img_url": "https://www.tingdao.org/Public/Images/Admin/Upload/620a2836ce83d.jpg",
            "title": "转化生命的友谊-如何正确地祷告（侯士庭）",
            "add_time": "2022-02-14 18:00:00",
            "zjid": "1697",
            "number": "28",
            "zjl": "11479",
            "is_down": 0
        },
        {
            "img_url": "https://www.tingdao.org/Public/Images/Admin/Upload/621f51f24d11e.jpg",
            "title": "心灵渴望（侯士庭）",
            "add_time": "2022-03-02 19:14:54",
            "zjid": "1702",
            "number": "29",
            "zjl": "11038",
            "is_down": 0
        },
        {
            "img_url": "https://www.tingdao.org/Public/Images/Admin/Upload/60754fa2b548f.jpg",
            "title": "丰盛的恩典（ 约翰·本仁）",
            "add_time": "2021-04-13 15:59:19",
            "zjid": "1497",
            "number": "9",
            "zjl": "4532",
            "is_down": 0
        },
        {
            "img_url": "https://www.tingdao.org/Public/Images/Admin/Upload/606bdcc423b65.jpg",
            "title": "救知乐（佐治卡亭）",
            "add_time": "2021-04-06 11:59:45",
            "zjid": "1492",
            "number": "1",
            "zjl": "2042",
            "is_down": 0
        },
        {
            "img_url": "https://www.tingdao.org/Public/Images/Admin/Upload/60696d3545085.jpg",
            "title": "恩爱标本-倪林和平自传",
            "add_time": "2021-04-04 15:39:03",
            "zjid": "1491",
            "number": "13",
            "zjl": "5668",
            "is_down": 0
        },
        {
            "img_url": "https://www.tingdao.org/Public/Images/Admin/Upload/60484cbb51dd2.jpg",
            "title": "属灵伟人小传",
            "add_time": "2021-06-18 00:00:00",
            "zjid": "1487",
            "number": "16",
            "zjl": "86659",
            "is_down": 0
        },
        {
            "img_url": "https://www.tingdao.org/Public/Images/Admin/Upload/603e217c0cb80.jpg",
            "title": "《若》+ 《贾艾梅传记》",
            "add_time": "2021-03-02 19:26:32",
            "zjid": "1477",
            "number": "8",
            "zjl": "9787",
            "is_down": 0
        },
        {
            "img_url": "https://www.tingdao.org/Public/Images/Admin/Upload/6039d98699663.jpg",
            "title": "福音故事（张郁岚）",
            "add_time": "2021-04-02 00:00:00",
            "zjid": "1476",
            "number": "20",
            "zjl": "22683",
            "is_down": 0
        },
        {
            "img_url": "https://www.tingdao.org/Public/Images/Admin/Upload/603779122c64c.jpg",
            "title": "中国特色传福音方式：《福音评书》",
            "add_time": "2021-02-25 18:13:23",
            "zjid": "1473",
            "number": "20",
            "zjl": "8336",
            "is_down": 0
        },
        {
            "img_url": "https://www.tingdao.org/Public/Images/Admin/Upload/603768c0b8c54.jpg",
            "title": "福音广播剧：《佳美脚踪-中国内地会的传奇》",
            "add_time": "2021-02-25 17:06:40",
            "zjid": "1472",
            "number": "53",
            "zjl": "16805",
            "is_down": 0
        },
        {
            "img_url": "https://www.tingdao.org/Public/Images/Admin/Upload/6030e9d039661.jpg",
            "title": "全然美丽-活出箴言31章的女性新生命（伊丽莎白·乔治）",
            "add_time": "2021-02-20 18:50:33",
            "zjid": "1467",
            "number": "24",
            "zjl": "9729",
            "is_down": 0
        },
        {
            "img_url": "https://www.tingdao.org/Public/Images/Admin/Upload/602a91acd5b9c.jpg",
            "title": "造就故事（张郁岚、林元度编）",
            "add_time": "2021-02-15 23:15:47",
            "zjid": "1457",
            "number": "27",
            "zjl": "14324",
            "is_down": 0
        },
        {
            "img_url": "https://www.tingdao.org/Public/Images/Admin/Upload/5fed4e872f4a9.jpg",
            "title": "认识真理（张郁岚）",
            "add_time": "2020-12-31 12:07:06",
            "zjid": "1411",
            "number": "56",
            "zjl": "20663",
            "is_down": 0
        },
        {
            "img_url": "https://www.tingdao.org/Public/Images/Admin/Upload/5f97a218de73e.jpg",
            "title": "密室-真实传奇见证（柯丽·邓·波姆）",
            "add_time": "2020-10-27 12:28:49",
            "zjid": "1401",
            "number": "45",
            "zjl": "5125",
            "is_down": 0
        },
        {
            "img_url": "https://www.tingdao.org/Public/Images/Admin/Upload/5f9797dd0997c.jpg",
            "title": "如何为你的妻子祷告（史多美·奥玛森）",
            "add_time": "2020-10-27 11:44:36",
            "zjid": "1400",
            "number": "32",
            "zjl": "3579",
            "is_down": 0
        },
        {
            "img_url": "https://www.tingdao.org/Public/Images/Admin/Upload/5f9233e411240.jpg",
            "title": "故事中的故事-早期教会",
            "add_time": "2020-10-23 09:37:09",
            "zjid": "1398",
            "number": "20",
            "zjl": "3140",
            "is_down": 0
        },
        {
            "img_url": "https://www.tingdao.org/Public/Images/Admin/Upload/5f9230c7ba2f6.jpg",
            "title": "优质思考的十个习惯（阿齐博尔德·哈特）",
            "add_time": "2020-10-23 09:23:38",
            "zjid": "1397",
            "number": "18",
            "zjl": "4071",
            "is_down": 0
        },
        {
            "img_url": "https://www.tingdao.org/Public/Images/Admin/Upload/5f8fb412e05b1.jpg",
            "title": "从0岁开始（艾盖瑞，贝南罗特）",
            "add_time": "2020-10-21 12:07:08",
            "zjid": "1395",
            "number": "22",
            "zjl": "4793",
            "is_down": 0
        },
        {
            "img_url": "https://www.tingdao.org/Public/Images/Admin/Upload/5f8e8e264d356.jpg",
            "title": "为青少年立界限（约翰·汤森德）",
            "add_time": "2020-10-20 15:13:12",
            "zjid": "1394",
            "number": "27",
            "zjl": "5521",
            "is_down": 0
        },
        {
            "img_url": "https://www.tingdao.org/Public/Images/Admin/Upload/5f8e6db8ac4a7.jpg",
            "title": "过犹不及（亨利·克劳德 约翰·汤森德）",
            "add_time": "2020-10-20 12:54:53",
            "zjid": "1393",
            "number": "24",
            "zjl": "4195",
            "is_down": 0
        },
        {
            "img_url": "https://www.tingdao.org/Public/Images/Admin/Upload/5f8e63d04f43a.jpg",
            "title": "相爱的秘密（麦道卫）",
            "add_time": "2020-10-20 12:12:14",
            "zjid": "1392",
            "number": "19",
            "zjl": "5170",
            "is_down": 0
        },
        {
            "img_url": "https://www.tingdao.org/Public/Images/Admin/Upload/5f8c01bc8ba7b.jpg",
            "title": "鲍伯‧鲍曼弟兄的故事",
            "add_time": "2020-10-18 16:49:16",
            "zjid": "1390",
            "number": "10",
            "zjl": "1094",
            "is_down": 0
        },
        {
            "img_url": "https://www.tingdao.org/Public/Images/Admin/Upload/5f8bfed203c76.jpg",
            "title": "没人爱的女孩",
            "add_time": "2020-10-18 16:37:06",
            "zjid": "1389",
            "number": "40",
            "zjl": "4081",
            "is_down": 0
        },
        {
            "img_url": "https://www.tingdao.org/Public/Images/Admin/Upload/5f8bfbf530bda.jpg",
            "title": "铁汉",
            "add_time": "2020-10-18 16:24:46",
            "zjid": "1388",
            "number": "6",
            "zjl": "1326",
            "is_down": 0
        },
        {
            "img_url": "https://www.tingdao.org/Public/Images/Admin/Upload/5f8904c6d7114.jpg",
            "title": "如何为你的孩子祷告（史多美·奥玛森）",
            "add_time": "2020-10-16 10:25:11",
            "zjid": "1387",
            "number": "32",
            "zjl": "6378",
            "is_down": 0
        },
        {
            "img_url": "https://www.tingdao.org/Public/Images/Admin/Upload/5f87a9d86ab38.jpg",
            "title": "与神同在（劳伦斯）",
            "add_time": "2020-10-15 09:45:11",
            "zjid": "1386",
            "number": "20",
            "zjl": "7654",
            "is_down": 0
        },
        {
            "img_url": "https://www.tingdao.org/Public/Images/Admin/Upload/5f7d28e296beb.jpg",
            "title": "八福客栈-格拉蒂丝·艾伟德的故事",
            "add_time": "2020-10-07 10:32:40",
            "zjid": "1384",
            "number": "12",
            "zjl": "2080",
            "is_down": 0
        },
        {
            "img_url": "https://www.tingdao.org/Public/Images/Admin/Upload/5f7bf69bd1387.jpg",
            "title": "直奔金牌-埃里克·亨利·利德尔（李爱锐）的故事",
            "add_time": "2020-10-06 12:46:00",
            "zjid": "1383",
            "number": "21",
            "zjl": "1703",
            "is_down": 0
        },
        {
            "img_url": "https://www.tingdao.org/Public/Images/Admin/Upload/5f732b0e51fcd.jpg",
            "title": "属灵的秘诀-戴德生信心之旅",
            "add_time": "2020-09-29 20:39:20",
            "zjid": "1377",
            "number": "36",
            "zjl": "4893",
            "is_down": 0
        },
        {
            "img_url": "https://www.tingdao.org/Public/Images/Admin/Upload/5f6eb835ec7ee.jpg",
            "title": "基督徒的珍宝-知足（耶利米·柏拉夫）",
            "add_time": "2020-09-26 11:38:24",
            "zjid": "1375",
            "number": "20",
            "zjl": "1820",
            "is_down": 0
        },
        {
            "img_url": "https://www.tingdao.org/Public/Images/Admin/Upload/5f6a5d066b02e.jpg",
            "title": "奔走天路（约翰·本仁）",
            "add_time": "2020-09-23 04:18:18",
            "zjid": "1344",
            "number": "11",
            "zjl": "3507",
            "is_down": 0
        },
        {
            "img_url": "https://www.tingdao.org/Public/Images/Admin/Upload/5f64ae9f0d39e.jpg",
            "title": "小小天路客（海伦L·泰勒）",
            "add_time": "2020-09-18 20:56:24",
            "zjid": "1324",
            "number": "93",
            "zjl": "2420",
            "is_down": 0
        },
        {
            "img_url": "https://www.tingdao.org/Public/Images/Admin/Upload/5f62bc6c05b84.jpg",
            "title": "风闻有你（琼妮·厄尔克森·多田）",
            "add_time": "2020-09-17 09:31:04",
            "zjid": "1318",
            "number": "20",
            "zjl": "2209",
            "is_down": 0
        },
        {
            "img_url": "https://www.tingdao.org/Public/Images/Admin/Upload/5f752eade4431.jpg",
            "title": "暗室之后（蔡苏娟）",
            "add_time": "2020-10-01 00:00:00",
            "zjid": "1316",
            "number": "86",
            "zjl": "40734",
            "is_down": 0
        },
        {
            "img_url": "https://www.tingdao.org/Public/Images/Admin/Upload/5f76d561a4c79.jpg",
            "title": "挚爱中华-戴德生传",
            "add_time": "2020-10-02 00:00:00",
            "zjid": "1315",
            "number": "62",
            "zjl": "36140",
            "is_down": 0
        },
        {
            "img_url": "https://www.tingdao.org/Public/Images/Admin/Upload/620b0c08cdf3e.jpg",
            "title": "成圣",
            "add_time": "2022-02-15 10:11:10",
            "zjid": "1698",
            "number": "10",
            "zjl": "2743",
            "is_down": 0
        },
        {
            "img_url": "https://www.tingdao.org/Public/Images/Admin/Upload/5f57ccc7c3737.jpg",
            "title": "如何为你的丈夫祷告（史多美·奥玛森）",
            "add_time": "2020-09-09 02:24:27",
            "zjid": "1311",
            "number": "31",
            "zjl": "8827",
            "is_down": 0
        },
        {
            "img_url": "https://www.tingdao.org/Public/Images/Admin/Upload/15969881545f301afa0b9a6.jpg",
            "title": "恩上加恩（傅立德）",
            "add_time": "2020-08-09 23:48:50",
            "zjid": "1282",
            "number": "43",
            "zjl": "15344",
            "is_down": 0
        },
        {
            "img_url": "https://www.tingdao.org/Public/Images/Admin/Upload/15921377255ee617fd7ce25.jpg",
            "title": "爱的五种语言（ 盖瑞·查普曼）",
            "add_time": "2020-06-14 20:25:34",
            "zjid": "1245",
            "number": "12",
            "zjl": "6508",
            "is_down": 0
        },
        {
            "img_url": "http://www.tingdao.org/Public/Images/Admin/Upload/15539567865c9f7fb26b1c8.jpg",
            "title": "灵程指引（莫林诺.迈可）",
            "add_time": "2019-03-30 22:38:48",
            "zjid": "642",
            "number": "31",
            "zjl": "6276",
            "is_down": 0
        },
        {
            "img_url": "http://www.tingdao.org/Public/Images/Admin/Upload/15548460665cad117208548.jpg",
            "title": "属灵人物小传-慕安德烈",
            "add_time": "2019-04-10 05:39:20",
            "zjid": "689",
            "number": "6",
            "zjl": "4147",
            "is_down": 0
        },
        {
            "img_url": "https://www.tingdao.org/Public/Images/Admin/Upload/15836020425e63d97ac39ff.jpg",
            "title": "天路历程（约翰·本仁）",
            "add_time": "2019-02-26 23:04:36",
            "zjid": "540",
            "number": "26",
            "zjl": "10741",
            "is_down": 0
        },
        {
            "img_url": "http://www.tingdao.org/Public/Images/Admin/Upload/15511933325c7554f4a284c.jpg",
            "title": "游子吟（里程）",
            "add_time": "2019-02-26 22:59:46",
            "zjid": "539",
            "number": "7",
            "zjl": "6795",
            "is_down": 0
        }
    ],
    "dyzt": 0,
    "authortime": [
        {
            "add_time": "2019"
        },
        {
            "add_time": "2020"
        },
        {
            "add_time": "2021"
        },
        {
            "add_time": "2022"
        },
        {
            "add_time": "2023"
        },
        {
            "add_time": "2024"
        }
    ],
    "tags": []
}