{
    "status": 1,
    "data": [
        {
            "author": "丁燕婴",
            "user_img": "https://www.tingdao.org/Public/Images/Admin/Upload/621ddb5081e35.jpg",
            "number": "31",
            "zjl": "31407",
            "lxid": "1"
        }
    ],
    "list": [
        {
            "img_url": "https://www.tingdao.org/Public/Images/Admin/Upload/15954381145f187422746f8.jpg",
            "title": "2009年04月10-12日 BCTC教会信息（丁燕婴）",
            "add_time": "2009-04-10 00:00:00",
            "zjid": "1269",
            "number": "5",
            "zjl": "2186",
            "is_down": 0
        },
        {
            "img_url": "https://www.tingdao.org/Public/Images/Admin/Upload/15907687265ed13456a422f.jpg",
            "title": "2010年03月05-07日 杰城中华基督教会信息（丁燕婴夫妇）",
            "add_time": "2010-03-05 00:00:00",
            "zjid": "1237",
            "number": "4",
            "zjl": "1264",
            "is_down": 0
        },
        {
            "img_url": "https://www.tingdao.org/Public/Images/Admin/Upload/15907680875ed131d76714e.jpg",
            "title": "2009年02月27-03月01日 杰城中华基督教会：下来（丁燕婴）",
            "add_time": "2009-02-27 00:00:00",
            "zjid": "1236",
            "number": "5",
            "zjl": "2855",
            "is_down": 0
        },
        {
            "img_url": "https://www.tingdao.org/Public/Images/Admin/Upload/15882719595eab1b57e4f8a.jpg",
            "title": "2008年09月26-28日 杰城中华基督教会：门徒（丁燕婴）",
            "add_time": "2008-09-26 00:00:00",
            "zjid": "1223",
            "number": "5",
            "zjl": "2455",
            "is_down": 0
        },
        {
            "img_url": "https://www.tingdao.org/Public/Images/Admin/Upload/15882706585eab1642c1d19.jpg",
            "title": "2008年01月27日 杰城中华基督教会：列王纪上（丁燕婴）",
            "add_time": "2008-01-27 00:00:00",
            "zjid": "1222",
            "number": "2",
            "zjl": "595",
            "is_down": 0
        },
        {
            "img_url": "https://www.tingdao.org/Public/Images/Admin/Upload/15882705345eab15c64b252.jpg",
            "title": "2008年01月26日 杰城中华基督教会：一个模范教会（丁燕婴）",
            "add_time": "2008-01-26 00:00:00",
            "zjid": "1221",
            "number": "2",
            "zjl": "431",
            "is_down": 0
        },
        {
            "img_url": "https://www.tingdao.org/Public/Images/Admin/Upload/15882704035eab1543be59f.jpg",
            "title": "2008年01月25日 杰城中华基督教会福音布道会：人生如云雾（丁燕婴）",
            "add_time": "2008-01-25 00:00:00",
            "zjid": "1220",
            "number": "1",
            "zjl": "1284",
            "is_down": 0
        },
        {
            "img_url": "https://www.tingdao.org/Public/Images/Admin/Upload/15882694735eab11a179016.jpg",
            "title": "2007年02月24-25日 杰城中华基督教会信息：罗马书（丁燕婴）",
            "add_time": "2007-02-24 00:00:00",
            "zjid": "1219",
            "number": "4",
            "zjl": "1313",
            "is_down": 0
        },
        {
            "img_url": "https://www.tingdao.org/Public/Images/Admin/Upload/15882692645eab10d078056.jpg",
            "title": "2007年02月23日 杰城中华基督教会福音布道会：神的儿子（丁燕婴）",
            "add_time": "2007-02-23 00:00:00",
            "zjid": "1218",
            "number": "1",
            "zjl": "976",
            "is_down": 0
        },
        {
            "img_url": "https://www.tingdao.org/Public/Images/Admin/Upload/15875865025ea0a5c6185c8.jpg",
            "title": "2006年02月25-26日 杰城中华基督教会：耶稣坚固我们（丁燕婴）",
            "add_time": "2006-02-25 00:00:00",
            "zjid": "1212",
            "number": "6",
            "zjl": "492",
            "is_down": 0
        },
        {
            "img_url": "http://www.tingdao.org/Public/Images/Admin/Upload/15780804085e0f9898d5f0c.jpg",
            "title": "2009年05月22-25日 伊城教会退修会：神的福音（丁燕婴）",
            "add_time": "2009-05-22 00:00:00",
            "zjid": "1134",
            "number": "4",
            "zjl": "461",
            "is_down": 0
        },
        {
            "img_url": "http://www.tingdao.org/Public/Images/Admin/Upload/15633483895d2ecda55c25c.jpg",
            "title": "活在基督里（丁燕婴）",
            "add_time": "2019-07-17 15:24:48",
            "zjid": "883",
            "number": "5",
            "zjl": "2207",
            "is_down": 0
        },
        {
            "img_url": "http://www.tingdao.org/Public/Images/Admin/Upload/15584424175ce3f1b14d900.jpg",
            "title": "1995年05月26-28日 佛州华人夏令退修会：认识基督（丁燕婴）",
            "add_time": "1995-05-26 00:00:00",
            "zjid": "825",
            "number": "6",
            "zjl": "1035",
            "is_down": 0
        },
        {
            "img_url": "http://www.tingdao.org/Public/Images/Admin/Upload/15583687535ce2d1f16209c.jpg",
            "title": "2009年12月12-13日 以马内利教会 特会信息（丁燕婴）",
            "add_time": "2009-12-12 00:00:00",
            "zjid": "821",
            "number": "3",
            "zjl": "483",
            "is_down": 0
        },
        {
            "img_url": "http://www.tingdao.org/Public/Images/Admin/Upload/15583682585ce2d002f3c79.jpg",
            "title": "2007年12月08-09日 以马内利教会：模范教会（丁燕婴）",
            "add_time": "2007-12-08 00:00:00",
            "zjid": "820",
            "number": "2",
            "zjl": "325",
            "is_down": 0
        },
        {
            "img_url": "http://www.tingdao.org/Public/Images/Admin/Upload/15583677865ce2ce2aecfee.jpg",
            "title": "2006年11月11-12日 以马内利教会：哦，耶路撒冷，耶路撒冷（丁燕婴）",
            "add_time": "2006-11-11 00:00:00",
            "zjid": "819",
            "number": "3",
            "zjl": "356",
            "is_down": 0
        },
        {
            "img_url": "http://www.tingdao.org/Public/Images/Admin/Upload/15583484235ce28287087be.jpg",
            "title": "2008年12月06-07日 以马内利教会特会信息：马太福音第九章与第十章（丁燕婴）",
            "add_time": "2008-12-06 00:00:00",
            "zjid": "818",
            "number": "4",
            "zjl": "3044",
            "is_down": 0
        },
        {
            "img_url": "http://www.tingdao.org/Public/Images/Admin/Upload/15581288255cdf28b95da4f.jpg",
            "title": "2007年04月27-29日 三藩市神的家 特会信息：希伯来书12章（丁燕婴）",
            "add_time": "2007-04-27 00:00:00",
            "zjid": "816",
            "number": "3",
            "zjl": "493",
            "is_down": 0
        },
        {
            "img_url": "http://www.tingdao.org/Public/Images/Admin/Upload/15581286525cdf280c33027.jpg",
            "title": "2008年10月24-25日 三藩市神的家 特会信息：罗马书（丁燕婴）",
            "add_time": "2008-10-24 00:00:00",
            "zjid": "815",
            "number": "2",
            "zjl": "524",
            "is_down": 0
        },
        {
            "img_url": "http://www.tingdao.org/Public/Images/Admin/Upload/15581285125cdf27805efef.jpg",
            "title": "2009年12月31日-2010年01月01日 三藩市神的家 特会信息：生命水的四道河（丁燕婴）",
            "add_time": "2009-12-31 00:00:00",
            "zjid": "814",
            "number": "3",
            "zjl": "419",
            "is_down": 0
        },
        {
            "img_url": "http://www.tingdao.org/Public/Images/Admin/Upload/15581014035cdebd9b64b11.jpg",
            "title": "2009年09月18-19日 华人福音基督教会：与耶稣相遇（丁燕婴）",
            "add_time": "2009-09-18 00:00:00",
            "zjid": "811",
            "number": "2",
            "zjl": "388",
            "is_down": 0
        },
        {
            "img_url": "http://www.tingdao.org/Public/Images/Admin/Upload/15580931785cde9d7a28723.jpg",
            "title": "2009年12月22-24日 奥兰多中华教会 青年冬令营（丁燕婴）",
            "add_time": "2009-12-22 00:00:00",
            "zjid": "810",
            "number": "4",
            "zjl": "351",
            "is_down": 0
        },
        {
            "img_url": "http://www.tingdao.org/Public/Images/Admin/Upload/15580923755cde9a570b2c4.jpg",
            "title": "申命记助读（丁燕婴）",
            "add_time": "2019-05-17 19:25:04",
            "zjid": "809",
            "number": "11",
            "zjl": "655",
            "is_down": 0
        },
        {
            "img_url": "http://www.tingdao.org/Public/Images/Admin/Upload/15580918845cde986cc5a67.jpg",
            "title": "民数记助读（丁燕婴）",
            "add_time": "2019-05-17 19:13:44",
            "zjid": "808",
            "number": "23",
            "zjl": "1494",
            "is_down": 0
        },
        {
            "img_url": "http://www.tingdao.org/Public/Images/Admin/Upload/15580409735cddd18d46f68.jpg",
            "title": "丁燕婴弟兄单独一堂讲道集",
            "add_time": "2019-05-17 05:08:43",
            "zjid": "807",
            "number": "9",
            "zjl": "842",
            "is_down": 0
        },
        {
            "img_url": "http://www.tingdao.org/Public/Images/Admin/Upload/15580083715cdd5233aa5f5.jpg",
            "title": "神的帐幕在人间（丁燕婴）",
            "add_time": "2019-05-16 19:51:29",
            "zjid": "805",
            "number": "16",
            "zjl": "612",
            "is_down": 0
        },
        {
            "img_url": "http://www.tingdao.org/Public/Images/Admin/Upload/15578646445cdb20c42e664.jpg",
            "title": "2003年：希伯来书（丁燕婴）",
            "add_time": "2003-01-17 00:00:00",
            "zjid": "803",
            "number": "24",
            "zjl": "896",
            "is_down": 0
        },
        {
            "img_url": "http://www.tingdao.org/Public/Images/Admin/Upload/15580069395cdd4c9b6f59c.jpg",
            "title": "出埃及记助读（丁燕婴）",
            "add_time": "2019-05-16 19:41:26",
            "zjid": "804",
            "number": "16",
            "zjl": "766",
            "is_down": 0
        },
        {
            "img_url": "http://www.tingdao.org/Public/Images/Admin/Upload/15580207175cdd826d50756.jpg",
            "title": "利未记助读（丁燕婴）",
            "add_time": "2019-05-16 22:02:39",
            "zjid": "806",
            "number": "16",
            "zjl": "724",
            "is_down": 0
        },
        {
            "img_url": "http://www.tingdao.org/Public/Images/Admin/Upload/15578517255cdaee4d2a028.jpg",
            "title": "创世记助读（丁燕婴）",
            "add_time": "2019-05-15 00:32:42",
            "zjid": "802",
            "number": "14",
            "zjl": "970",
            "is_down": 0
        },
        {
            "img_url": "http://www.tingdao.org/Public/Images/Admin/Upload/15578499785cdae77a3ed42.jpg",
            "title": "2008年08月01-04日 温哥华基督教会特会信息：创世记1-2章（丁燕婴）",
            "add_time": "2008-08-01 00:00:00",
            "zjid": "801",
            "number": "4",
            "zjl": "511",
            "is_down": 0
        }
    ],
    "dyzt": 0,
    "authortime": [
        {
            "add_time": "2008"
        },
        {
            "add_time": "2019"
        },
        {
            "add_time": "2003"
        },
        {
            "add_time": "2009"
        },
        {
            "add_time": "2007"
        },
        {
            "add_time": "2006"
        },
        {
            "add_time": "1995"
        },
        {
            "add_time": "2010"
        }
    ],
    "tags": [
        {
            "title": "圣经经卷详解",
            "id": "5"
        },
        {
            "title": "单独一堂讲道系列",
            "id": "6"
        }
    ]
}