{
    "status": 1,
    "data": [
        {
            "author": "亚当斯",
            "user_img": "https://www.tingdao.org/Public/Images/Admin/Upload/60fa8cdfb8141.jpg",
            "number": "2",
            "zjl": "7512",
            "lxid": "1"
        }
    ],
    "list": [
        {
            "img_url": "https://www.tingdao.org/Public/Images/Admin/Upload/61ac82ce8c6b3.jpg",
            "title": "用神的方法来解决问题（亚当斯）",
            "add_time": "2021-12-05 17:03:48",
            "zjid": "1654",
            "number": "19",
            "zjl": "4340",
            "is_down": 0
        },
        {
            "img_url": "https://www.tingdao.org/Public/Images/Admin/Upload/60fa8d4036597.jpg",
            "title": "试探（亚当斯）",
            "add_time": "2021-07-23 17:31:40",
            "zjid": "1565",
            "number": "5",
            "zjl": "3172",
            "is_down": 0
        }
    ],
    "dyzt": 0,
    "authortime": [
        {
            "add_time": "2021"
        }
    ],
    "tags": []
}