{
    "status": 1,
    "data": [
        {
            "author": "约拿单·爱德华兹",
            "user_img": "https://www.tingdao.org/Public/Images/Admin/Upload/5f6adb0fe815c.jpg",
            "number": "5",
            "zjl": "8802",
            "lxid": "1"
        }
    ],
    "list": [
        {
            "img_url": "https://www.tingdao.org/Public/Images/Admin/Upload/64a57a226823c.jpg",
            "title": "信仰的深情（约拿单·爱德华兹）",
            "add_time": "2023-07-05 22:09:44",
            "zjid": "1889",
            "number": "38",
            "zjl": "1616",
            "is_down": 0
        },
        {
            "img_url": "https://www.tingdao.org/Public/Images/Admin/Upload/64a497e638167.jpg",
            "title": "毕大卫的生平和日记（约拿单·爱德华兹）",
            "add_time": "2023-07-05 06:05:52",
            "zjid": "1888",
            "number": "8",
            "zjl": "1159",
            "is_down": 0
        },
        {
            "img_url": "https://www.tingdao.org/Public/Images/Admin/Upload/64252bb1b6a38.jpg",
            "title": "神是信徒最好的福分（约拿单·爱德华兹）",
            "add_time": "2023-03-30 14:26:13",
            "zjid": "1868",
            "number": "1",
            "zjl": "1904",
            "is_down": 0
        },
        {
            "img_url": "https://www.tingdao.org/Public/Images/Admin/Upload/5f8fb8ee0fbac.jpg",
            "title": "约拿单·爱德华兹小传",
            "add_time": "2020-10-21 12:28:00",
            "zjid": "1396",
            "number": "12",
            "zjl": "1916",
            "is_down": 0
        },
        {
            "img_url": "https://www.tingdao.org/Public/Images/Admin/Upload/5f6e0bf7e31ef.jpg",
            "title": "爱与爱的果实（约拿单·爱德华兹）",
            "add_time": "2020-09-23 13:19:28",
            "zjid": "1347",
            "number": "16",
            "zjl": "2207",
            "is_down": 0
        }
    ],
    "dyzt": 0,
    "authortime": [
        {
            "add_time": "2020"
        },
        {
            "add_time": "2023"
        }
    ],
    "tags": []
}