{
    "status": 1,
    "data": [
        {
            "author": "周毕克",
            "user_img": "https://www.tingdao.org/Public/Images/Admin/Upload/60fd2148f02f3.jpg",
            "number": "3",
            "zjl": "9543",
            "lxid": "1"
        }
    ],
    "list": [
        {
            "img_url": "https://www.tingdao.org/Public/Images/Admin/Upload/61776d6e422b9.jpg",
            "title": "与撒旦爭战 - 认识敌人的弱点、策略和失败（周毕克）",
            "add_time": "2021-10-26 10:52:01",
            "zjid": "1627",
            "number": "32",
            "zjl": "4061",
            "is_down": 0
        },
        {
            "img_url": "https://www.tingdao.org/Public/Images/Admin/Upload/61375a22ac01a.jpg",
            "title": "靠主应许养育儿女-如何在恩约中养儿育女（周毕克）",
            "add_time": "2021-09-07 20:21:08",
            "zjid": "1588",
            "number": "119",
            "zjl": "3009",
            "is_down": 0
        },
        {
            "img_url": "https://www.tingdao.org/Public/Images/Admin/Upload/60fd221715aeb.jpg",
            "title": "神所定生命的笔画（周毕克与戴安娜·克莱恩）",
            "add_time": "2021-07-25 16:30:17",
            "zjid": "1570",
            "number": "26",
            "zjl": "2473",
            "is_down": 0
        }
    ],
    "dyzt": 0,
    "authortime": [
        {
            "add_time": "2021"
        }
    ],
    "tags": []
}