{
    "status": 1,
    "data": [
        {
            "author": "焦源濂",
            "user_img": "http://www.tingdao.org/Public/Images/Admin/Upload/15584769815ce478b5bd320.jpg",
            "number": "25",
            "zjl": "21315",
            "lxid": "1"
        }
    ],
    "list": [
        {
            "img_url": "http://www.tingdao.org/Public/Images/Admin/Upload/15665948175d60570124351.jpg",
            "title": "焦源濂弟兄单独一堂讲道集",
            "add_time": "2019-08-24 05:12:46",
            "zjid": "991",
            "number": "18",
            "zjl": "2239",
            "is_down": 0
        },
        {
            "img_url": "http://www.tingdao.org/Public/Images/Admin/Upload/15665940655d605411b14bb.jpg",
            "title": "焦源濂弟兄的个人见证",
            "add_time": "2019-08-24 04:52:38",
            "zjid": "990",
            "number": "2",
            "zjl": "2069",
            "is_down": 0
        },
        {
            "img_url": "http://www.tingdao.org/Public/Images/Admin/Upload/15665935155d6051eb0d286.jpg",
            "title": "认识基督，传扬基督（焦源濂）",
            "add_time": "2019-08-24 04:51:12",
            "zjid": "989",
            "number": "3",
            "zjl": "965",
            "is_down": 0
        },
        {
            "img_url": "http://www.tingdao.org/Public/Images/Admin/Upload/15665112245d5f107810e6a.jpg",
            "title": "诗篇23篇（焦源濂）",
            "add_time": "2019-08-23 05:58:01",
            "zjid": "988",
            "number": "4",
            "zjl": "2302",
            "is_down": 0
        },
        {
            "img_url": "http://www.tingdao.org/Public/Images/Admin/Upload/15665107655d5f0ead11f1c.jpg",
            "title": "圣经问答（焦源濂）",
            "add_time": "2019-08-23 05:50:09",
            "zjid": "987",
            "number": "2",
            "zjl": "4522",
            "is_down": 0
        },
        {
            "img_url": "http://www.tingdao.org/Public/Images/Admin/Upload/15665100865d5f0c06107f8.jpg",
            "title": "圣经（焦源濂）",
            "add_time": "2019-08-23 05:40:41",
            "zjid": "986",
            "number": "4",
            "zjl": "490",
            "is_down": 0
        },
        {
            "img_url": "http://www.tingdao.org/Public/Images/Admin/Upload/15665099485d5f0b7c7bd47.jpg",
            "title": "约瑟的见证（焦源濂）",
            "add_time": "2019-08-23 05:36:01",
            "zjid": "985",
            "number": "4",
            "zjl": "672",
            "is_down": 0
        },
        {
            "img_url": "http://www.tingdao.org/Public/Images/Admin/Upload/15665094175d5f0969baf2c.jpg",
            "title": "约伯记（焦源濂）",
            "add_time": "2019-08-23 05:29:24",
            "zjid": "984",
            "number": "4",
            "zjl": "636",
            "is_down": 0
        },
        {
            "img_url": "http://www.tingdao.org/Public/Images/Admin/Upload/15665091865d5f08824731d.jpg",
            "title": "往下扎根向上结果（焦源濂）",
            "add_time": "2019-08-23 05:24:05",
            "zjid": "983",
            "number": "9",
            "zjl": "616",
            "is_down": 0
        },
        {
            "img_url": "http://www.tingdao.org/Public/Images/Admin/Upload/15665078065d5f031ee10ad.jpg",
            "title": "有福的人（焦源濂）",
            "add_time": "2019-08-23 05:03:07",
            "zjid": "982",
            "number": "3",
            "zjl": "604",
            "is_down": 0
        },
        {
            "img_url": "http://www.tingdao.org/Public/Images/Admin/Upload/15665067105d5efed685ad7.jpg",
            "title": "诗篇与圣徒人生的经历（焦源濂）",
            "add_time": "2019-08-23 04:44:34",
            "zjid": "981",
            "number": "9",
            "zjl": "467",
            "is_down": 0
        },
        {
            "img_url": "http://www.tingdao.org/Public/Images/Admin/Upload/15664942665d5ece3a8d99d.jpg",
            "title": "教会（焦源濂）",
            "add_time": "2019-08-23 01:17:04",
            "zjid": "980",
            "number": "5",
            "zjl": "396",
            "is_down": 0
        },
        {
            "img_url": "http://www.tingdao.org/Public/Images/Admin/Upload/15664941955d5ecdf378372.jpg",
            "title": "教会-基督的身体（焦源濂）",
            "add_time": "2019-08-23 01:15:55",
            "zjid": "979",
            "number": "3",
            "zjl": "303",
            "is_down": 0
        },
        {
            "img_url": "http://www.tingdao.org/Public/Images/Admin/Upload/15664941425d5ecdbe99b22.jpg",
            "title": "教会与家庭（焦源濂）",
            "add_time": "2019-08-23 01:14:47",
            "zjid": "978",
            "number": "2",
            "zjl": "333",
            "is_down": 0
        },
        {
            "img_url": "http://www.tingdao.org/Public/Images/Admin/Upload/15664888225d5eb8f6e2f33.jpg",
            "title": "撒旦对约伯的攻击（焦源濂）",
            "add_time": "2019-08-22 23:44:01",
            "zjid": "977",
            "number": "2",
            "zjl": "361",
            "is_down": 0
        },
        {
            "img_url": "http://www.tingdao.org/Public/Images/Admin/Upload/15664876085d5eb4383ff30.jpg",
            "title": "揭露人生之谜（焦源濂）",
            "add_time": "2019-08-22 23:26:03",
            "zjid": "976",
            "number": "4",
            "zjl": "502",
            "is_down": 0
        },
        {
            "img_url": "http://www.tingdao.org/Public/Images/Admin/Upload/15664869615d5eb1b1968bd.jpg",
            "title": "天路人生之谜（焦源濂）",
            "add_time": "2019-08-22 23:15:37",
            "zjid": "975",
            "number": "4",
            "zjl": "328",
            "is_down": 0
        },
        {
            "img_url": "http://www.tingdao.org/Public/Images/Admin/Upload/15664811545d5e9b02cdf5a.jpg",
            "title": "国民与祭司（焦源濂）",
            "add_time": "2019-08-22 21:38:27",
            "zjid": "974",
            "number": "7",
            "zjl": "357",
            "is_down": 0
        },
        {
            "img_url": "http://www.tingdao.org/Public/Images/Admin/Upload/15664792515d5e9393995ed.jpg",
            "title": "向着标杆直跑（焦源濂）",
            "add_time": "2019-08-22 21:04:31",
            "zjid": "973",
            "number": "3",
            "zjl": "378",
            "is_down": 0
        },
        {
            "img_url": "http://www.tingdao.org/Public/Images/Admin/Upload/15664753565d5e845c67e2e.jpg",
            "title": "做智慧人（焦源濂）",
            "add_time": "2019-08-22 20:02:15",
            "zjid": "972",
            "number": "2",
            "zjl": "430",
            "is_down": 0
        },
        {
            "img_url": "http://www.tingdao.org/Public/Images/Admin/Upload/15664752155d5e83cf28bc6.jpg",
            "title": "信仰（焦源濂）",
            "add_time": "2019-08-22 19:59:25",
            "zjid": "971",
            "number": "3",
            "zjl": "337",
            "is_down": 0
        },
        {
            "img_url": "http://www.tingdao.org/Public/Images/Admin/Upload/15664751255d5e8375b4b79.jpg",
            "title": "信心（焦源濂）",
            "add_time": "2019-08-22 19:58:08",
            "zjid": "970",
            "number": "2",
            "zjl": "601",
            "is_down": 0
        },
        {
            "img_url": "http://www.tingdao.org/Public/Images/Admin/Upload/15664716185d5e75c218c04.jpg",
            "title": "事奉（焦源濂）",
            "add_time": "2019-08-22 18:58:31",
            "zjid": "969",
            "number": "7",
            "zjl": "454",
            "is_down": 0
        },
        {
            "img_url": "http://www.tingdao.org/Public/Images/Admin/Upload/15608916635d09510f867df.jpg",
            "title": "2002年07月20-21日 波士顿郊区华人圣经教会培灵会：往下扎根，向上结果（焦源濂）",
            "add_time": "2002-07-20 00:00:00",
            "zjid": "866",
            "number": "5",
            "zjl": "360",
            "is_down": 0
        },
        {
            "img_url": "http://www.tingdao.org/Public/Images/Admin/Upload/15584765725ce4771ca4a5c.jpg",
            "title": "2001年05月25-27日 佛州基督徒夏令退修会：路得记-这时代的危机和希望（焦源濂）",
            "add_time": "2001-05-27 00:00:00",
            "zjid": "829",
            "number": "5",
            "zjl": "593",
            "is_down": 0
        }
    ],
    "dyzt": 0,
    "authortime": [
        {
            "add_time": "2001"
        },
        {
            "add_time": "2002"
        },
        {
            "add_time": "2019"
        }
    ],
    "tags": [
        {
            "title": "圣经经卷详解",
            "id": "5"
        },
        {
            "title": "单独一堂讲道系列",
            "id": "6"
        },
        {
            "title": "教会的道路",
            "id": "11"
        }
    ]
}