{
    "status": 1,
    "data": [
        {
            "author": "托马斯·厄·肯培",
            "user_img": "http://www.tingdao.org/Public/Images/Admin/Upload/15644395065d3f73d2b200f.jpg",
            "number": "5",
            "zjl": "22470",
            "lxid": "1"
        }
    ],
    "list": [
        {
            "img_url": "https://www.tingdao.org/Public/Images/Admin/Upload/621f4b37cfb84.jpg",
            "title": "效法基督（托马斯·厄·肯培）",
            "add_time": "2022-03-02 18:42:23",
            "zjid": "1701",
            "number": "24",
            "zjl": "18292",
            "is_down": 0
        },
        {
            "img_url": "http://www.tingdao.org/Public/Images/Admin/Upload/15723877045db8bb7851491.jpg",
            "title": "效法基督-第四卷（托马斯·厄·肯培）",
            "add_time": "2019-10-30 06:21:08",
            "zjid": "1090",
            "number": "13",
            "zjl": "1081",
            "is_down": 0
        },
        {
            "img_url": "http://www.tingdao.org/Public/Images/Admin/Upload/15723876615db8bb4dd23b9.jpg",
            "title": "效法基督-第三卷（托马斯·厄·肯培）",
            "add_time": "2019-10-30 06:19:48",
            "zjid": "1089",
            "number": "37",
            "zjl": "781",
            "is_down": 0
        },
        {
            "img_url": "http://www.tingdao.org/Public/Images/Admin/Upload/15699493445d9386a0c57c1.jpg",
            "title": "效法基督-第二卷（托马斯·厄·肯培）",
            "add_time": "2019-10-02 01:01:29",
            "zjid": "1057",
            "number": "12",
            "zjl": "604",
            "is_down": 0
        },
        {
            "img_url": "http://www.tingdao.org/Public/Images/Admin/Upload/15644394455d3f7395c4036.jpg",
            "title": "效法基督-第一卷（托马斯·厄·肯培）",
            "add_time": "2019-07-30 06:29:02",
            "zjid": "945",
            "number": "25",
            "zjl": "1712",
            "is_down": 0
        }
    ],
    "dyzt": 0,
    "authortime": [
        {
            "add_time": "2019"
        },
        {
            "add_time": "2022"
        }
    ],
    "tags": []
}