{
    "status": 1,
    "data": [
        {
            "author": "倪柝声",
            "user_img": "http://www.tingdao.org/Public/Images/Admin/Upload/15539401615c9f3ec1897e5.jpg",
            "number": "45",
            "zjl": "724595",
            "lxid": "1"
        }
    ],
    "list": [
        {
            "img_url": "https://www.tingdao.org/Public/Images/Admin/Upload/6354ee860c452.jpg",
            "title": "中流砥柱-倪柝声生平（金弥尔）",
            "add_time": "2022-10-23 15:33:59",
            "zjid": "1805",
            "number": "21",
            "zjl": "14059",
            "is_down": 0
        },
        {
            "img_url": "https://www.tingdao.org/Public/Images/Admin/Upload/61517f1332c19.png",
            "title": "正常的基督徒生活（倪柝声）姐妹朗读版",
            "add_time": "2021-09-27 16:20:09",
            "zjid": "1606",
            "number": "40",
            "zjl": "328647",
            "is_down": 0
        },
        {
            "img_url": "https://www.tingdao.org/Public/Images/Admin/Upload/621fafcbcefde.jpg",
            "title": "属灵人（倪柝声）",
            "add_time": "2022-03-03 01:55:02",
            "zjid": "1703",
            "number": "43",
            "zjl": "28739",
            "is_down": 0
        },
        {
            "img_url": "https://www.tingdao.org/Public/Images/Admin/Upload/61909b9c1114a.jpg",
            "title": "神前有能（倪柝声）",
            "add_time": "2021-11-14 13:15:51",
            "zjid": "1647",
            "number": "31",
            "zjl": "13675",
            "is_down": 0
        },
        {
            "img_url": "https://www.tingdao.org/Public/Images/Admin/Upload/6049f8f3a1aef.jpg",
            "title": "基督是一切属灵的事物（倪柝声）",
            "add_time": "2021-03-11 19:02:56",
            "zjid": "1489",
            "number": "5",
            "zjl": "10441",
            "is_down": 0
        },
        {
            "img_url": "https://www.tingdao.org/Public/Images/Admin/Upload/6049f0ae95e06.jpg",
            "title": "属灵生命的长进（倪柝声）",
            "add_time": "2021-03-11 18:27:06",
            "zjid": "1488",
            "number": "12",
            "zjl": "18686",
            "is_down": 0
        },
        {
            "img_url": "https://www.tingdao.org/Public/Images/Admin/Upload/6049eff9997c8.jpg",
            "title": "旷野的筵席-十二月合辑（倪柝声）",
            "add_time": "2021-01-01 20:15:20",
            "zjid": "1430",
            "number": "31",
            "zjl": "5758",
            "is_down": 0
        },
        {
            "img_url": "https://www.tingdao.org/Public/Images/Admin/Upload/6049f042f2a07.jpg",
            "title": "旷野的筵席-十一月合辑（倪柝声）",
            "add_time": "2021-01-01 20:14:02",
            "zjid": "1429",
            "number": "30",
            "zjl": "1612",
            "is_down": 0
        },
        {
            "img_url": "https://www.tingdao.org/Public/Images/Admin/Upload/6049f03b1c72f.jpg",
            "title": "旷野的筵席-十月合辑（倪柝声）",
            "add_time": "2021-01-01 20:12:32",
            "zjid": "1428",
            "number": "31",
            "zjl": "1228",
            "is_down": 0
        },
        {
            "img_url": "https://www.tingdao.org/Public/Images/Admin/Upload/6049f0327910e.jpg",
            "title": "旷野的筵席-九月合辑（倪柝声）",
            "add_time": "2021-01-01 20:11:25",
            "zjid": "1427",
            "number": "30",
            "zjl": "1183",
            "is_down": 0
        },
        {
            "img_url": "https://www.tingdao.org/Public/Images/Admin/Upload/6049f0270eb9b.jpg",
            "title": "旷野的筵席-八月合辑（倪柝声）",
            "add_time": "2021-01-01 20:09:43",
            "zjid": "1426",
            "number": "31",
            "zjl": "1266",
            "is_down": 0
        },
        {
            "img_url": "https://www.tingdao.org/Public/Images/Admin/Upload/6049f01d8beae.jpg",
            "title": "旷野的筵席-七月合辑（倪柝声）",
            "add_time": "2021-01-01 20:08:10",
            "zjid": "1425",
            "number": "31",
            "zjl": "924",
            "is_down": 0
        },
        {
            "img_url": "https://www.tingdao.org/Public/Images/Admin/Upload/6049f012242d9.jpg",
            "title": "旷野的筵席-六月合辑（倪柝声）",
            "add_time": "2021-01-16 20:06:41",
            "zjid": "1424",
            "number": "30",
            "zjl": "1259",
            "is_down": 0
        },
        {
            "img_url": "https://www.tingdao.org/Public/Images/Admin/Upload/6049f06fcc9b3.jpg",
            "title": "旷野的筵席-五月合辑（倪柝声）",
            "add_time": "2021-01-01 20:28:09",
            "zjid": "1447",
            "number": "31",
            "zjl": "713",
            "is_down": 0
        },
        {
            "img_url": "https://www.tingdao.org/Public/Images/Admin/Upload/6049f067e9ae3.jpg",
            "title": "旷野的筵席-四月合辑（倪柝声）",
            "add_time": "2021-01-01 20:27:01",
            "zjid": "1446",
            "number": "30",
            "zjl": "708",
            "is_down": 0
        },
        {
            "img_url": "https://www.tingdao.org/Public/Images/Admin/Upload/6049f05f8233a.jpg",
            "title": "旷野的筵席-三月合辑（倪柝声）",
            "add_time": "2021-01-01 20:25:02",
            "zjid": "1445",
            "number": "31",
            "zjl": "748",
            "is_down": 0
        },
        {
            "img_url": "https://www.tingdao.org/Public/Images/Admin/Upload/6049f05737ebd.jpg",
            "title": "旷野的筵席-二月合辑（倪柝声）",
            "add_time": "2021-01-01 20:21:36",
            "zjid": "1444",
            "number": "29",
            "zjl": "947",
            "is_down": 0
        },
        {
            "img_url": "https://www.tingdao.org/Public/Images/Admin/Upload/6049f04ea79bd.jpg",
            "title": "旷野的筵席-一月合辑（倪柝声）",
            "add_time": "2021-01-23 19:45:18",
            "zjid": "1443",
            "number": "31",
            "zjl": "2621",
            "is_down": 0
        },
        {
            "img_url": "https://www.tingdao.org/Public/Images/Admin/Upload/5fd1e3fc3fd8d.jpg",
            "title": "等候主的降临（倪柝声）",
            "add_time": "2020-12-10 16:58:13",
            "zjid": "1408",
            "number": "16",
            "zjl": "33168",
            "is_down": 0
        },
        {
            "img_url": "https://www.tingdao.org/Public/Images/Admin/Upload/5fbb6f2d6781a.jpg",
            "title": "主工人的性格（倪柝声）",
            "add_time": "2020-11-23 16:12:52",
            "zjid": "1405",
            "number": "10",
            "zjl": "25295",
            "is_down": 0
        },
        {
            "img_url": "https://www.tingdao.org/Public/Images/Admin/Upload/5f411e9f928ec.jpg",
            "title": "如何传福音（倪柝声）",
            "add_time": "2020-08-22 21:27:38",
            "zjid": "1291",
            "number": "9",
            "zjl": "9741",
            "is_down": 0
        },
        {
            "img_url": "https://www.tingdao.org/Public/Images/Admin/Upload/5f4144648406a.jpg",
            "title": "默想创世记（倪柝声）",
            "add_time": "2020-08-23 00:12:34",
            "zjid": "1292",
            "number": "8",
            "zjl": "4846",
            "is_down": 0
        },
        {
            "img_url": "https://www.tingdao.org/Public/Images/Admin/Upload/15975944345f395b42bbc4b.jpg",
            "title": "灵程指引（倪柝声）",
            "add_time": "2020-08-17 00:13:18",
            "zjid": "1287",
            "number": "42",
            "zjl": "7274",
            "is_down": 0
        },
        {
            "img_url": "https://www.tingdao.org/Public/Images/Admin/Upload/15972999135f34dcc915261.jpg",
            "title": "魂的潜势力（倪柝声）",
            "add_time": "2020-08-13 14:24:53",
            "zjid": "1284",
            "number": "5",
            "zjl": "3381",
            "is_down": 0
        },
        {
            "img_url": "https://www.tingdao.org/Public/Images/Admin/Upload/15972498605f34194435529.jpg",
            "title": "灵修指微（倪柝声）",
            "add_time": "2020-08-13 00:30:37",
            "zjid": "1283",
            "number": "21",
            "zjl": "5130",
            "is_down": 0
        },
        {
            "img_url": "https://www.tingdao.org/Public/Images/Admin/Upload/15853164115e7e023be5f21.jpg",
            "title": "神的审判（倪柝声）",
            "add_time": "2020-03-27 21:39:21",
            "zjid": "1188",
            "number": "7",
            "zjl": "4191",
            "is_down": 0
        },
        {
            "img_url": "https://www.tingdao.org/Public/Images/Admin/Upload/15836739765e64f27854e23.jpg",
            "title": "坐行站（倪柝声）",
            "add_time": "2020-03-08 21:24:15",
            "zjid": "1164",
            "number": "10",
            "zjl": "6096",
            "is_down": 0
        },
        {
            "img_url": "http://www.tingdao.org/Public/Images/Admin/Upload/15705562745d9cc9729653a.jpg",
            "title": "神的得胜者（倪柝声）",
            "add_time": "2019-10-09 01:36:43",
            "zjid": "1067",
            "number": "8",
            "zjl": "6018",
            "is_down": 0
        },
        {
            "img_url": "http://www.tingdao.org/Public/Images/Admin/Upload/15705556765d9cc71c69c42.jpg",
            "title": "基督的奥秘（倪柝声）",
            "add_time": "2019-10-09 01:27:02",
            "zjid": "1066",
            "number": "11",
            "zjl": "4852",
            "is_down": 0
        },
        {
            "img_url": "http://www.tingdao.org/Public/Images/Admin/Upload/15610132725d0b2c1889287.jpg",
            "title": "倪柝声弟兄的祷告",
            "add_time": "2019-06-20 14:46:20",
            "zjid": "869",
            "number": "11",
            "zjl": "6489",
            "is_down": 0
        },
        {
            "img_url": "http://www.tingdao.org/Public/Images/Admin/Upload/15577583775cd981a97b412.jpg",
            "title": "倪柝声弟兄短篇信息集",
            "add_time": "2019-05-13 22:26:56",
            "zjid": "794",
            "number": "1",
            "zjl": "4887",
            "is_down": 0
        },
        {
            "img_url": "http://www.tingdao.org/Public/Images/Admin/Upload/15576811875cd85423e6eec.jpg",
            "title": "永远的十字架（倪柝声）",
            "add_time": "2019-05-13 01:12:31",
            "zjid": "792",
            "number": "2",
            "zjl": "3863",
            "is_down": 0
        },
        {
            "img_url": "http://www.tingdao.org/Public/Images/Admin/Upload/15567957525ccad168002a7.jpg",
            "title": "正常的基督徒生活（倪柝声）朗读版",
            "add_time": "2019-05-02 19:14:55",
            "zjid": "782",
            "number": "36",
            "zjl": "8101",
            "is_down": 0
        },
        {
            "img_url": "http://www.tingdao.org/Public/Images/Admin/Upload/15566440655cc880e17c90c.jpg",
            "title": "爱神（倪柝声）",
            "add_time": "2019-05-01 01:07:03",
            "zjid": "772",
            "number": "12",
            "zjl": "4844",
            "is_down": 0
        },
        {
            "img_url": "http://www.tingdao.org/Public/Images/Admin/Upload/15549899065caf435207941.jpg",
            "title": "变成祂的形像（倪柝声）",
            "add_time": "2019-04-11 21:37:40",
            "zjid": "698",
            "number": "29",
            "zjl": "4050",
            "is_down": 0
        },
        {
            "img_url": "http://www.tingdao.org/Public/Images/Admin/Upload/15548483635cad1a6b2abed.jpg",
            "title": "神话语的职事（倪柝声）",
            "add_time": "2019-04-10 06:15:19",
            "zjid": "691",
            "number": "19",
            "zjl": "4404",
            "is_down": 0
        },
        {
            "img_url": "http://www.tingdao.org/Public/Images/Admin/Upload/15548478515cad186bedf13.jpg",
            "title": "圣洁没有暇疵（倪柝声）",
            "add_time": "2019-10-08 00:00:00",
            "zjid": "690",
            "number": "19",
            "zjl": "3952",
            "is_down": 0
        },
        {
            "img_url": "http://www.tingdao.org/Public/Images/Admin/Upload/15542947575ca4a7e521195.jpg",
            "title": "得胜的生命（倪柝声）",
            "add_time": "2019-04-03 20:31:16",
            "zjid": "662",
            "number": "23",
            "zjl": "5427",
            "is_down": 0
        },
        {
            "img_url": "http://www.tingdao.org/Public/Images/Admin/Upload/15539386745c9f38f2612fb.jpg",
            "title": "正常的基督徒信仰（倪柝声）",
            "add_time": "2019-03-30 17:35:43",
            "zjid": "640",
            "number": "16",
            "zjl": "5400",
            "is_down": 0
        },
        {
            "img_url": "http://www.tingdao.org/Public/Images/Admin/Upload/15539002525c9ea2dce99be.jpg",
            "title": "正常的基督徒生活（倪柝声）",
            "add_time": "2019-03-30 06:57:04",
            "zjid": "639",
            "number": "14",
            "zjl": "22040",
            "is_down": 0
        },
        {
            "img_url": "https://www.tingdao.org/Public/Images/Admin/Upload/15836190055e641bbde1227.jpg",
            "title": "人的破碎与灵的出来（倪柝声）",
            "add_time": "2020-04-13 00:00:00",
            "zjid": "541",
            "number": "41",
            "zjl": "18625",
            "is_down": 0
        },
        {
            "img_url": "http://www.tingdao.org/Public/Images/Admin/Upload/15511076335c74063148d84.jpg",
            "title": "在基督里（倪柝声）",
            "add_time": "2019-02-25 23:13:07",
            "zjid": "537",
            "number": "12",
            "zjl": "10381",
            "is_down": 0
        },
        {
            "img_url": "http://www.tingdao.org/Public/Images/Admin/Upload/15511074845c74059c1dc9a.jpg",
            "title": "告诉祂（倪柝声）",
            "add_time": "2019-02-25 23:10:34",
            "zjid": "536",
            "number": "12",
            "zjl": "5478",
            "is_down": 0
        },
        {
            "img_url": "http://www.tingdao.org/Public/Images/Admin/Upload/15510865035c73b3a7b79ab.jpg",
            "title": "信徒造就（倪柝声）",
            "add_time": "2019-02-25 17:20:56",
            "zjid": "535",
            "number": "52",
            "zjl": "29720",
            "is_down": 0
        },
        {
            "img_url": "http://www.tingdao.org/Public/Images/Admin/Upload/15336684945b69ec8ea750c.jpg",
            "title": "十二篮（倪柝声）",
            "add_time": "2018-08-08 02:55:31",
            "zjid": "63",
            "number": "155",
            "zjl": "43728",
            "is_down": 0
        }
    ],
    "dyzt": 0,
    "authortime": [
        {
            "add_time": "2018"
        },
        {
            "add_time": "2019"
        },
        {
            "add_time": "2020"
        },
        {
            "add_time": "2021"
        },
        {
            "add_time": "2022"
        }
    ],
    "tags": [
        {
            "title": "工人的装备",
            "id": "12"
        }
    ]
}