{
    "status": 1,
    "data": [
        {
            "author": "D·A·卡森",
            "user_img": "https://www.tingdao.org/Public/Images/Admin/Upload/61013a17c5627.jpg",
            "number": "5",
            "zjl": "25806",
            "lxid": "1"
        }
    ],
    "list": [
        {
            "img_url": "https://www.tingdao.org/Public/Images/Admin/Upload/61ff5c638f9a6.jpeg",
            "title": "2013年02月23日 耶路撒冷之神（D·A·卡森）",
            "add_time": "2022-02-06 13:26:34",
            "zjid": "1692",
            "number": "1",
            "zjl": "1667",
            "is_down": 0
        },
        {
            "img_url": "https://www.tingdao.org/Public/Images/Admin/Upload/61ff5a3fbfaee.jpg",
            "title": "再思解经讲道（D·A·卡森）",
            "add_time": "2022-02-06 13:16:36",
            "zjid": "1691",
            "number": "1",
            "zjl": "1383",
            "is_down": 0
        },
        {
            "img_url": "https://www.tingdao.org/Public/Images/Admin/Upload/61ff3ccb80357.jpg",
            "title": "比喻（ D·A·卡森）",
            "add_time": "2022-02-06 11:13:01",
            "zjid": "1690",
            "number": "3",
            "zjl": "1042",
            "is_down": 0
        },
        {
            "img_url": "https://www.tingdao.org/Public/Images/Admin/Upload/61ff3a7ed2e92.jpg",
            "title": "2020年特会（ D·A·卡森）",
            "add_time": "2022-02-06 10:59:24",
            "zjid": "1689",
            "number": "3",
            "zjl": "1290",
            "is_down": 0
        },
        {
            "img_url": "https://www.tingdao.org/Public/Images/Admin/Upload/61013a2571236.jpg",
            "title": "保罗的祷告（D·A·卡森）",
            "add_time": "2021-07-28 19:05:26",
            "zjid": "1573",
            "number": "74",
            "zjl": "20424",
            "is_down": 0
        }
    ],
    "dyzt": 0,
    "authortime": [
        {
            "add_time": "2021"
        },
        {
            "add_time": "2022"
        }
    ],
    "tags": []
}