{
    "status": 1,
    "data": [
        {
            "author": "约翰·加尔文",
            "user_img": "https://www.tingdao.org/Public/Images/Admin/Upload/5f60880b79af9.jpg",
            "number": "4",
            "zjl": "17816",
            "lxid": "1"
        }
    ],
    "list": [
        {
            "img_url": "https://www.tingdao.org/Public/Images/Admin/Upload/63c7f6a727fea.jpg",
            "title": "罗马书注释（约翰·加尔文）",
            "add_time": "2023-01-18 21:39:01",
            "zjid": "1844",
            "number": "17",
            "zjl": "2190",
            "is_down": 0
        },
        {
            "img_url": "https://www.tingdao.org/Public/Images/Admin/Upload/5f65b6421be27.jpg",
            "title": "基督教要义（约翰·加尔文）",
            "add_time": "2020-09-19 15:25:09",
            "zjid": "1325",
            "number": "297",
            "zjl": "9631",
            "is_down": 0
        },
        {
            "img_url": "https://www.tingdao.org/Public/Images/Admin/Upload/5f64aa4bdbd2d.jpg",
            "title": "基督徒的生活（约翰·加尔文）",
            "add_time": "2020-09-18 20:36:51",
            "zjid": "1323",
            "number": "43",
            "zjl": "3184",
            "is_down": 0
        },
        {
            "img_url": "https://www.tingdao.org/Public/Images/Admin/Upload/5f608868bd87d.jpg",
            "title": "加尔文的灵修和祈祷",
            "add_time": "2020-09-15 17:21:05",
            "zjid": "1317",
            "number": "50",
            "zjl": "2811",
            "is_down": 0
        }
    ],
    "dyzt": 0,
    "authortime": [
        {
            "add_time": "2020"
        },
        {
            "add_time": "2023"
        }
    ],
    "tags": []
}