{
    "status": 1,
    "data": [
        {
            "author": "王明道",
            "user_img": "http://www.tingdao.org/Public/Images/Admin/Upload/15629613985d28e5f64318c.jpg",
            "number": "13",
            "zjl": "58811",
            "lxid": "1"
        }
    ],
    "list": [
        {
            "img_url": "https://www.tingdao.org/Public/Images/Admin/Upload/6080e36db2112.jpg",
            "title": "《又四十年》王明道先生后半生传记",
            "add_time": "2021-04-22 10:45:21",
            "zjid": "1498",
            "number": "29",
            "zjl": "7743",
            "is_down": 0
        },
        {
            "img_url": "https://www.tingdao.org/Public/Images/Admin/Upload/5f529b1c5ae9a.jpg",
            "title": "五十年来-王明道先生自传",
            "add_time": "2020-09-05 03:51:40",
            "zjid": "1305",
            "number": "31",
            "zjl": "7273",
            "is_down": 0
        },
        {
            "img_url": "https://www.tingdao.org/Public/Images/Admin/Upload/5f51f6c0132df.jpg",
            "title": "隐密处的灵交（王明道）",
            "add_time": "2020-09-04 16:09:37",
            "zjid": "1304",
            "number": "13",
            "zjl": "5959",
            "is_down": 0
        },
        {
            "img_url": "https://www.tingdao.org/Public/Images/Admin/Upload/5f51de7c40215.jpg",
            "title": "在密云黑暗的日子（王明道）",
            "add_time": "2020-09-04 14:24:22",
            "zjid": "1303",
            "number": "20",
            "zjl": "3427",
            "is_down": 0
        },
        {
            "img_url": "https://www.tingdao.org/Public/Images/Admin/Upload/5f514914424e9.jpg",
            "title": "谨防魔鬼的诡计（王明道）",
            "add_time": "2020-09-04 03:50:18",
            "zjid": "1302",
            "number": "11",
            "zjl": "4465",
            "is_down": 0
        },
        {
            "img_url": "https://www.tingdao.org/Public/Images/Admin/Upload/5f5145a8471e3.jpg",
            "title": "写给受苦的圣徒（王明道）",
            "add_time": "2020-09-04 03:35:41",
            "zjid": "1301",
            "number": "26",
            "zjl": "3825",
            "is_down": 0
        },
        {
            "img_url": "https://www.tingdao.org/Public/Images/Admin/Upload/5f50cb9c1e778.jpg",
            "title": "正对弊端，圣徒药石（王明道）",
            "add_time": "2020-09-03 18:51:37",
            "zjid": "1300",
            "number": "17",
            "zjl": "2342",
            "is_down": 0
        },
        {
            "img_url": "https://www.tingdao.org/Public/Images/Admin/Upload/5f481d3616aa8.jpg",
            "title": "往下扎根，向上结果（王明道）",
            "add_time": "2020-08-28 04:52:32",
            "zjid": "1297",
            "number": "18",
            "zjl": "3872",
            "is_down": 0
        },
        {
            "img_url": "https://www.tingdao.org/Public/Images/Admin/Upload/5f4812f6012ca.jpg",
            "title": "前车已覆，后车之鉴（王明道）",
            "add_time": "2020-08-28 04:08:46",
            "zjid": "1296",
            "number": "20",
            "zjl": "2096",
            "is_down": 0
        },
        {
            "img_url": "https://www.tingdao.org/Public/Images/Admin/Upload/5f480969097f7.jpg",
            "title": "埋葬旧人，活出新样（王明道）",
            "add_time": "2020-08-28 03:27:53",
            "zjid": "1295",
            "number": "18",
            "zjl": "3120",
            "is_down": 0
        },
        {
            "img_url": "http://www.tingdao.org/Public/Images/Admin/Upload/15629635855d28ee812d7a7.jpg",
            "title": "管理喉舌的重要（王明道）",
            "add_time": "2019-07-13 04:31:11",
            "zjid": "876",
            "number": "12",
            "zjl": "4388",
            "is_down": 0
        },
        {
            "img_url": "http://www.tingdao.org/Public/Images/Admin/Upload/15629631145d28ecaa3901e.jpg",
            "title": "基督徒耻辱（王明道）",
            "add_time": "2019-07-13 04:22:39",
            "zjid": "875",
            "number": "10",
            "zjl": "2938",
            "is_down": 0
        },
        {
            "img_url": "http://www.tingdao.org/Public/Images/Admin/Upload/15629615105d28e6664b224.jpg",
            "title": "生活中的“小事”（王明道）",
            "add_time": "2019-07-13 03:54:54",
            "zjid": "874",
            "number": "38",
            "zjl": "7363",
            "is_down": 0
        }
    ],
    "dyzt": 0,
    "authortime": [
        {
            "add_time": "2019"
        },
        {
            "add_time": "2020"
        },
        {
            "add_time": "2021"
        }
    ],
    "tags": []
}