{
    "status": 1,
    "data": [
        {
            "author": "彭动平",
            "user_img": "http://www.tingdao.org/Public/Images/Admin/Upload/15763324605df4ecac13e24.jpg",
            "number": "60",
            "zjl": "171730",
            "lxid": "1"
        }
    ],
    "list": [
        {
            "img_url": "https://www.tingdao.org/Public/Images/Admin/Upload/66e37e4454c4b.jpg",
            "title": "2024年09月 南素里基督教会秋令会：成圣的真理和魂的救恩（彭动平）",
            "add_time": "2024-09-13 07:48:51",
            "zjid": "1975",
            "number": "3",
            "zjl": "2646",
            "is_down": 0
        },
        {
            "img_url": "https://www.tingdao.org/Public/Images/Admin/Upload/65d218940291b.jpg",
            "title": "2024年02月18日 台北满庭芳教会：教会祷告的职事（彭动平）",
            "add_time": "2024-02-18 22:47:06",
            "zjid": "1943",
            "number": "1",
            "zjl": "6164",
            "is_down": 0
        },
        {
            "img_url": "https://www.tingdao.org/Public/Images/Admin/Upload/65d1ebaa713ea.jpg",
            "title": "2024年01月21日 高雄市基督教博爱传道会：从圣经的角度看哈以战争孰是？孰非？（彭动平）",
            "add_time": "2024-02-18 19:35:27",
            "zjid": "1941",
            "number": "1",
            "zjl": "3900",
            "is_down": 0
        },
        {
            "img_url": "https://www.tingdao.org/Public/Images/Admin/Upload/652eeb83baefd.jpg",
            "title": "2023年10月15日 台湾满庭芳教会：站在人子面前（彭动平）",
            "add_time": "2023-10-18 04:14:19",
            "zjid": "1911",
            "number": "1",
            "zjl": "5959",
            "is_down": 0
        },
        {
            "img_url": "https://www.tingdao.org/Public/Images/Admin/Upload/63e8f009bcb61.jpg",
            "title": "2023年02月11-12日 高雄博爱传道会信息：事奉的真义（彭动平）",
            "add_time": "2023-02-12 21:54:18",
            "zjid": "1860",
            "number": "4",
            "zjl": "6827",
            "is_down": 0
        },
        {
            "img_url": "https://www.tingdao.org/Public/Images/Admin/Upload/63b459a9c8835.jpg",
            "title": "2023年 东区基督教会主日讲道集",
            "add_time": "2023-12-26 00:00:00",
            "zjid": "1839",
            "number": "16",
            "zjl": "20101",
            "is_down": 0
        },
        {
            "img_url": "https://www.tingdao.org/Public/Images/Admin/Upload/63604e50c16da.jpg",
            "title": "2022年10月22-24日 南素里基督教会秋令会：信心的道路-亚伯拉罕的学习（彭动平）",
            "add_time": "2022-11-01 06:35:41",
            "zjid": "1809",
            "number": "3",
            "zjl": "2702",
            "is_down": 0
        },
        {
            "img_url": "https://www.tingdao.org/Public/Images/Admin/Upload/61e635426e2cb.jpg",
            "title": "2022年 东区基督教会主日讲道集",
            "add_time": "2022-10-12 00:00:00",
            "zjid": "1678",
            "number": "21",
            "zjl": "12833",
            "is_down": 0
        },
        {
            "img_url": "https://www.tingdao.org/Public/Images/Admin/Upload/61bff536b81ea.jpg",
            "title": "2021年12月19日 新加坡主日信息：喜乐-当我们分享福音的工作时，我们会找到喜乐（彭动平）",
            "add_time": "2021-12-20 11:11:17",
            "zjid": "1662",
            "number": "1",
            "zjl": "1699",
            "is_down": 0
        },
        {
            "img_url": "https://www.tingdao.org/Public/Images/Admin/Upload/61b9953f1c067.jpg",
            "title": "2021年12月14-17日 新加坡特会：神的国近了（彭动平）",
            "add_time": "2021-12-16 15:08:54",
            "zjid": "1659",
            "number": "4",
            "zjl": "3615",
            "is_down": 0
        },
        {
            "img_url": "https://www.tingdao.org/Public/Images/Admin/Upload/6181280379841.jpg",
            "title": "2020年版 东区基督教会：基督徒属灵经历（彭动平）",
            "add_time": "2021-11-02 19:56:18",
            "zjid": "1642",
            "number": "15",
            "zjl": "4132",
            "is_down": 0
        },
        {
            "img_url": "https://www.tingdao.org/Public/Images/Admin/Upload/615fe4481862d.jpg",
            "title": "2021年 交通分享：什么是在困境中喜乐的秘诀？（彭动平）",
            "add_time": "2021-12-16 00:00:00",
            "zjid": "1609",
            "number": "2",
            "zjl": "2894",
            "is_down": 0
        },
        {
            "img_url": "https://www.tingdao.org/Public/Images/Admin/Upload/5ff2eb9867d6f.jpg",
            "title": "2021年 东区基督教会主日讲道集",
            "add_time": "2021-12-07 00:00:00",
            "zjid": "1418",
            "number": "30",
            "zjl": "7560",
            "is_down": 0
        },
        {
            "img_url": "https://www.tingdao.org/Public/Images/Admin/Upload/5f83ee82823f8.jpg",
            "title": "2020年10月09-12日 温哥华基督教会秋令会：合神心意的事奉，生命成长的操练（黄汉先，彭动平）",
            "add_time": "2020-10-14 13:39:41",
            "zjid": "1385",
            "number": "6",
            "zjl": "1723",
            "is_down": 0
        },
        {
            "img_url": "https://www.tingdao.org/Public/Images/Admin/Upload/5f3cfa8c06edf.jpeg",
            "title": "2009年06月13-14日 BCTC教会：神的道与传道的人，追求圣洁（彭动平）",
            "add_time": "2009-06-13 00:00:00",
            "zjid": "1289",
            "number": "2",
            "zjl": "725",
            "is_down": 0
        },
        {
            "img_url": "https://www.tingdao.org/Public/Images/Admin/Upload/15841876355e6cc8f391d45.jpg",
            "title": "2006年 新加坡特会：穿上新人（彭动平）",
            "add_time": "2006-03-01 00:00:00",
            "zjid": "1170",
            "number": "4",
            "zjl": "2604",
            "is_down": 0
        },
        {
            "img_url": "https://www.tingdao.org/Public/Images/Admin/Upload/15934660935efa5ced34903.jpg",
            "title": "2020年 东区基督教会主日讲道集",
            "add_time": "2020-12-21 00:00:00",
            "zjid": "1138",
            "number": "22",
            "zjl": "10013",
            "is_down": 0
        },
        {
            "img_url": "http://www.tingdao.org/Public/Images/Admin/Upload/15776406825e08e2eae62b2.jpg",
            "title": "所罗门的异象（彭动平）",
            "add_time": "2019-12-30 01:29:32",
            "zjid": "1124",
            "number": "3",
            "zjl": "1394",
            "is_down": 0
        },
        {
            "img_url": "http://www.tingdao.org/Public/Images/Admin/Upload/15776401865e08e0fad1b0a.jpg",
            "title": "属灵争战的焦点-神的见证（彭动平）",
            "add_time": "2019-12-30 01:18:19",
            "zjid": "1123",
            "number": "3",
            "zjl": "1507",
            "is_down": 0
        },
        {
            "img_url": "http://www.tingdao.org/Public/Images/Admin/Upload/15776396475e08dedfa9531.jpg",
            "title": "见证火炬的传递（彭动平）",
            "add_time": "2019-12-30 01:09:43",
            "zjid": "1122",
            "number": "3",
            "zjl": "853",
            "is_down": 0
        },
        {
            "img_url": "http://www.tingdao.org/Public/Images/Admin/Upload/15708350665da10a7a6d159.jpg",
            "title": "2013年 新年培灵特会 见证与建造（彭动平）",
            "add_time": "2013-10-01 00:00:00",
            "zjid": "1070",
            "number": "3",
            "zjl": "922",
            "is_down": 0
        },
        {
            "img_url": "http://www.tingdao.org/Public/Images/Admin/Upload/15701368985d966342e446a.jpg",
            "title": "2009年02月21-22日 温哥华特别聚会：启示录第一章1-3节（彭动平）",
            "add_time": "2009-02-21 00:00:00",
            "zjid": "1062",
            "number": "4",
            "zjl": "941",
            "is_down": 0
        },
        {
            "img_url": "http://www.tingdao.org/Public/Images/Admin/Upload/15701303075d964983a7932.jpg",
            "title": "2016年12月24-26日 温哥华冬令会：启示录在今天的意义（彭动平）",
            "add_time": "2016-12-24 00:00:00",
            "zjid": "1061",
            "number": "5",
            "zjl": "1476",
            "is_down": 0
        },
        {
            "img_url": "http://www.tingdao.org/Public/Images/Admin/Upload/15667675845d62f9e0dc6ce.jpg",
            "title": "2007年 东区基督教会：引进基督的人（彭动平）",
            "add_time": "2007-03-18 00:00:00",
            "zjid": "996",
            "number": "4",
            "zjl": "599",
            "is_down": 0
        },
        {
            "img_url": "http://www.tingdao.org/Public/Images/Admin/Upload/15660824765d5885ac00c42.jpg",
            "title": "2018年11月17-18日 南素里基督教会：福音布道会（彭动平）",
            "add_time": "2018-11-17 00:00:00",
            "zjid": "954",
            "number": "2",
            "zjl": "2886",
            "is_down": 0
        },
        {
            "img_url": "http://www.tingdao.org/Public/Images/Admin/Upload/15654385575d4eb25d2c3e9.jpg",
            "title": "我的骨肉之亲（彭动平）",
            "add_time": "2019-08-10 20:01:31",
            "zjid": "947",
            "number": "3",
            "zjl": "983",
            "is_down": 0
        },
        {
            "img_url": "http://www.tingdao.org/Public/Images/Admin/Upload/15394094885bc186500c054.jpg",
            "title": "基督徒属灵经历（旧版）（彭动平）",
            "add_time": "2018-10-13 13:43:41",
            "zjid": "376",
            "number": "16",
            "zjl": "2947",
            "is_down": 0
        },
        {
            "img_url": "http://www.tingdao.org/Public/Images/Admin/Upload/15392657255bbf54bd37046.jpg",
            "title": "2004年起：天上的异象（彭动平）",
            "add_time": "2004-03-21 00:00:00",
            "zjid": "375",
            "number": "83",
            "zjl": "2023",
            "is_down": 0
        },
        {
            "img_url": "http://www.tingdao.org/Public/Images/Admin/Upload/15392415285bbef6384979a.jpg",
            "title": "2018年 东区基督教会福音布道会（彭动平）",
            "add_time": "2018-04-21 00:00:00",
            "zjid": "373",
            "number": "2",
            "zjl": "1946",
            "is_down": 0
        },
        {
            "img_url": "http://www.tingdao.org/Public/Images/Admin/Upload/15392099335bbe7acd249e0.jpg",
            "title": "2017年11月23日 东区基督教会福音布道会：我是好牧人，好牧人为羊舍命（彭动平）",
            "add_time": "2017-11-23 00:00:00",
            "zjid": "371",
            "number": "1",
            "zjl": "1461",
            "is_down": 0
        },
        {
            "img_url": "http://www.tingdao.org/Public/Images/Admin/Upload/15392091535bbe77c19c6a5.jpg",
            "title": "2016年 东区基督教会福音布道会（彭动平）",
            "add_time": "2016-03-12 00:00:00",
            "zjid": "369",
            "number": "2",
            "zjl": "1130",
            "is_down": 0
        },
        {
            "img_url": "http://www.tingdao.org/Public/Images/Admin/Upload/15756450365dea6f6c533f5.jpg",
            "title": "2015年09月12日 东区基督教会福音布道会：天国近了，你们要悔改（彭动平）",
            "add_time": "2015-09-12 00:00:00",
            "zjid": "367",
            "number": "1",
            "zjl": "3114",
            "is_down": 0
        },
        {
            "img_url": "http://www.tingdao.org/Public/Images/Admin/Upload/15391910085bbe30e01896a.jpg",
            "title": "2014年07月04-06日 东区基督教会夏令会：你们要作我的见证(使徒行传 1：8)（彭动平）",
            "add_time": "2014-07-04 00:00:00",
            "zjid": "364",
            "number": "3",
            "zjl": "390",
            "is_down": 0
        },
        {
            "img_url": "http://www.tingdao.org/Public/Images/Admin/Upload/15391906035bbe2f4b54501.jpg",
            "title": "2013年07月04-06日 东区基督教会夏令会（彭动平）",
            "add_time": "2013-07-04 00:00:00",
            "zjid": "363",
            "number": "3",
            "zjl": "360",
            "is_down": 0
        },
        {
            "img_url": "http://www.tingdao.org/Public/Images/Admin/Upload/15391244675bbd2cf38d9fd.jpg",
            "title": "2010年07月03-04日 东区基督教会夏令会：基督身体的建造（彭动平，Daniel陈）",
            "add_time": "2010-07-03 00:00:00",
            "zjid": "361",
            "number": "4",
            "zjl": "389",
            "is_down": 0
        },
        {
            "img_url": "http://www.tingdao.org/Public/Images/Admin/Upload/15391239235bbd2ad3df146.jpg",
            "title": "2009年09月04-05日：东区基督教会夏令会：教会的传承（彭动平）",
            "add_time": "2009-09-04 00:00:00",
            "zjid": "360",
            "number": "3",
            "zjl": "356",
            "is_down": 0
        },
        {
            "img_url": "http://www.tingdao.org/Public/Images/Admin/Upload/15385702815bb4b8296bc43.jpg",
            "title": "神作工的原则（彭动平）",
            "add_time": "2018-10-03 20:37:06",
            "zjid": "355",
            "number": "10",
            "zjl": "1279",
            "is_down": 0
        },
        {
            "img_url": "http://www.tingdao.org/Public/Images/Admin/Upload/15384858085bb36e30d7708.jpg",
            "title": "祭司的国度（彭动平）",
            "add_time": "2018-10-02 21:08:29",
            "zjid": "353",
            "number": "8",
            "zjl": "730",
            "is_down": 0
        },
        {
            "img_url": "http://www.tingdao.org/Public/Images/Admin/Upload/15377268065ba7d9562074c.jpg",
            "title": "以西结书（彭动平）",
            "add_time": "2018-09-24 02:17:58",
            "zjid": "335",
            "number": "5",
            "zjl": "880",
            "is_down": 0
        },
        {
            "img_url": "http://www.tingdao.org/Public/Images/Admin/Upload/15377261845ba7d6e86211b.jpg",
            "title": "希伯来书（彭动平）",
            "add_time": "2018-09-24 02:08:39",
            "zjid": "334",
            "number": "13",
            "zjl": "1274",
            "is_down": 0
        },
        {
            "img_url": "http://www.tingdao.org/Public/Images/Admin/Upload/15756450795dea6f97062a9.jpg",
            "title": "歌罗西书-神的奥秘就是基督（彭动平）",
            "add_time": "2018-09-24 01:51:49",
            "zjid": "333",
            "number": "4",
            "zjl": "955",
            "is_down": 0
        },
        {
            "img_url": "http://www.tingdao.org/Public/Images/Admin/Upload/15377238215ba7cdade6cfb.jpg",
            "title": "创世记讲道系列一（彭动平）",
            "add_time": "2018-09-24 01:29:46",
            "zjid": "332",
            "number": "13",
            "zjl": "1224",
            "is_down": 0
        },
        {
            "img_url": "http://www.tingdao.org/Public/Images/Admin/Upload/15377082565ba790e08690d.jpg",
            "title": "创世记讲道系列二（彭动平）",
            "add_time": "2018-09-23 21:09:51",
            "zjid": "331",
            "number": "8",
            "zjl": "677",
            "is_down": 0
        },
        {
            "img_url": "http://www.tingdao.org/Public/Images/Admin/Upload/15377076335ba78e71d57fd.jpg",
            "title": "2015年10月：日期近了（彭动平）",
            "add_time": "2015-10-01 00:00:00",
            "zjid": "330",
            "number": "4",
            "zjl": "726",
            "is_down": 0
        },
        {
            "img_url": "http://www.tingdao.org/Public/Images/Admin/Upload/15377069245ba78baca7fa7.jpg",
            "title": "2001年：但以理书（彭动平）",
            "add_time": "2001-12-12 00:00:00",
            "zjid": "329",
            "number": "11",
            "zjl": "7745",
            "is_down": 0
        },
        {
            "img_url": "http://www.tingdao.org/Public/Images/Admin/Upload/15376224535ba641b58d011.jpg",
            "title": "罗马书（彭动平）",
            "add_time": "2018-09-22 21:19:59",
            "zjid": "328",
            "number": "15",
            "zjl": "2604",
            "is_down": 0
        },
        {
            "img_url": "http://www.tingdao.org/Public/Images/Admin/Upload/15376206775ba63ac53be96.jpg",
            "title": "使徒行传（彭动平）",
            "add_time": "2018-09-22 20:50:32",
            "zjid": "327",
            "number": "14",
            "zjl": "1403",
            "is_down": 0
        },
        {
            "img_url": "http://www.tingdao.org/Public/Images/Admin/Upload/15756451265dea6fc66c644.jpg",
            "title": "约翰福音（彭动平）",
            "add_time": "2018-09-21 01:19:12",
            "zjid": "324",
            "number": "23",
            "zjl": "2174",
            "is_down": 0
        },
        {
            "img_url": "http://www.tingdao.org/Public/Images/Admin/Upload/15374629035ba3d2777ffb0.jpg",
            "title": "路加福音（彭动平）",
            "add_time": "2018-09-21 00:59:09",
            "zjid": "323",
            "number": "29",
            "zjl": "2595",
            "is_down": 0
        },
        {
            "img_url": "http://www.tingdao.org/Public/Images/Admin/Upload/15756451695dea6ff18a61c.jpg",
            "title": "马可福音（彭动平）",
            "add_time": "2018-09-20 21:30:21",
            "zjid": "322",
            "number": "18",
            "zjl": "1294",
            "is_down": 0
        },
        {
            "img_url": "http://www.tingdao.org/Public/Images/Admin/Upload/15373765085ba280fc86cf8.jpg",
            "title": "2011年：基督徒的属灵经历（彭动平）",
            "add_time": "2011-09-01 00:00:00",
            "zjid": "320",
            "number": "16",
            "zjl": "2989",
            "is_down": 0
        },
        {
            "img_url": "http://www.tingdao.org/Public/Images/Admin/Upload/15373637085ba24efca2638.jpg",
            "title": "马太福音（彭动平）",
            "add_time": "2018-09-19 21:25:07",
            "zjid": "319",
            "number": "19",
            "zjl": "6311",
            "is_down": 0
        },
        {
            "img_url": "http://www.tingdao.org/Public/Images/Admin/Upload/15372888735ba12aa977083.jpg",
            "title": "基要真理（彭动平）",
            "add_time": "2018-09-19 00:39:20",
            "zjid": "317",
            "number": "21",
            "zjl": "3677",
            "is_down": 0
        },
        {
            "img_url": "http://www.tingdao.org/Public/Images/Admin/Upload/15372230375ba0297d8f389.jpg",
            "title": "彭动平弟兄单独一堂讲道集",
            "add_time": "2020-08-04 00:00:00",
            "zjid": "313",
            "number": "6",
            "zjl": "1300",
            "is_down": 0
        },
        {
            "img_url": "http://www.tingdao.org/Public/Images/Admin/Upload/15353975945b844eda339e3.jpg",
            "title": "2017年12月23日 悉尼基督徒聚会处：“新妇自己预备好了” – 约翰拔摩海岛的异象（彭动平）",
            "add_time": "2017-12-23 00:00:00",
            "zjid": "222",
            "number": "7",
            "zjl": "4233",
            "is_down": 0
        },
        {
            "img_url": "http://www.tingdao.org/Public/Images/Admin/Upload/15332791565b63fbb474ce3.jpg",
            "title": "2018年04月04-06日 基督学房圣经真理讲座：再思天国近了﹝V﹞（彭动平弟兄）",
            "add_time": "2018-08-03 14:52:37",
            "zjid": "45",
            "number": "3",
            "zjl": "2291",
            "is_down": 0
        },
        {
            "img_url": "http://www.tingdao.org/Public/Images/Admin/Upload/15332790635b63fb57de1bf.jpg",
            "title": "2014年04月23-25日 基督学房圣经真理讲座：再思天国近了﹝IV﹞（彭动平弟兄）",
            "add_time": "2014-04-23 00:00:00",
            "zjid": "44",
            "number": "3",
            "zjl": "890",
            "is_down": 0
        },
        {
            "img_url": "http://www.tingdao.org/Public/Images/Admin/Upload/15332789755b63faffccde5.jpg",
            "title": "2013年01月09-11日 基督学房圣经真理讲座：再思天国近了﹝III﹞（彭动平弟兄）",
            "add_time": "2013-01-09 00:00:00",
            "zjid": "43",
            "number": "3",
            "zjl": "705",
            "is_down": 0
        },
        {
            "img_url": "http://www.tingdao.org/Public/Images/Admin/Upload/15332789135b63fac16cba3.jpg",
            "title": "2012年04月11-13日 基督学房圣经真理讲座：再思天国近了﹝II﹞（彭动平弟兄）",
            "add_time": "2012-04-11 00:00:00",
            "zjid": "42",
            "number": "3",
            "zjl": "681",
            "is_down": 0
        },
        {
            "img_url": "http://www.tingdao.org/Public/Images/Admin/Upload/15326226555b59f73f304a5.jpg",
            "title": "2011年04月27-29日 基督学房圣经真理讲座：再思天国近了﹝I﹞（彭动平弟兄）",
            "add_time": "2011-04-27 00:00:00",
            "zjid": "25",
            "number": "3",
            "zjl": "1319",
            "is_down": 0
        }
    ],
    "dyzt": 0,
    "authortime": [
        {
            "add_time": "2011"
        },
        {
            "add_time": "2012"
        },
        {
            "add_time": "2013"
        },
        {
            "add_time": "2014"
        },
        {
            "add_time": "2018"
        },
        {
            "add_time": "2017"
        },
        {
            "add_time": "2020"
        },
        {
            "add_time": "2001"
        },
        {
            "add_time": "2015"
        },
        {
            "add_time": "2009"
        },
        {
            "add_time": "2010"
        },
        {
            "add_time": "2016"
        },
        {
            "add_time": "2004"
        },
        {
            "add_time": "2019"
        },
        {
            "add_time": "2007"
        },
        {
            "add_time": "2006"
        },
        {
            "add_time": "2021"
        },
        {
            "add_time": "2022"
        },
        {
            "add_time": "2023"
        },
        {
            "add_time": "2024"
        }
    ],
    "tags": [
        {
            "title": "圣经经卷详解",
            "id": "5"
        },
        {
            "title": "单独一堂讲道系列",
            "id": "6"
        },
        {
            "title": "基督学房",
            "id": "10"
        },
        {
            "title": "东区基督教会历年主日讲道集",
            "id": "17"
        }
    ]
}