{
    "status": 1,
    "data": [
        {
            "author": "奥斯瓦尔德·章伯斯",
            "user_img": "https://www.tingdao.org/Public/Images/Admin/Upload/5f6640fcd379c.jpg",
            "number": "12",
            "zjl": "11838",
            "lxid": "1"
        }
    ],
    "list": [
        {
            "img_url": "https://www.tingdao.org/Public/Images/Admin/Upload/5f67706808ccc.jpg",
            "title": "竭诚为主-十二月合辑（奥斯瓦尔德·章伯斯）",
            "add_time": "2020-07-01 00:00:00",
            "zjid": "1337",
            "number": "31",
            "zjl": "2286",
            "is_down": 0
        },
        {
            "img_url": "https://www.tingdao.org/Public/Images/Admin/Upload/5f676bd21bc9c.jpg",
            "title": "竭诚为主-十一月合辑（奥斯瓦尔德·章伯斯）",
            "add_time": "2020-07-01 00:00:00",
            "zjid": "1336",
            "number": "30",
            "zjl": "829",
            "is_down": 0
        },
        {
            "img_url": "https://www.tingdao.org/Public/Images/Admin/Upload/5f6767ca19b9c.jpg",
            "title": "竭诚为主-十月合辑（奥斯瓦尔德·章伯斯）",
            "add_time": "2020-07-01 00:00:00",
            "zjid": "1335",
            "number": "30",
            "zjl": "740",
            "is_down": 0
        },
        {
            "img_url": "https://www.tingdao.org/Public/Images/Admin/Upload/5f676236a8a8c.jpg",
            "title": "竭诚为主-九月合辑（奥斯瓦尔德·章伯斯）",
            "add_time": "2020-07-01 00:00:00",
            "zjid": "1334",
            "number": "30",
            "zjl": "742",
            "is_down": 0
        },
        {
            "img_url": "https://www.tingdao.org/Public/Images/Admin/Upload/5f674e7f70a31.jpg",
            "title": "竭诚为主-八月合辑（奥斯瓦尔德·章伯斯）",
            "add_time": "2020-07-01 00:00:00",
            "zjid": "1333",
            "number": "31",
            "zjl": "790",
            "is_down": 0
        },
        {
            "img_url": "https://www.tingdao.org/Public/Images/Admin/Upload/5f674997412ca.jpg",
            "title": "竭诚为主-七月合辑（奥斯瓦尔德·章伯斯）",
            "add_time": "2020-07-01 00:00:00",
            "zjid": "1332",
            "number": "31",
            "zjl": "837",
            "is_down": 0
        },
        {
            "img_url": "https://www.tingdao.org/Public/Images/Admin/Upload/5f66c5ecf2481.jpg",
            "title": "竭诚为主-六月合辑（奥斯瓦尔德·章伯斯）",
            "add_time": "2020-07-01 00:00:00",
            "zjid": "1331",
            "number": "30",
            "zjl": "629",
            "is_down": 0
        },
        {
            "img_url": "https://www.tingdao.org/Public/Images/Admin/Upload/5f66c1bc98ab6.jpg",
            "title": "竭诚为主-五月合辑（奥斯瓦尔德·章伯斯）",
            "add_time": "2020-07-01 00:00:00",
            "zjid": "1330",
            "number": "31",
            "zjl": "654",
            "is_down": 0
        },
        {
            "img_url": "https://www.tingdao.org/Public/Images/Admin/Upload/5f667fec35033.jpg",
            "title": "竭诚为主-四月合辑（奥斯瓦尔德·章伯斯）",
            "add_time": "2020-07-01 00:00:00",
            "zjid": "1329",
            "number": "30",
            "zjl": "661",
            "is_down": 0
        },
        {
            "img_url": "https://www.tingdao.org/Public/Images/Admin/Upload/5f66792e1c3a4.jpg",
            "title": "竭诚为主-三月合辑（奥斯瓦尔德·章伯斯）",
            "add_time": "2020-07-01 00:00:00",
            "zjid": "1328",
            "number": "31",
            "zjl": "691",
            "is_down": 0
        },
        {
            "img_url": "https://www.tingdao.org/Public/Images/Admin/Upload/5f6671d78a0a3.jpg",
            "title": "竭诚为主-二月合辑（奥斯瓦尔德·章伯斯）",
            "add_time": "2020-07-01 00:00:00",
            "zjid": "1327",
            "number": "29",
            "zjl": "788",
            "is_down": 0
        },
        {
            "img_url": "https://www.tingdao.org/Public/Images/Admin/Upload/5f6641066c999.jpg",
            "title": "竭诚为主-一月合辑（奥斯瓦尔德·章伯斯）",
            "add_time": "2020-09-20 01:32:31",
            "zjid": "1326",
            "number": "31",
            "zjl": "2191",
            "is_down": 0
        }
    ],
    "dyzt": 0,
    "authortime": [
        {
            "add_time": "2020"
        }
    ],
    "tags": []
}