{
    "status": 1,
    "data": [
        {
            "author": "王国显",
            "user_img": "http://www.tingdao.org/Public/Images/Admin/Upload/15699623545d93b97222160.jpg",
            "number": "51",
            "zjl": "220704",
            "lxid": "1"
        }
    ],
    "list": [
        {
            "img_url": "https://www.tingdao.org/Public/Images/Admin/Upload/6334b6ad6cf54.jpg",
            "title": "2011年 哥林多前书（王国显）",
            "add_time": "2022-09-29 05:00:41",
            "zjid": "1796",
            "number": "20",
            "zjl": "6857",
            "is_down": 0
        },
        {
            "img_url": "https://www.tingdao.org/Public/Images/Admin/Upload/6326b96c86f6c.jpg",
            "title": "2009年 约翰福音（王国显）",
            "add_time": "2022-09-18 14:22:06",
            "zjid": "1792",
            "number": "24",
            "zjl": "4880",
            "is_down": 0
        },
        {
            "img_url": "https://www.tingdao.org/Public/Images/Admin/Upload/6326b4cc05139.jpg",
            "title": "1991-1992年 马太福音（王国显）",
            "add_time": "2022-09-18 14:00:54",
            "zjid": "1791",
            "number": "45",
            "zjl": "4802",
            "is_down": 0
        },
        {
            "img_url": "https://www.tingdao.org/Public/Images/Admin/Upload/632631233d70c.jpg",
            "title": "1999-2000年 马可福音（王国显）",
            "add_time": "2022-09-18 04:38:41",
            "zjid": "1790",
            "number": "23",
            "zjl": "1625",
            "is_down": 0
        },
        {
            "img_url": "https://www.tingdao.org/Public/Images/Admin/Upload/6325a6a08aa4d.jpg",
            "title": "2015年 圣布鲁诺教会：以西结书（王国显）",
            "add_time": "2022-09-17 18:47:08",
            "zjid": "1789",
            "number": "22",
            "zjl": "1305",
            "is_down": 0
        },
        {
            "img_url": "https://www.tingdao.org/Public/Images/Admin/Upload/632564c4cc98a.jpg",
            "title": "2013-2014年 圣布鲁诺教会：约伯记（王国显）",
            "add_time": "2022-09-17 14:06:49",
            "zjid": "1788",
            "number": "12",
            "zjl": "1172",
            "is_down": 0
        },
        {
            "img_url": "https://www.tingdao.org/Public/Images/Admin/Upload/6324ee1fbd3ff.jpg",
            "title": "2013年11月09-10日 圣布鲁诺教会：从约伯记看神的救赎计划（王国显）",
            "add_time": "2022-09-17 05:43:39",
            "zjid": "1787",
            "number": "2",
            "zjl": "1213",
            "is_down": 0
        },
        {
            "img_url": "https://www.tingdao.org/Public/Images/Admin/Upload/61dd8b9765005.jpg",
            "title": "在基督里长进（王国显）姐妹朗读版",
            "add_time": "2022-01-11 21:52:01",
            "zjid": "1674",
            "number": "44",
            "zjl": "100012",
            "is_down": 0
        },
        {
            "img_url": "https://www.tingdao.org/Public/Images/Admin/Upload/61ce72daa257a.jpg",
            "title": "1999年10月 查经：犹大书（王国显）",
            "add_time": "2021-12-31 11:02:03",
            "zjid": "1668",
            "number": "1",
            "zjl": "1830",
            "is_down": 0
        },
        {
            "img_url": "https://www.tingdao.org/Public/Images/Admin/Upload/6181f25e0893d.jpg",
            "title": "《要在主里同心──腓立比书读经札记》（王国显）",
            "add_time": "2021-11-02 15:54:43",
            "zjid": "1641",
            "number": "16",
            "zjl": "4869",
            "is_down": 0
        },
        {
            "img_url": "https://www.tingdao.org/Public/Images/Admin/Upload/60bed9465afc5.jpg",
            "title": "2007-2008年 圣布鲁诺教会：以赛亚书（王国显）",
            "add_time": "2021-06-08 10:40:35",
            "zjid": "1527",
            "number": "43",
            "zjl": "1869",
            "is_down": 0
        },
        {
            "img_url": "https://www.tingdao.org/Public/Images/Admin/Upload/60bded8675edf.jpg",
            "title": "2014年 圣布鲁诺教会：圣经都是神所默示的（王国显）",
            "add_time": "2021-06-07 17:53:42",
            "zjid": "1526",
            "number": "12",
            "zjl": "1120",
            "is_down": 0
        },
        {
            "img_url": "https://www.tingdao.org/Public/Images/Admin/Upload/60bde35cd18a1.jpg",
            "title": "2013-2014年 圣布鲁诺教会周五圣经学习：出埃及记（王国显）",
            "add_time": "2021-06-07 17:04:33",
            "zjid": "1525",
            "number": "42",
            "zjl": "1805",
            "is_down": 0
        },
        {
            "img_url": "https://www.tingdao.org/Public/Images/Admin/Upload/60bdd306ef2e6.jpg",
            "title": "2018年 圣布鲁诺教会周五圣经学习：罗马书（王国显）",
            "add_time": "2021-06-07 16:00:38",
            "zjid": "1524",
            "number": "25",
            "zjl": "1867",
            "is_down": 0
        },
        {
            "img_url": "https://www.tingdao.org/Public/Images/Admin/Upload/602161e5883fa.jpg",
            "title": "在基督里长进（王国显）",
            "add_time": "2021-02-09 00:02:44",
            "zjid": "1452",
            "number": "44",
            "zjl": "32848",
            "is_down": 0
        },
        {
            "img_url": "https://www.tingdao.org/Public/Images/Admin/Upload/5f5344062d9d6.jpg",
            "title": "1979年12月 南安普顿华人基督徒团契：神的心意（王国显）（英粤语）",
            "add_time": "1979-12-01 00:00:00",
            "zjid": "1307",
            "number": "6",
            "zjl": "695",
            "is_down": 0
        },
        {
            "img_url": "https://www.tingdao.org/Public/Images/Admin/Upload/15976056105f3986eabbf46.jpg",
            "title": "如何活在新约里（王国显）",
            "add_time": "2020-08-17 03:19:37",
            "zjid": "1288",
            "number": "6",
            "zjl": "1721",
            "is_down": 0
        },
        {
            "img_url": "https://www.tingdao.org/Public/Images/Admin/Upload/15890587995eb71cefab5b2.jpg",
            "title": "2020年 圣布鲁诺教会：传道书（王国显）",
            "add_time": "2020-06-14 00:00:00",
            "zjid": "1226",
            "number": "7",
            "zjl": "2153",
            "is_down": 0
        },
        {
            "img_url": "https://www.tingdao.org/Public/Images/Admin/Upload/15864274695e8ef64d2e743.jpg",
            "title": "新约中见证的传承（王国显）",
            "add_time": "2020-04-09 18:16:17",
            "zjid": "1200",
            "number": "2",
            "zjl": "847",
            "is_down": 0
        },
        {
            "img_url": "http://www.tingdao.org/Public/Images/Admin/Upload/15478498315c425067ad96b.jpg",
            "title": "王国显弟兄单独一堂讲道集",
            "add_time": "2020-04-09 00:00:00",
            "zjid": "493",
            "number": "13",
            "zjl": "3236",
            "is_down": 0
        },
        {
            "img_url": "http://www.tingdao.org/Public/Images/Admin/Upload/15700333445d94cec0c29e3.jpg",
            "title": "神最大的喜乐（王国显）",
            "add_time": "2019-10-03 00:21:17",
            "zjid": "1059",
            "number": "2",
            "zjl": "1361",
            "is_down": 0
        },
        {
            "img_url": "http://www.tingdao.org/Public/Images/Admin/Upload/15699538735d939851c011d.jpg",
            "title": "雅歌（王国显）",
            "add_time": "2019-10-02 02:16:16",
            "zjid": "1058",
            "number": "20",
            "zjl": "1923",
            "is_down": 0
        },
        {
            "img_url": "http://www.tingdao.org/Public/Images/Admin/Upload/15698721245d9258fc502e9.jpg",
            "title": "顺服神的命定（王国显）",
            "add_time": "2019-10-01 03:33:01",
            "zjid": "1056",
            "number": "5",
            "zjl": "1721",
            "is_down": 0
        },
        {
            "img_url": "http://www.tingdao.org/Public/Images/Admin/Upload/15691871505d87e54e82b97.jpg",
            "title": "模成耶稣基督的样式（王国显）",
            "add_time": "2019-09-23 05:18:13",
            "zjid": "1053",
            "number": "4",
            "zjl": "1061",
            "is_down": 0
        },
        {
            "img_url": "http://www.tingdao.org/Public/Images/Admin/Upload/15691864705d87e2a67d13e.jpg",
            "title": "创世记（王国显）",
            "add_time": "2019-09-23 05:06:08",
            "zjid": "1052",
            "number": "24",
            "zjl": "2824",
            "is_down": 0
        },
        {
            "img_url": "http://www.tingdao.org/Public/Images/Admin/Upload/15584441155ce3f853a4416.jpg",
            "title": "1994年05月27-29日 佛州华人基督徒夏令退修会：作神的见证人-以利亚（王国显）",
            "add_time": "1994-05-27 00:00:00",
            "zjid": "826",
            "number": "5",
            "zjl": "754",
            "is_down": 0
        },
        {
            "img_url": "http://www.tingdao.org/Public/Images/Admin/Upload/15577640635cd997df11125.jpg",
            "title": "2014年06月13-15日 温哥华基督教会特会信息：从约伯记看神的救赎计划（王国显）",
            "add_time": "2014-06-13 00:00:00",
            "zjid": "798",
            "number": "4",
            "zjl": "646",
            "is_down": 0
        },
        {
            "img_url": "http://www.tingdao.org/Public/Images/Admin/Upload/15577633985cd9954678ce1.jpg",
            "title": "2012年09月28-30日 温哥华基督教会特会信息：他们唱新歌（王国显）",
            "add_time": "2012-09-28 00:00:00",
            "zjid": "797",
            "number": "3",
            "zjl": "461",
            "is_down": 0
        },
        {
            "img_url": "http://www.tingdao.org/Public/Images/Admin/Upload/15577630395cd993dfedde0.jpg",
            "title": "2010年07月01-04日 温哥华基督教会夏令会（王国显）",
            "add_time": "2010-07-01 00:00:00",
            "zjid": "796",
            "number": "6",
            "zjl": "437",
            "is_down": 0
        },
        {
            "img_url": "http://www.tingdao.org/Public/Images/Admin/Upload/15560210935cbeff659e74d.jpg",
            "title": "1999年11月 列治文平安福音堂信息（王国显）",
            "add_time": "1999-11-20 00:00:00",
            "zjid": "744",
            "number": "4",
            "zjl": "596",
            "is_down": 0
        },
        {
            "img_url": "http://www.tingdao.org/Public/Images/Admin/Upload/15545021335ca7d1f53ecf3.jpg",
            "title": "2014年10月31日-11月02日 纽瓦克基督徒聚会周末特会：道路，真理，生命（王国显）",
            "add_time": "2014-10-31 00:00:00",
            "zjid": "673",
            "number": "3",
            "zjl": "561",
            "is_down": 0
        },
        {
            "img_url": "http://www.tingdao.org/Public/Images/Admin/Upload/15545017335ca7d065bdca7.jpg",
            "title": "2013年11月01-03日 纽瓦克基督徒聚会周末特会：从约翰一书看基督徒生命的成长（王国显）",
            "add_time": "2013-11-01 00:00:00",
            "zjid": "672",
            "number": "4",
            "zjl": "622",
            "is_down": 0
        },
        {
            "img_url": "http://www.tingdao.org/Public/Images/Admin/Upload/15545012665ca7ce92697b6.jpg",
            "title": "2012年10月19-21日 持守基督的得胜（王国显）",
            "add_time": "2012-10-19 00:00:00",
            "zjid": "671",
            "number": "3",
            "zjl": "542",
            "is_down": 0
        },
        {
            "img_url": "http://www.tingdao.org/Public/Images/Admin/Upload/15545007525ca7cc9086fb0.jpg",
            "title": "2011年11月18-20日 纽瓦克基督徒聚会周末特会：启示录第五章（王国显）",
            "add_time": "2011-11-18 00:00:00",
            "zjid": "670",
            "number": "4",
            "zjl": "4255",
            "is_down": 0
        },
        {
            "img_url": "http://www.tingdao.org/Public/Images/Admin/Upload/15544888485ca79e10e0d62.jpg",
            "title": "2008年10月17-19日 纽瓦克基督徒聚会周末特会：歌罗西书（王国显）",
            "add_time": "2008-10-17 00:00:00",
            "zjid": "669",
            "number": "5",
            "zjl": "621",
            "is_down": 0
        },
        {
            "img_url": "http://www.tingdao.org/Public/Images/Admin/Upload/15544854435ca790c3ce1e3.jpg",
            "title": "2005-2006年 纽瓦克基督徒聚会周末特会：以弗所书（王国显）",
            "add_time": "2005-10-14 00:00:00",
            "zjid": "668",
            "number": "8",
            "zjl": "992",
            "is_down": 0
        },
        {
            "img_url": "http://www.tingdao.org/Public/Images/Admin/Upload/15544847715ca78e23a4fe1.jpg",
            "title": "2004年10月15-17日 纽瓦克基督徒聚会周末特会：向着标杆直跑（王国显）",
            "add_time": "2004-10-15 00:00:00",
            "zjid": "667",
            "number": "4",
            "zjl": "437",
            "is_down": 0
        },
        {
            "img_url": "http://www.tingdao.org/Public/Images/Admin/Upload/15506936975c6db5417b048.jpg",
            "title": "2016-2017年：诗篇（1-150篇）（王国显）",
            "add_time": "2016-04-12 00:00:00",
            "zjid": "531",
            "number": "55",
            "zjl": "2766",
            "is_down": 0
        },
        {
            "img_url": "http://www.tingdao.org/Public/Images/Admin/Upload/15505072265c6adcda5f985.jpg",
            "title": "2019年 圣布鲁诺教会：箴言（王国显）",
            "add_time": "2019-09-21 00:00:00",
            "zjid": "502",
            "number": "13",
            "zjl": "1546",
            "is_down": 0
        },
        {
            "img_url": "http://www.tingdao.org/Public/Images/Admin/Upload/15712319095da718a559a0b.jpg",
            "title": "2011年 基督学房特会：你们得在基督耶稣里、是本乎神（王国显）",
            "add_time": "2019-10-16 21:17:12",
            "zjid": "1082",
            "number": "3",
            "zjl": "794",
            "is_down": 0
        },
        {
            "img_url": "http://www.tingdao.org/Public/Images/Admin/Upload/15371256705b9ead26142d0.jpg",
            "title": "1999年05月29-30日 作活祭（王国显）",
            "add_time": "1999-05-29 00:00:00",
            "zjid": "309",
            "number": "6",
            "zjl": "613",
            "is_down": 0
        },
        {
            "img_url": "http://www.tingdao.org/Public/Images/Admin/Upload/15369453275b9becafb185a.jpg",
            "title": "启示录（王国显）",
            "add_time": "2018-09-15 01:14:17",
            "zjid": "299",
            "number": "49",
            "zjl": "7673",
            "is_down": 0
        },
        {
            "img_url": "http://www.tingdao.org/Public/Images/Admin/Upload/15369439405b9be74444a6b.jpg",
            "title": "从神与人立约看属灵追求（王国显）",
            "add_time": "2018-09-15 00:51:27",
            "zjid": "298",
            "number": "5",
            "zjl": "789",
            "is_down": 0
        },
        {
            "img_url": "http://www.tingdao.org/Public/Images/Admin/Upload/15369436585b9be62a80c9a.jpg",
            "title": "2007年：玛拉基书（王国显）",
            "add_time": "2007-01-09 00:00:00",
            "zjid": "297",
            "number": "5",
            "zjl": "1859",
            "is_down": 0
        },
        {
            "img_url": "http://www.tingdao.org/Public/Images/Admin/Upload/15369434675b9be56bea26a.jpg",
            "title": "2003年：路得记（王国显）",
            "add_time": "2003-02-18 00:00:00",
            "zjid": "296",
            "number": "8",
            "zjl": "1052",
            "is_down": 0
        },
        {
            "img_url": "http://www.tingdao.org/Public/Images/Admin/Upload/15369309685b9bb498c6d47.jpg",
            "title": "2005年：历代志下（王国显）",
            "add_time": "2005-12-06 00:00:00",
            "zjid": "295",
            "number": "18",
            "zjl": "741",
            "is_down": 0
        },
        {
            "img_url": "http://www.tingdao.org/Public/Images/Admin/Upload/15369235725b9b97b471136.jpg",
            "title": "2005年：历代志上（王国显）",
            "add_time": "2005-09-13 00:00:00",
            "zjid": "294",
            "number": "10",
            "zjl": "836",
            "is_down": 0
        },
        {
            "img_url": "http://www.tingdao.org/Public/Images/Admin/Upload/15369230735b9b95c198625.jpg",
            "title": "2007年：何西阿书（王国显）",
            "add_time": "2007-03-06 00:00:00",
            "zjid": "293",
            "number": "12",
            "zjl": "1008",
            "is_down": 0
        },
        {
            "img_url": "http://www.tingdao.org/Public/Images/Admin/Upload/15367914105b9993721ef2c.jpg",
            "title": "2006年：阿摩斯书（王国显）",
            "add_time": "2006-10-24 00:00:00",
            "zjid": "292",
            "number": "9",
            "zjl": "877",
            "is_down": 0
        },
        {
            "img_url": "http://www.tingdao.org/Public/Images/Admin/Upload/15355222135b8635a584f53.jpg",
            "title": "2003年：耶利米书（王国显）",
            "add_time": "2003-04-15 00:00:00",
            "zjid": "228",
            "number": "35",
            "zjl": "1233",
            "is_down": 0
        },
        {
            "img_url": "http://www.tingdao.org/Public/Images/Admin/Upload/15326241135b59fcf17111b.jpg",
            "title": "使徒行传-“你们作我的见证”（王国显）",
            "add_time": "2018-07-27 00:55:18",
            "zjid": "26",
            "number": "29",
            "zjl": "2377",
            "is_down": 0
        }
    ],
    "dyzt": 0,
    "authortime": [
        {
            "add_time": "2018"
        },
        {
            "add_time": "2003"
        },
        {
            "add_time": "2006"
        },
        {
            "add_time": "2007"
        },
        {
            "add_time": "2005"
        },
        {
            "add_time": "1999"
        },
        {
            "add_time": "2020"
        },
        {
            "add_time": "2019"
        },
        {
            "add_time": "2016"
        },
        {
            "add_time": "2004"
        },
        {
            "add_time": "2008"
        },
        {
            "add_time": "2011"
        },
        {
            "add_time": "2012"
        },
        {
            "add_time": "2013"
        },
        {
            "add_time": "2014"
        },
        {
            "add_time": "2010"
        },
        {
            "add_time": "1994"
        },
        {
            "add_time": "1979"
        },
        {
            "add_time": "2021"
        },
        {
            "add_time": "2022"
        }
    ],
    "tags": [
        {
            "title": "圣经经卷详解",
            "id": "5"
        },
        {
            "title": "单独一堂讲道系列",
            "id": "6"
        },
        {
            "title": "基督学房",
            "id": "10"
        }
    ]
}