{
    "status": 1,
    "data": [
        {
            "author": "宋尚节",
            "user_img": "https://www.tingdao.orghttp://www.tingdao.org/Public/Images/Admin/Upload/15583893135ce32241bfd8a.jpg",
            "number": "2",
            "zjl": "48884",
            "lxid": "1"
        }
    ],
    "list": [
        {
            "img_url": "https://www.tingdao.org/Public/Images/Admin/Upload/5f77c32a64896.jpg",
            "title": "宋尚节讲道集",
            "add_time": "2020-10-03 08:16:45",
            "zjid": "1381",
            "number": "13",
            "zjl": "32212",
            "is_down": 0
        },
        {
            "img_url": "https://www.tingdao.org/Public/Images/Admin/Upload/15848886625e777b563632e.jpg",
            "title": "宋尚节传",
            "add_time": "2020-03-22 22:50:16",
            "zjid": "1184",
            "number": "22",
            "zjl": "16672",
            "is_down": 0
        }
    ],
    "dyzt": 0,
    "authortime": [
        {
            "add_time": "2020"
        }
    ],
    "tags": []
}