{
    "status": 1,
    "data": [
        {
            "author": "喻马可",
            "user_img": "http://www.tingdao.org/Public/Images/Admin/Upload/15709845555da3526b55d27.jpg",
            "number": "15",
            "zjl": "77560",
            "lxid": "1"
        }
    ],
    "list": [
        {
            "img_url": "https://www.tingdao.org/Public/Images/Admin/Upload/65887e69a8906.jpg",
            "title": "2023年12月23日 爱人不可虚假（罗12：9-16） 喻马可",
            "add_time": "2023-12-25 02:51:17",
            "zjid": "1925",
            "number": "1",
            "zjl": "2348",
            "is_down": 0
        },
        {
            "img_url": "https://www.tingdao.org/Public/Images/Admin/Upload/6449af4367a79.jpg",
            "title": "2023年04月07-08日 ECTC教会福音聚会：来自真爱的礼物（喻马可）",
            "add_time": "2023-04-27 07:05:00",
            "zjid": "1872",
            "number": "2",
            "zjl": "3255",
            "is_down": 0
        },
        {
            "img_url": "https://www.tingdao.org/Public/Images/Admin/Upload/63acaecbd939f.jpg",
            "title": "2022年12月27日 米兰教会信息：列王纪上17章（喻马可）",
            "add_time": "2022-12-29 04:58:23",
            "zjid": "1836",
            "number": "1",
            "zjl": "1346",
            "is_down": 0
        },
        {
            "img_url": "https://www.tingdao.org/Public/Images/Admin/Upload/62894efe1308f.jpg",
            "title": "2022年05-06月 巴黎温州教会：亲子讲座（喻马可）",
            "add_time": "2022-06-04 00:00:00",
            "zjid": "1745",
            "number": "5",
            "zjl": "4209",
            "is_down": 0
        },
        {
            "img_url": "https://www.tingdao.org/Public/Images/Admin/Upload/60f5052b37c89.jpg",
            "title": "福音专题：唯有耶稣（喻马可）",
            "add_time": "2021-07-19 12:52:33",
            "zjid": "1553",
            "number": "3",
            "zjl": "2328",
            "is_down": 0
        },
        {
            "img_url": "https://www.tingdao.org/Public/Images/Admin/Upload/60b3a09287cf9.jpg",
            "title": "2021年05月30日 BCTC福音布道会：从有限到永恒（喻马可）",
            "add_time": "2021-05-30 22:25:17",
            "zjid": "1517",
            "number": "1",
            "zjl": "2145",
            "is_down": 0
        },
        {
            "img_url": "https://www.tingdao.org/Public/Images/Admin/Upload/60331fb8a753d.jpg",
            "title": "2021年02月19-20日 三一主恩华人基督教会：新春福音布道会（苏朝乾，喻马可）",
            "add_time": "2021-02-22 11:06:02",
            "zjid": "1469",
            "number": "1",
            "zjl": "3842",
            "is_down": 0
        },
        {
            "img_url": "https://www.tingdao.org/Public/Images/Admin/Upload/6012544629c05.jpg",
            "title": "《马可视野》-滴水穿石（喻马可）",
            "add_time": "2021-06-21 00:00:00",
            "zjid": "1449",
            "number": "9",
            "zjl": "9774",
            "is_down": 0
        },
        {
            "img_url": "https://www.tingdao.org/Public/Images/Admin/Upload/60029b964f3e4.jpg",
            "title": "《马可视野》-坐井观天（喻马可）",
            "add_time": "2021-05-16 00:00:00",
            "zjid": "1423",
            "number": "10",
            "zjl": "7233",
            "is_down": 0
        },
        {
            "img_url": "https://www.tingdao.org/Public/Images/Admin/Upload/60029ae3de521.jpg",
            "title": "《马可视野》-默想马可福音（喻马可）",
            "add_time": "2021-07-03 00:00:00",
            "zjid": "1422",
            "number": "15",
            "zjl": "2833",
            "is_down": 0
        },
        {
            "img_url": "https://www.tingdao.org/Public/Images/Admin/Upload/5fe0a71a7303f.jpg",
            "title": "马可视野（喻马可）",
            "add_time": "2021-06-10 00:00:00",
            "zjid": "1409",
            "number": "2",
            "zjl": "1150",
            "is_down": 0
        },
        {
            "img_url": "https://www.tingdao.org/Public/Images/Admin/Upload/5f964b373779a.jpg",
            "title": "2020年10月24-25日 南素里基督教会福音布道会：赚了？还是赔了？（喻马可）",
            "add_time": "2020-10-26 11:56:00",
            "zjid": "1399",
            "number": "2",
            "zjl": "2074",
            "is_down": 0
        },
        {
            "img_url": "https://www.tingdao.org/Public/Images/Admin/Upload/15859341995e876f779330d.jpg",
            "title": "2019年10月31日-11月03日 德国纽伦堡教会福音布道会（喻马可，赵家玮）",
            "add_time": "2019-10-31 00:00:00",
            "zjid": "1197",
            "number": "8",
            "zjl": "6307",
            "is_down": 0
        },
        {
            "img_url": "http://www.tingdao.org/Public/Images/Admin/Upload/15710562265da46a62784ab.jpg",
            "title": "2016年11月04-05日 纽英伦中华基督教会信息（喻马可）",
            "add_time": "2016-11-04 00:00:00",
            "zjid": "1073",
            "number": "5",
            "zjl": "735",
            "is_down": 0
        },
        {
            "img_url": "http://www.tingdao.org/Public/Images/Admin/Upload/15709846985da352fa69040.jpg",
            "title": "2017年12月 福音大会：成瘾与脱瘾（喻马可）",
            "add_time": "2019-10-14 00:34:02",
            "zjid": "1071",
            "number": "2",
            "zjl": "27981",
            "is_down": 0
        }
    ],
    "dyzt": 0,
    "authortime": [
        {
            "add_time": "2019"
        },
        {
            "add_time": "2016"
        },
        {
            "add_time": "2020"
        },
        {
            "add_time": "2021"
        },
        {
            "add_time": "2022"
        },
        {
            "add_time": "2023"
        }
    ],
    "tags": []
}