{
    "status": 1,
    "data": [
        {
            "author": "孙国铎",
            "user_img": "http://www.tingdao.org/Public/Images/Admin/Upload/15331279655b61ad1d49043.jpg",
            "number": "52",
            "zjl": "195777",
            "lxid": "1"
        }
    ],
    "list": [
        {
            "img_url": "https://www.tingdao.org/Public/Images/Admin/Upload/6469d9148d976.jpg",
            "title": "2023年05月20-21日 BCTC退修会：照着基督（孙国铎）",
            "add_time": "2023-05-21 16:38:22",
            "zjid": "1877",
            "number": "4",
            "zjl": "7886",
            "is_down": 0
        },
        {
            "img_url": "https://www.tingdao.org/Public/Images/Admin/Upload/61ce6cb607fac.jpg",
            "title": "2021年12月30日-2022年01月02日 冬令会：“恢复”的四个重要真理（孙国铎）",
            "add_time": "2022-01-02 00:00:00",
            "zjid": "1667",
            "number": "4",
            "zjl": "4901",
            "is_down": 0
        },
        {
            "img_url": "https://www.tingdao.org/Public/Images/Admin/Upload/61bbdc8ae3db9.jpg",
            "title": "2021年 香港密集读经聚会：希伯来书（孙国铎）",
            "add_time": "2021-12-13 11:17:42",
            "zjid": "1657",
            "number": "6",
            "zjl": "5089",
            "is_down": 0
        },
        {
            "img_url": "https://www.tingdao.org/Public/Images/Admin/Upload/61b6a7aee6482.jpg",
            "title": "2020-2021年 追求成为好仆人-主阿，你是谁？（孙国铎）",
            "add_time": "2021-12-13 09:50:56",
            "zjid": "1656",
            "number": "13",
            "zjl": "3816",
            "is_down": 0
        },
        {
            "img_url": "https://www.tingdao.org/Public/Images/Admin/Upload/5ff2ea4df3f8b.jpg",
            "title": "2021年01月03-04日 温哥华基督教会信息（孙国铎）",
            "add_time": "2021-01-04 18:11:05",
            "zjid": "1417",
            "number": "2",
            "zjl": "3333",
            "is_down": 0
        },
        {
            "img_url": "http://www.tingdao.org/Public/Images/Admin/Upload/15696059485d8e493c32c83.jpg",
            "title": "2019年09月27-30日 香港密集读经聚会：约翰福音（孙国铎）",
            "add_time": "2019-09-27 01:36:07",
            "zjid": "1054",
            "number": "6",
            "zjl": "4446",
            "is_down": 0
        },
        {
            "img_url": "http://www.tingdao.org/Public/Images/Admin/Upload/15633493845d2ed188bbde7.jpg",
            "title": "神的心意（孙国铎）",
            "add_time": "2019-07-17 15:41:42",
            "zjid": "884",
            "number": "4",
            "zjl": "3854",
            "is_down": 0
        },
        {
            "img_url": "http://www.tingdao.org/Public/Images/Admin/Upload/15608084905d080c2a59bf2.jpg",
            "title": "2019年06月13-16日 双城基督徒聚会夏令会：年轻约书亚的属灵经历（孙国铎）",
            "add_time": "2019-06-13 05:51:30",
            "zjid": "865",
            "number": "6",
            "zjl": "3032",
            "is_down": 0
        },
        {
            "img_url": "http://www.tingdao.org/Public/Images/Admin/Upload/15564558115cc5a1835e8c9.jpg",
            "title": "2017年09月16-17日 列治文平安福音堂：伯大尼-神家的实际（孙国铎）",
            "add_time": "2017-09-16 00:00:00",
            "zjid": "759",
            "number": "3",
            "zjl": "1686",
            "is_down": 0
        },
        {
            "img_url": "http://www.tingdao.org/Public/Images/Admin/Upload/15560549535cbf83a9f39ce.jpg",
            "title": "2006年06月13-16日 双城基督徒聚会夏令会：人的生命不在乎家道丰富-属灵生活的追求（孙国铎）",
            "add_time": "2006-06-13 00:00:00",
            "zjid": "750",
            "number": "5",
            "zjl": "1815",
            "is_down": 0
        },
        {
            "img_url": "http://www.tingdao.org/Public/Images/Admin/Upload/15555328515cb78c33ed426.jpg",
            "title": "2018-2019年 西雅图基督的教会：圣经简介",
            "add_time": "2019-04-17 04:25:35",
            "zjid": "730",
            "number": "37",
            "zjl": "3878",
            "is_down": 0
        },
        {
            "img_url": "http://www.tingdao.org/Public/Images/Admin/Upload/15555279795cb7792be5812.jpg",
            "title": "2003-2006年：出埃及记（孙国铎）",
            "add_time": "2003-02-10 00:00:00",
            "zjid": "729",
            "number": "46",
            "zjl": "4876",
            "is_down": 0
        },
        {
            "img_url": "http://www.tingdao.org/Public/Images/Admin/Upload/15555215775cb7602932475.jpg",
            "title": "2014-2016年：创世记（孙国铎）",
            "add_time": "2014-04-11 00:00:00",
            "zjid": "728",
            "number": "65",
            "zjl": "8228",
            "is_down": 0
        },
        {
            "img_url": "http://www.tingdao.org/Public/Images/Admin/Upload/15552609035cb365e763e24.jpg",
            "title": "2008年06月12-15日 双城基督徒聚会夏令会：持守主的托负-提摩太前书（孙国铎）",
            "add_time": "2008-06-12 00:00:00",
            "zjid": "724",
            "number": "6",
            "zjl": "1055",
            "is_down": 0
        },
        {
            "img_url": "http://www.tingdao.org/Public/Images/Admin/Upload/15551567875cb1cf33b36a9.jpg",
            "title": "2018年12月07-08日：奥秘和启示（孙国铎）",
            "add_time": "2018-12-07 00:00:00",
            "zjid": "719",
            "number": "2",
            "zjl": "1169",
            "is_down": 0
        },
        {
            "img_url": "http://www.tingdao.org/Public/Images/Admin/Upload/15551446685cb19fdc15670.jpg",
            "title": "2014年03月28-30日：魂的争战（孙国铎）",
            "add_time": "2014-03-28 00:00:00",
            "zjid": "710",
            "number": "3",
            "zjl": "1948",
            "is_down": 0
        },
        {
            "img_url": "http://www.tingdao.org/Public/Images/Admin/Upload/15551435985cb19baed3071.jpg",
            "title": "2008年：做忠心的人（孙国铎）",
            "add_time": "2008-04-01 00:00:00",
            "zjid": "706",
            "number": "4",
            "zjl": "846",
            "is_down": 0
        },
        {
            "img_url": "http://www.tingdao.org/Public/Images/Admin/Upload/15550956115cb0e03b65b84.jpg",
            "title": "2014-2016年：异象看圣经中的书卷-新约圣经（孙国铎）",
            "add_time": "2014-04-26 00:00:00",
            "zjid": "700",
            "number": "24",
            "zjl": "1359",
            "is_down": 0
        },
        {
            "img_url": "https://www.tingdao.org/Public/Images/Admin/Upload/15977330975f3b78e9606e4.jpg",
            "title": "2016-2020年：全面认识十字架的意义（孙国铎）",
            "add_time": "2020-08-10 00:00:00",
            "zjid": "699",
            "number": "34",
            "zjl": "5108",
            "is_down": 0
        },
        {
            "img_url": "http://www.tingdao.org/Public/Images/Admin/Upload/15548883455cadb6998fe7d.jpg",
            "title": "2010年：在原处建造圣殿（孙国铎）",
            "add_time": "2010-04-01 00:00:00",
            "zjid": "693",
            "number": "4",
            "zjl": "857",
            "is_down": 0
        },
        {
            "img_url": "http://www.tingdao.org/Public/Images/Admin/Upload/15548879965cadb53cf149a.jpg",
            "title": "2007年：教会见证的失落和恢复（孙国铎）",
            "add_time": "2007-04-01 00:00:00",
            "zjid": "692",
            "number": "4",
            "zjl": "914",
            "is_down": 0
        },
        {
            "img_url": "http://www.tingdao.org/Public/Images/Admin/Upload/15545527105ca897862e0b3.jpg",
            "title": "2017年11月17-18日 纽瓦克基督徒聚会周末特会：站在破口上的人（孙国铎）",
            "add_time": "2017-11-17 00:00:00",
            "zjid": "680",
            "number": "2",
            "zjl": "906",
            "is_down": 0
        },
        {
            "img_url": "http://www.tingdao.org/Public/Images/Admin/Upload/15545523885ca89644e9fc0.jpg",
            "title": "2015年09月25-26日 纽瓦克基督徒聚会周末特会：从会幕看教会的意义（孙国铎）",
            "add_time": "2015-09-25 00:00:00",
            "zjid": "679",
            "number": "3",
            "zjl": "690",
            "is_down": 0
        },
        {
            "img_url": "http://www.tingdao.org/Public/Images/Admin/Upload/15548285565caccd0c324ff.jpg",
            "title": "2014年04月05-06日 纽瓦克基督徒聚会周末特会：启示录中的人子与羔羊（孙国铎）",
            "add_time": "2014-04-05 00:00:00",
            "zjid": "678",
            "number": "2",
            "zjl": "586",
            "is_down": 0
        },
        {
            "img_url": "http://www.tingdao.org/Public/Images/Admin/Upload/15545399995ca865dfdf45a.jpg",
            "title": "2012年09月28-30日 纽瓦克基督徒聚会周末特会：保罗的劝勉（孙国铎）",
            "add_time": "2012-09-28 00:00:00",
            "zjid": "677",
            "number": "3",
            "zjl": "533",
            "is_down": 0
        },
        {
            "img_url": "http://www.tingdao.org/Public/Images/Admin/Upload/15545387825ca8611e83d83.jpg",
            "title": "2010年05月14-16日 纽瓦克基督徒聚会周末特会：尼希米记（孙国铎）",
            "add_time": "2010-05-14 00:00:00",
            "zjid": "676",
            "number": "4",
            "zjl": "667",
            "is_down": 0
        },
        {
            "img_url": "http://www.tingdao.org/Public/Images/Admin/Upload/15545380495ca85e41b081e.jpg",
            "title": "2008年04月25-27日 纽瓦克基督徒聚会周末特会：向着标杆（腓立比书）（孙国铎）",
            "add_time": "2008-04-25 00:00:00",
            "zjid": "675",
            "number": "4",
            "zjl": "685",
            "is_down": 0
        },
        {
            "img_url": "http://www.tingdao.org/Public/Images/Admin/Upload/15545027095ca7d4357a02e.jpg",
            "title": "2006年03月31日-04月02日 纽瓦克基督徒聚会周末特会：事奉的启示（孙国铎）",
            "add_time": "2006-03-31 00:00:00",
            "zjid": "674",
            "number": "4",
            "zjl": "560",
            "is_down": 0
        },
        {
            "img_url": "http://www.tingdao.org/Public/Images/Admin/Upload/15533814775c96b865b3dad.jpg",
            "title": "孙国铎弟兄单独一堂讲道集",
            "add_time": "2021-05-16 00:00:00",
            "zjid": "599",
            "number": "17",
            "zjl": "3205",
            "is_down": 0
        },
        {
            "img_url": "http://www.tingdao.org/Public/Images/Admin/Upload/15523363445c86c5d86674b.jpg",
            "title": "2016年-2018年：启示录（孙国铎）",
            "add_time": "2016-07-01 00:00:00",
            "zjid": "571",
            "number": "52",
            "zjl": "35427",
            "is_down": 0
        },
        {
            "img_url": "http://www.tingdao.org/Public/Images/Admin/Upload/15523316735c86b399ba9a8.jpg",
            "title": "2003年-2005年：利未记（孙国铎）",
            "add_time": "2003-02-19 00:00:00",
            "zjid": "570",
            "number": "38",
            "zjl": "1584",
            "is_down": 0
        },
        {
            "img_url": "http://www.tingdao.org/Public/Images/Admin/Upload/15523134195c866c4be63ec.jpg",
            "title": "2001年-2003年：希伯来书（孙国铎）",
            "add_time": "2001-05-02 00:00:00",
            "zjid": "569",
            "number": "32",
            "zjl": "1971",
            "is_down": 0
        },
        {
            "img_url": "http://www.tingdao.org/Public/Images/Admin/Upload/15521443155c83d7bbbb44a.jpg",
            "title": "2006-2007年：以弗所书（孙国铎）",
            "add_time": "2006-03-04 00:00:00",
            "zjid": "568",
            "number": "18",
            "zjl": "4265",
            "is_down": 0
        },
        {
            "img_url": "http://www.tingdao.org/Public/Images/Admin/Upload/15518154795c7ed337db53a.jpg",
            "title": "2016年07月17-21日 香港青年特别聚会：跟随祂的脚踪行 满有基督长成的身量（孙国铎 柏盛享）",
            "add_time": "2016-07-17 00:00:00",
            "zjid": "557",
            "number": "8",
            "zjl": "7040",
            "is_down": 0
        },
        {
            "img_url": "http://www.tingdao.org/Public/Images/Admin/Upload/15518139145c7ecd1a898e9.jpg",
            "title": "2013年02月14-16日 香港合家信息特别聚会：从路得记看神永远不改变得旨意（孙国铎）",
            "add_time": "2013-02-14 00:00:00",
            "zjid": "556",
            "number": "4",
            "zjl": "4180",
            "is_down": 0
        },
        {
            "img_url": "http://www.tingdao.org/Public/Images/Admin/Upload/15513947375c7867b1bdff4.jpg",
            "title": "2010年08月08-12日 香港青年特别聚会（孙国铎，于宏洁）",
            "add_time": "2010-08-08 00:00:00",
            "zjid": "547",
            "number": "11",
            "zjl": "3392",
            "is_down": 0
        },
        {
            "img_url": "http://www.tingdao.org/Public/Images/Admin/Upload/15515334455c7a858577a7b.jpg",
            "title": "2009年 香港青年特会：持定永生，打美好的仗，成为扭转局面的器皿（孙国铎 于宏洁）",
            "add_time": "2009-08-09 00:00:00",
            "zjid": "546",
            "number": "11",
            "zjl": "2660",
            "is_down": 0
        },
        {
            "img_url": "http://www.tingdao.org/Public/Images/Admin/Upload/15513050425c7709527b250.jpg",
            "title": "2008年07月12-20日 香港青年特别聚会：蒙召的生活，不妥协的使命（孙国铎，于宏洁）",
            "add_time": "2008-07-12 00:00:00",
            "zjid": "543",
            "number": "17",
            "zjl": "1984",
            "is_down": 0
        },
        {
            "img_url": "http://www.tingdao.org/Public/Images/Admin/Upload/15512776685c769e64f1441.jpg",
            "title": "2007年08月02-06日 香港青年特别聚会：奔那摆在我们前头的路程，进入神永远旨意的道路和经历（",
            "add_time": "2007-08-02 00:00:00",
            "zjid": "542",
            "number": "11",
            "zjl": "2204",
            "is_down": 0
        },
        {
            "img_url": "http://www.tingdao.org/Public/Images/Admin/Upload/15504125115c696adfec1f5.jpg",
            "title": "2019年02月08-10日 满庭芳春节特会：如何预备主的再来（孙国铎，唐丽川，吴振蓉）",
            "add_time": "2019-02-08 22:06:52",
            "zjid": "501",
            "number": "8",
            "zjl": "3936",
            "is_down": 0
        },
        {
            "img_url": "http://www.tingdao.org/Public/Images/Admin/Upload/15451606615c1947d5cd5c1.jpg",
            "title": "2015年05月30-31日 纽约基督徒证主教会：从启示录看耶稣基督的启示（孙国铎）",
            "add_time": "2015-05-30 00:00:00",
            "zjid": "467",
            "number": "2",
            "zjl": "3543",
            "is_down": 0
        },
        {
            "img_url": "http://www.tingdao.org/Public/Images/Admin/Upload/15436180265c01bdeaae1a2.jpg",
            "title": "2014年 香港青年特别聚会：唯你永不改变（孙国铎，高秉衡，郭定强）",
            "add_time": "2014-08-03 00:00:00",
            "zjid": "436",
            "number": "10",
            "zjl": "1464",
            "is_down": 0
        },
        {
            "img_url": "http://www.tingdao.org/Public/Images/Admin/Upload/15410794175bdb01793a859.jpg",
            "title": "2018年10月26-28日 德国杜塞尔多夫教会：神复兴工作中的三个重要原则（孙国铎）",
            "add_time": "2018-10-26 00:00:00",
            "zjid": "405",
            "number": "3",
            "zjl": "905",
            "is_down": 0
        },
        {
            "img_url": "http://www.tingdao.org/Public/Images/Admin/Upload/15403806485bd057e86ba69.jpg",
            "title": "2006年07月15-20日 香港青年特别聚会（孙国铎，于宏洁）",
            "add_time": "2006-07-15 00:00:00",
            "zjid": "395",
            "number": "15",
            "zjl": "1894",
            "is_down": 0
        },
        {
            "img_url": "http://www.tingdao.org/Public/Images/Admin/Upload/15608099495d0811dd2cbe3.jpg",
            "title": "2015年08月02-06日 香港青年特别聚会：站立得稳，愿你吸引我（孙国铎）",
            "add_time": "2015-08-02 00:00:00",
            "zjid": "389",
            "number": "12",
            "zjl": "2567",
            "is_down": 0
        },
        {
            "img_url": "http://www.tingdao.org/Public/Images/Admin/Upload/15397966355bc76e9b2cc76.jpg",
            "title": "2015年02月19日 香港基督徒聚会所特别聚会：新人的事奉（孙国铎）",
            "add_time": "2015-02-19 00:00:00",
            "zjid": "383",
            "number": "4",
            "zjl": "2216",
            "is_down": 0
        },
        {
            "img_url": "http://www.tingdao.org/Public/Images/Admin/Upload/15372119435b9ffe27911ca.jpg",
            "title": "2017年12月29-31日圣布鲁诺教会冬令营信息（孙国铎）",
            "add_time": "2017-12-29 00:00:00",
            "zjid": "311",
            "number": "3",
            "zjl": "545",
            "is_down": 0
        },
        {
            "img_url": "http://www.tingdao.org/Public/Images/Admin/Upload/15366879385b97ff42a4f83.jpg",
            "title": "2015年：米斯巴大复兴（孙国铎）",
            "add_time": "2015-09-01 00:00:00",
            "zjid": "290",
            "number": "7",
            "zjl": "712",
            "is_down": 0
        },
        {
            "img_url": "http://www.tingdao.org/Public/Images/Admin/Upload/15366877715b97fe9b10f21.jpg",
            "title": "2015年：荒凉世代中的得胜者（孙国铎）",
            "add_time": "2015-09-01 00:00:00",
            "zjid": "289",
            "number": "6",
            "zjl": "2979",
            "is_down": 0
        },
        {
            "img_url": "http://www.tingdao.org/Public/Images/Admin/Upload/15331279765b61ad2896883.jpg",
            "title": "孙国铎弟兄生命系列讲道集",
            "add_time": "2018-08-01 20:53:03",
            "zjid": "31",
            "number": "8",
            "zjl": "8250",
            "is_down": 0
        },
        {
            "img_url": "http://www.tingdao.org/Public/Images/Admin/Upload/15366874245b97fd40a2b37.jpg",
            "title": "2016年10月青年聚会：创造与恢复-创世纪略解（孙国铎）",
            "add_time": "2016-10-01 00:00:00",
            "zjid": "288",
            "number": "8",
            "zjl": "1061",
            "is_down": 0
        },
        {
            "img_url": "http://www.tingdao.org/Public/Images/Admin/Upload/15331623305b62335a9249c.jpg",
            "title": "孙国铎弟兄生活系列讲道集",
            "add_time": "2018-08-02 06:25:33",
            "zjid": "32",
            "number": "37",
            "zjl": "23070",
            "is_down": 0
        }
    ],
    "dyzt": 0,
    "authortime": [
        {
            "add_time": "2018"
        },
        {
            "add_time": "2016"
        },
        {
            "add_time": "2015"
        },
        {
            "add_time": "2017"
        },
        {
            "add_time": "2006"
        },
        {
            "add_time": "2014"
        },
        {
            "add_time": "2019"
        },
        {
            "add_time": "2007"
        },
        {
            "add_time": "2008"
        },
        {
            "add_time": "2009"
        },
        {
            "add_time": "2010"
        },
        {
            "add_time": "2013"
        },
        {
            "add_time": "2001"
        },
        {
            "add_time": "2003"
        },
        {
            "add_time": "2021"
        },
        {
            "add_time": "2012"
        },
        {
            "add_time": "2020"
        },
        {
            "add_time": "2022"
        },
        {
            "add_time": "2023"
        }
    ],
    "tags": [
        {
            "title": "圣经经卷详解",
            "id": "5"
        },
        {
            "title": "单独一堂讲道系列",
            "id": "6"
        }
    ]
}