{
    "status": 1,
    "data": [
        {
            "author": "刘王爱君",
            "user_img": "http://www.tingdao.org/Public/Images/Admin/Upload/15336665885b69e51c955fd.jpg",
            "number": "14",
            "zjl": "43095",
            "lxid": "1"
        }
    ],
    "list": [
        {
            "img_url": "https://www.tingdao.org/Public/Images/Admin/Upload/65bac8ff1ad9a.jpg",
            "title": "2023年12月31日 悉尼基督徒聚会处：建立家室（刘王爱君）",
            "add_time": "2024-02-01 06:25:35",
            "zjid": "1936",
            "number": "1",
            "zjl": "3433",
            "is_down": 0
        },
        {
            "img_url": "https://www.tingdao.org/Public/Images/Admin/Upload/63ae91b83d129.jpg",
            "title": "2022年12月25日 新加坡威基台基督徒聚会所：女人也可以活得很快乐（刘王爱君）",
            "add_time": "2022-12-30 15:22:02",
            "zjid": "1837",
            "number": "1",
            "zjl": "3736",
            "is_down": 0
        },
        {
            "img_url": "https://www.tingdao.org/Public/Images/Admin/Upload/625bbb5028de7.jpg",
            "title": "2022年04月16日 温哥华基督教会：别听信谎言（刘王爱君）",
            "add_time": "2022-04-17 15:01:06",
            "zjid": "1724",
            "number": "1",
            "zjl": "4683",
            "is_down": 0
        },
        {
            "img_url": "https://www.tingdao.org/Public/Images/Admin/Upload/610e8afb16ff5.jpg",
            "title": "2021年08月07日 联合特会：我是谁？（刘王爱君）",
            "add_time": "2021-08-07 21:24:58",
            "zjid": "1578",
            "number": "1",
            "zjl": "3782",
            "is_down": 0
        },
        {
            "img_url": "https://www.tingdao.org/Public/Images/Admin/Upload/60946f3b55a1a.jpg",
            "title": "2021年05月06日 罗马东区福音团契母亲节特会：哈拿的侍奉（刘王爱君）",
            "add_time": "2021-05-07 06:34:51",
            "zjid": "1502",
            "number": "1",
            "zjl": "3882",
            "is_down": 0
        },
        {
            "img_url": "http://www.tingdao.org/Public/Images/Admin/Upload/15362583485b91712c100b2.jpg",
            "title": "主的爱（刘王爱君）",
            "add_time": "2008-10-18 00:00:00",
            "zjid": "264",
            "number": "2",
            "zjl": "3464",
            "is_down": 0
        },
        {
            "img_url": "http://www.tingdao.org/Public/Images/Admin/Upload/15347902485b7b0a68f3b88.jpg",
            "title": "婚姻与家庭（刘志雄夫妇）",
            "add_time": "2018-08-21 02:36:39",
            "zjid": "213",
            "number": "4",
            "zjl": "4513",
            "is_down": 0
        },
        {
            "img_url": "http://www.tingdao.org/Public/Images/Admin/Upload/15347846345b7af47a7d6e5.jpg",
            "title": "才德的妇人（刘王爱君）",
            "add_time": "2018-08-21 01:03:07",
            "zjid": "203",
            "number": "2",
            "zjl": "3002",
            "is_down": 0
        },
        {
            "img_url": "http://www.tingdao.org/Public/Images/Admin/Upload/15347835685b7af0507f317.jpg",
            "title": "2017年感恩节聚会：做女人的艺术（刘王爱君）",
            "add_time": "2017-11-25 00:00:00",
            "zjid": "202",
            "number": "2",
            "zjl": "2236",
            "is_down": 0
        },
        {
            "img_url": "http://www.tingdao.org/Public/Images/Admin/Upload/15345369065b772ccad14c7.jpg",
            "title": "2017年04月14日温哥华福音营：家家有本难念的经（刘王爱君）",
            "add_time": "2017-04-14 00:00:00",
            "zjid": "181",
            "number": "2",
            "zjl": "2075",
            "is_down": 0
        },
        {
            "img_url": "http://www.tingdao.org/Public/Images/Admin/Upload/15345268715b770597a5d39.jpg",
            "title": "2016姊妹营：做个快乐的女人（刘志雄长老和师母）",
            "add_time": "2016-08-01 00:00:00",
            "zjid": "174",
            "number": "7",
            "zjl": "2885",
            "is_down": 0
        },
        {
            "img_url": "http://www.tingdao.org/Public/Images/Admin/Upload/15344889445b767170c80d1.jpg",
            "title": "2016年03月25日 温哥华福音营：专题 圣经中的家庭观（刘王爱君）",
            "add_time": "2016-03-25 00:00:00",
            "zjid": "166",
            "number": "2",
            "zjl": "1601",
            "is_down": 0
        },
        {
            "img_url": "http://www.tingdao.org/Public/Images/Admin/Upload/15560217135cbf01d17c017.jpg",
            "title": "刘王爱君姐妹单独一堂讲道集",
            "add_time": "2019-04-23 20:14:01",
            "zjid": "745",
            "number": "1",
            "zjl": "1141",
            "is_down": 0
        },
        {
            "img_url": "http://www.tingdao.org/Public/Images/Admin/Upload/15336667625b69e5ca3bcf7.jpg",
            "title": "2018年温哥华福音营：快乐的秘诀（刘王爱君）",
            "add_time": "2018-08-08 02:27:26",
            "zjid": "60",
            "number": "2",
            "zjl": "2662",
            "is_down": 0
        }
    ],
    "dyzt": 0,
    "authortime": [
        {
            "add_time": "2018"
        },
        {
            "add_time": "2016"
        },
        {
            "add_time": "2017"
        },
        {
            "add_time": "2008"
        },
        {
            "add_time": "2019"
        },
        {
            "add_time": "2021"
        },
        {
            "add_time": "2022"
        },
        {
            "add_time": "2024"
        }
    ],
    "tags": [
        {
            "title": "单独一堂讲道系列",
            "id": "6"
        }
    ]
}